پ,Eng Name,Ar Name
1,`Abbās b. Abī Bakr,عباس بن أبي بكر
2,`Abbās b. Muḥammad Aknan,عباس بن محمد اكنن
3,`Abbās b. Muḥammad b. al-Sīdi,عباس بن محمد بن السيد
4,`Abd `Allāh b. Muḥammad Qadārada,عبد الله بن محمد قداردة
5,`Abd ... b. `Alī Yūsuf al-Fāsī,عبد ... بن علي يوسف الفاسي
6,`Abd al-`Alī b. `Abd al-Mālik b. `Umar al-Qurashī al-Butiji,عبد العالي بن عبد الملك بن عمر القرشي البوتيجي
7,`Abd al-`Azīz al-Dīrīnī,عبد العزيز الديريني‏ ‬
8,`Abd al-`Azīz b. `Abd al-Salām al-Salamī,عبد العزيز بن عبد السلام السلمي
11,`Abd al-`Azīz b. `Abd al-Waḥīd al-Lamaṭī al-Miknasī,عبد العزيز بن عبد الوحيد اللمطي المكنسي
13,`Abd al-`Azīz b. Aḥmad b. Sa`īd al-Dīrīnī al-Damīrī,عبد العزيز بن أحمد بن سعيد الديرني الدميري
14,`Abd al-`Azīz b. al-Ḥasan al-Zayyātī,عبد العزيز بن الحسن الزياتي
16,`Abd al-`Azīz b. al-Zayn,عبد العزيز بن الزين
17,`Abd al-`Azīz b. Ibrāhīm,عبد العزيز بن إبراهيم
18,`Abd al-`Azīz b. Muḥammad b. `Alī b. Ibrāhīm b. Aḥmad al-Sūqī al-Jabihī,عبد العزيز بن محمد بن عالي بن إبراهيم بن أحمد السوقي الجبهي
19,`Abd al-`Azīz b. Muḥammad Khalīl,عبد العزيز محمد خليل
21,`Abd al-Bāqī b. al-Amīn b. `Abd ad-Dā'im ad-Daymānī,عبد الباقي بن الأمين بن عبد الدائم الديماني
23,`Abd al-Bāqi b. Yusuf al-Zurqānī,عبد الباقي بن يوسف الزرقاني
24,`Abd al-Bārī al-Rifā`ī al-`Ashmāwī,عبد الباري الرفاعي العشماوي
26,`Abd al-Bāsiṭ b. Khalīl b. Shāhīn al-Ḥanafī,عبد الباسط بن خليل بن شاهين الحنفي
27,`Abd al-Dā'im b. Aḥmad Abī al-Ma`ālī al-Tāggāṭī,عبد الدائم بن أحمد أبي المعالي التاكاطي
28,`Abd al-Fattāḥ b. Sīdī Muḥammad b. `Abd al-Fattāḥ b. aṭ-Ṭālib Ā`lī al-Barakī at-Turkuzī,عبد الفتاح بن سيد محمد بن عبد الفتاح بن الطالب اعلي البركي التركزي
29,`Abd al-Ghānī b. Ismā`īl al-Nāblusī,عبد الغني بن إسماعيل النابلسي
30,`Abd al-Ghānī b. Ismā`īl al-Shāmī,عبد الغني بن إسماعيل الشامي
31,`Abd al-Ḥāfiẓ b. Ibrāhīm b. `Abd al-Wahhāb b. `Alī al-Ma`alūṭī,عبد الحافظ بن إبراهيم بن عبد الوهاب بن علي‏ ‬المعلوطي
32,`Abd al-Ḥamīd,عبد الحميد
33,`Abd al-Ḥamīd b. `Abd al-Majīd,عبد الحميد بن عبد المجيد
34,`Abd al-Ḥamīd b. Abī Bakr,عبد الحميد بن أبي بكر
35,`Abd al-Ḥamīd b. Bādīs al-Jazā'irī,عبد الحميد بن باديس الجزائري
36,`Abd al-Ḥaqq b. `Abd al-Raḥmān al-Azdī,عبد الحق بن عبد الرحمان الأزدي
37,`Abd al-Ḥaqq b. `Abd Allāh al-Makkī,عبد الحق بن عبد الله المكي
38,`Abd al-Ḥaqq b. `Alī al-Ḥaysūbī,عبد الحق بن علي الحيسوبي
39,`Abd al-Ḥaqq b. `Alī al-Maqqraī,عبد الحق بن علي المقري
40,`Abd al-Ḥayy b. aṭ-Ṭālib al-Intābī,عبد الحي بن الطالب الإنتابي
41,`Abd al-Jalīl b. Muḥammad b. Aḥmad al-Marādī al-Qayrawānī,عبد الجليل بن محمد بن احمد المرادي‏ ‬القيرواني‏
43,`Abd al-Kabīr b. `Abd al-Majīd,عبد الكبير بن عبد المجيد
44,`Abd al-Kāfī,عبد الكافي
45,`Abd al-Karīm b. Aḥmadhayyā al-Ḥasanī,عبد الكريم بن أحمذيا الحسني
46,`Abd al-Karīm b. al-`Arabī Banīs al-Fāsī,عبد الكريم بن العربي بنيس الفاسي
47,`Abd al-Karīm b. al-Ḥusaynī,عبد الكريم بن الحسيني
48,`Abd al-Karīm b. Hawāzin al-Qushayrī,عبد الكريم بن هوازن القشيري
49,`Abd al-Karīm b. Ibrāhīm al-Jayalī,عبد الكريم بن إبراهيم الجيلي
50,`Abd al-Karīm b. Ibrāhīm b. `Abd al-Karīm al-Kaylānī,عبد الكريم بن إبراهيم بن عبد الكريم الكيلاني
52,`Abd al-Karīm b. Muḥammad b. Muḥammad,عبد الكريم بن محمد بن محمد
53,`Abd al-Laṭīf,عبد اللطيف‏ ‬
54,`Abd al-Laṭīf b. `Abd al-`Azīz b. Mālik al-Karmānī,عبد اللطيف بن عبد العزيز بن مالك الكرماني‏ ‬كرماني‏
55,`Abd al-Laṭif b. Aḥmad al-Buqā`ī,عبد اللطيف بن أحمد البقاعي
56,`Abd al-Majīd `Alī Ḥādim Āl,عبد المجيد علي حادم آل
57,`Abd al-Majīd b. `Alī,عبد المجيد بن علي
59,`Abd al-Majīd b. Ibrāhīm al-Azharī al-Sharnūbī,عبد المجيد بن إبراهيم الأزهري الشرنوبي
60,`Abd al-Majīd b. Naṣūḥ al-Rūmī,عبد المجيد بن نصوح الرومي‏
61,`Abd al-Mālik al-Walātī,عبد المالك الولاتي
62,`Abd al-Malik b. `Abd Allāh al-Jūwaynī,عبد الملك بن عبد الله الجويني
63,`Abd al-Mālik b. al-Imām b. Aḥmad b. Ashfagha [Atshfagha] al-Ābbayrī,عبد المالك بن إمام بن أحمد بن أشفغ الأبييري
64,`Abd al-Mālik b. al-Kardabūs al-Tawzarī,عبد المالك بن الكردبوس التوزري
67,`Abd al-Mālik b. Badrūn al-Ḥaḍramī al-Shiblī,عبد المالك بن بدرون الحضرمي الشبلي
68,`Abd al-Mālik b. Firshī,عبد المالك بن فرشي
69,`Abd al-Mālik b. Muḥammad b. Ismā`īl al-Tha`ālibī,عبد الملك بن محمد بن إسماعيل الثعالبي
70,`Abd al-Mu`ṭī b. al-Burlusī,عبد المعطي البرلسي
71,`Abd al-Mu`ṭī b. Sālim b. `Umar al-Shabalī al-Simlālī,عبد المعطي بن سالم بن عمر الشبلي السملالي
74,`Abd al-Qādir `Alī b. Yūsuf,عبد القادر علي بن يوسف
75,`Abd al-Qādir Afundī,عبد القادر أفندي
76,`Abd al-Qādir al-Ḥamzāwī,عبد القادر الحمزاوي
78,`Abd al-Qādir al-Makkī,عبد القادر المكي
79,`Abd al-Qādir b. `Abd al-Karīm al-Wardīghī al-Khayrānī al-Shafshāwnī,عبد القادر بن عبد الكريم الورديغي الخيراني الشفشاوني
80,`Abd al-Qādir b. `Abd Allāh b. Muḥammad b. Muḥammad Sālim al-Majlisī,عبد القادر بن عبد الله بن محمد بن محمد سالم المجلسي
81,`Abd al-Qādir b. `Abd Allāh b. Mūsa al-Jilānī,عبد القادر بن عبد الله بن موسي الجيلاني
82,`Abd al-Qādir b. `Alī al-Fāsī,عبد القادر بن علي الفاسي
84,`Abd al-Qādir b. `Alī al-Nufāwī al-Zakzakī,عبد القادر بن علي النفاوي الزكزكي
86,`Abd al-Qādir b. `Uthmān b. Abī Bakr,عبد القادر بن عثمان بن ابي بكر
88,`Abd al-Qādir b. `Uthmān b. Muḥammad al-Fūdī,عبد القادر بن عثمان بن محمد الفودي
89,`Abd al-Qādir b. al-`Alām Ghidādu al-Ḥawsī,عبد القادر بن العالم قداد الحوسي
90,`Abd al-Qādir b. Muḥammad al-Amīn al-Kumlaylī,عبد القادر بن محمد الأمين الكمليلي
91,`Abd al-Qādir b. al-Imām,عبد القادر بن الإمام
95,`Abd al-Qādir b. al-Muṣṭafa al-Ṭūrūdī,عبد القادر بن المصطفي الطورودي
96,`Abd al-Qādir b. Mashaṭ b. Muḥammad al-Bukhārī, عبد القادر بن مشط بن محمد البخاري
97,`Abd al-Qādir b. Muḥammad,عبدالقادر بن محمد
98,`Abd al-Qādir b. Muḥammad al-`Umarī al-Tūwātī,عبد القادر بن محمد العمري التواتي
99,`Abd al-Qādir b. Muḥammad al-Bukhārī b. Aḥmad,عبد القادر بن محمد البخاري بن أحمد
100,`Abd al-Qādir b. Muḥammad al-Muṣṭafa,عبد القادر بن محمد المصطفي
101,`Abd al-Qādir b. Muḥammad al-Sanūsī b. Aḥmad Zanag al-Amīn b. al-Ṣāliḥ al-Ḥasanī,عبد القادر بن محمد السنوسي بن أحمد زنك الأمين بن الصالح الحسني
102,`Abd al-Qādir b. Muḥammad al-Sijilmāsī al-Ḥasanī,عبد القادر بن محمد السجلماسي الحسني
103,`Abd al-Qādir b. Muḥammad Zayn al-Ghallāwī,عبد القادر بن محمد زين الغلاوي
104,`Abd al-Qādir b. Muḥammad b. `Abd al-Qādir b. al-Amīn al-Kumlaylī,عبد القادر بن محمد بن عبد القادر بن الأمين الكمليلي
105,`Abd al-Qādir b. Muḥammad b. Muḥammad Sālim al-Majlisī,عبد القادر بن محمد بن محمد سالم المجلسي
107,`Abd al-Qādir b. Muḥammad Bello,عبد القادر بن محمد بللو
108,`Abd al-Qādir b. Mūsa al-Jawānī,عبد القادر بن موسي الجواني
109,`Abd al-Qādir b. Mūsa al-Sūqī,عبد القادر بن موسي السوقي
110,`Abd al-Qādir b. Sa`īd and Abī Bakr b. Mūdī and `Abd al-Raḥmān b. Muḥammad,عبد القادر بن سعيد وأبي بكر بن مودي وعبد الرحمان بن محمد
111,`Abd al-Qādir b. Sa`īd and Abī Bakr b. Mūdī and others with them,عبد القادر بن سعيد وأبي بكر بن مودي ومعهم
112,`Abd al-Qādir b. Tafā,عبد القادر بن تفا
114,`Abd al-Qahir b. `Abd al-Raḥmān al-Jurjānī,عبد القاهربن عبد الرحمان الجرجاني
115,`Abd al-Qasir b. Muṣṭafa,عبد القادر بن مصطفي
116,`Abd al-Quddūs al-Khālidī,عبد القدوس الخالدي
118,`Abd al-Ra'ūf Tāj al-`Ārafīn b. `Alī al-Munāwī,عبد الرؤوف تاج العارفين بن علي‏ ‬المناوي‏
120,`Abd al-Raḥīm,عبد الرحيم
121,`Abd al-Raḥīm al-Bura`ī,عبد الرحيم البرعي
122,`Abd al-Raḥīm al-Lakhmī,عبد الرحيم اللخمي
125,`Abd al-Raḥīm b. `Abd al-Rahman al-`Abāssī al-Qāhirī,عبد الرحيم بن عبد الرحمن العباسي‏ القاهري
126,`Abd al-Raḥīm b. `Umar b. Abī Bakr al-Jawbarī,عبد الرحيم بن عمر بن‏ ‬ابي‏ ‬بكر الجَوْبَري
129,`Abd al-Raḥīm b. al-Ḥusayn al-`Irāqī, عبد الرحيم بن الحسين العراقي 
133,`Abd al-Raḥmān,عبد الرحمان ‬
135,`Abd al-Raḥmān al-Jawzī,عبد الرحمان الجوزي
136,`Abd al-Raḥmān al-Jurjānī,عبد الرحمان الجرجاني
137,`Abd al-Raḥmān al-Khalīfa b. Aḥmad Ṭālib b. Jiddū (?),عبد الرمان الخليفة بن أحمد طلب بن جدو (?)
138,`Abd al-Raḥmān al-Raqa`ī al-Fāsī,عبد الرحمان الرقعي الفاسي
139,`Abd al-Raḥmān b. `Abd al-Majīd al-Wasīṭī,عبد الرحمان بن عبد المجيد الوسيطي
140,`Abd al-Raḥmān b. `Abd al-Qādir al-Fāsī,عبد الرحمان بن عبد القادر الفاسي
141,`Abd al-Raḥmān b. `Abd al-Salām b. `Abd al-Raḥmān al-Ṣaffūrī,عبد الرحمان بن عبد السلام بن عبد الرحمان الصفوري
142,`Abd al-Raḥmān b. `Abd Allāh al-Sa`dī,عبد الرحمان بن عبد الله السعدي
144,`Abd al-Raḥmān b. `Abd Allāh al-Sahīlī,عبد الرحمان بن عبد الله السهيلي‏
145,`Abd al-Raḥmān b. `Abd Allāh al-Turkī al-Miṣrī al-Zarkashī,عبد الرحمان بن عبد الله التركي المصري الزركشي
146,`Abd al-Raḥmān b. `Abd Allāh b. Aḥmad al-Khash`amī al-Saḥilī,عبد الرحمان بن عبد الله بن أحمد الخشعمي الساحلي
147,`Abd al-Raḥmān b. `Abd Allāh b. Aḥmad al-Suhaylī,عبد الرحمان بن عبد الله بن أحمد السهيلي
148,`Abd al-Raḥmān b. `Affān al-Jazūlī,عبد الرحمان بن عفان الجزولي
149,`Abd al-Raḥmān b. `Alī b. Aḥmad al-Qurashī al-Yāfi`ī,عبد الرحمان بن علي بن أحمد القرشي اليافعي
150,`Abd al-Raḥmān b. `Alī b. Muḥammad b. al-Jawzī,عبد الرحمان بن علي بن محمد بن الجوزي
151,`Abd al-Raḥmān b. `Umar al-Jazūlī al-Sūsī,عبد الرحمان بن عمر الجزولي السوسي
152,`Abd al-Raḥmān b. `Umar al-Tūwātī,عبد الرحمان بن عمر التواتي
153,`Abd al-Raḥmān b. 'Ubb `Alal,عبد الرحمان بن أب علل
157,`Abd al-Raḥmān b. Abī  Bakr al-Suyūṭī,عبد الرحمان بن أبي بكر السيوطي
159,`Abd al-Raḥmān b. Abī Qāsim b. al-Qāḍī al-Fāsī,عبد الرحمان بن أبي القاسم بن القاضي الفاسي
160,`Abd al-Raḥmān b. Af (?),عبد الرحمان بن أف (?)
161,`Abd al-Raḥmān b. Aḥmad al-`Ibādī al-Miṣrī,عبد الرحمان بن أحمد العبادي المصري
162,`Abd al-Raḥmān b. Aḥmad al-Waghlisī,عبد الرحمان بن أحمد الوغليسي
164,`Abd al-Raḥmān b. Aḥmad b. Muḥammad al-`Ayyāshī,عبد الرحمان بن أحمد بن محمد العياشي
165,`Abd al-Raḥmān b. al-Imām,عبد الرحمان بن الإمام
166,`Abd al-Raḥmān b. al-Imām Abī Bakr al-Arkazī,عبد الرحمان بن الإمام أبي بكر الأركزي
167,`Abd al-Raḥmān b. al-Ṭālib,عبد الرحمان بن الطالب
168,`Abd al-Raḥmān b. al-Ṭālib Sīdi Aḥmad al-Kuntī,عبد الرحمان بن الطالب سيد أحمد الكنتي
169,Anbūyā (`Abd ar-Raḥmān) b. Bāba Aḥmad b. Muḥammad b. aṭ-Ṭālib `Abd ar-Raḥmān b. Muḥammad b. Aḥmad al-Wālī al-Maḥjūbī,انبويا (عبد الرحمن) بن بابه أحمد بن محمد بن الطالب عبد الرحمن بن محمد بن أحمد الولي المحجوبي:
171,`Abd ar-Raḥmān b. Ballāl al-Ajmallī,عبد الرحمن بن بَلال الأجملي
172,`Abd al-Raḥmān b. Ḥamād b. `Umar,عبد الرحمان بن حماد بن عمر
173,`Abd al-Raḥmān b. Ḥamma al-Jakanī,عبد الرحمان بن حم الجكني
174,`Abd al-Raḥmān b. Isḥāq al-Zajjājī al-Naḥwī,عبد الرحمان بن إسحاق الزجاجي النحوي
175,`Abd al-Raḥmān b. Ismā`īl,عبد الرحمان بن إسماعيل
177,`Abd al-Raḥmān b. Ismā`īl b. al-Imām Muḥammad Gūrdu al-Ghallāwī,عبد الرحمان بن إسماعيل بن الإمام محمد كورد الغلاوي
178,`Abd al-Raḥmān b. Khalīl,عبدالرحمان بن خليل
179,`Abd al-Raḥmān b. Maḥmūd,عبد الرحمان بن محمود
180,`Abd al-Raḥmān b. Muḥammad,عبد الرحمان بن محمد
184,`Abd al-Raḥmān b. Muḥammad al-Akhdarī al-Tha`ālbī al-Jazā'irī,عبد الرحمان بن محمد الأخضري الثعالبي الجزائري
186,`Abd ar-Raḥmān b. Muḥammad al-Amīn b. aṭ-Ṭālib Sīdi Aḥmad al-Ghallāwī,عبد الرحمان بن محمد الأمين بن الطالب سيد أحمد الغلاوي
187,`Abd al-Raḥmān b. Muḥammad al-Amīn b. al-Ṭālib Sīdi Aḥmad al-Ghallāwī and Ibn Sālim al-Walātī,عبد الرحمان بن محمد الأمين بن الطالب سيد أحمد الغلاوي وإبن سليمة الولاتي
188,`Abd al-Rahman b. Muḥammad al-Anbārī,عبد الرحمان بن محمد الأنباري
190,`Abd al-Raḥmān b. Muḥammad al-Ḥaramī,عبد الرحمان بن محمد الحرمي
191,`Abd al-Raḥmān b. Muḥammad al-Naḥrāwī,عبد الرحمان بن محمد النحراوي‏
193,`Abd al-Rahman b. Muḥammad al-Sanūsī b. Yūsuf al-Barnāwī, عبد الرحمن بن محمد السنوسي بن يوسف البرناوي
194,`Abd al-Raḥmān b. Muḥammad al-Shahāwī al-Sa`ūdī,عبد الرحمان بن محمد الشهاوي السعودي
195,`Abd al-Raḥmān b. Muḥammad al-Tājurī,عبد الرحمان بن محمد التاجوري‏ ‬
196,`Abd al-Raḥmān b. Muḥammad al-Talmūdī al-Jazūlī,عبد الرحمان بن محمد التلمودي الجزولي
197,`Abd al-Rahman b. Muḥammad al-Wangharī, عبد الرحمن بن محمد الونغري
198,`Abd al-Raḥmān b. Muḥammad b. `Abd al-Raḥmān,عبد الرحمان بن محمد بن عبد الرحمان
200,`Abd al-Rahman b. Muḥammad b. `Abd al-Rahman b. `Askar al-Baghdādī, عبد الرحمن بن محمد بن عبد الرحمن بن عسكر البغدادي
201,`Abd al-Raḥmān b. Muḥammad b. `Alī al-Bisṭāmī,عبد الرحمان بن محمد بن علي البسطامي
202,`Abd al-Raḥmān b. Muḥammad b. Aḥmad al-Tājūrī,عبد الرحمان بن محمد بن أحمد التاجوري
203,`Abd al-Raḥmān b. Muḥammad b. al-Qāḍirī,عبد الرحمان بن محمد بن القاضي
204,`Abd ar-Raḥmān b. Muḥammad `Abd Allāh b. Aḥmad al-`Awayd al-Maḥjūbī,عبد الرحمن بن محمد عبد الله بن أحمد العويد المحجوبي
205,`Abd al-Raḥman b. Muḥammad b. Makhlūf al-Tha`ālibī,عبد الرحمان بن محمد بن مخلوف الثعالبي‏
206,`Abd al-Raḥman b. Muḥammad b. Mas`ūd b. `Umar b. Mūsa al-Fārsī,عبد الرحمان بن محمد بن مسعود بن عمر بن موسى الفارسي
207,`Abd al-Raḥmān b. Muḥammad Maḥmūd,عبد الرحمان بن محمد محمود
208,`Abd al-Raḥmān b. Muḥammad Sanūsī b. Yūsuf,عبدالرحمان بن محمد سنوسي بن يوسف
209,`Abd ar-Raḥmān b. Muḥummadhun Fāl [Ṿāl] b. Muttālī at-Tandaghī,عبد الرحمن بن محمذن فال بن متالي التندغي
210,`Abd al-Raḥmān b. Mūlāy Aḥmad b. Mūlāy al-Bashīr,عبد الرحمان بن مولاي أحمد بن مولاي البشير
211,`Abd al-Raḥmān b. Naṣr al-Shīrāzī,عبد الرحمان بن نصر الشيرازي
212,`Abd al-Raḥmān b. Rajab,عبد الرحمان بن رجب
213,`Abd al-Raḥmān b. Salām al-Ghafārī,عبد الرحمان بن سلام الغفاري
214,`Abd al-Raḥmān b. Sīdi Bukār b. Ḥayd al-Jīrī,عبد الرحمان بن سيد بكار بن حيد الجيري
215,`Abd al-Raḥmān b. Sidīd al-Anṣārī al-Kallādī (al-Gallādī),عبد الرحمان بن سديد الأنصاري الكلادي
219,`Abd al-Rahman b. Yakhluftān b. Aḥmad al-Fāzāzī,عبد الرحمان بن يكلفتان بن أحمد الفازازي
220,`Abd al-Raḥmān b. Yūsuf al-'Ujhūrī,عبد الرحمان بن يوسف الأجهوري
222,`Abd al-Raḥmān b. Yūsuf al-Bijā'ī,عبد الرحمان بن يوسف البجائي
223,`Abd al-Rahman b. Yūsuf al-Ifrīqī, عبد الرحمن بن يوسف الإفريقي
225,`Abd al-Raḥmān b.`Abd Allāh al-Qayrawānī,عبد الرحمان بن عبد الله القيرواني
226,`Abd al-Raḥmān b.`Alī,عبد الرحمان بن علي‏ ‬
227,`Abd al-Raḥmān b.`Alī al-Shaybānī,عبد الرحمان بن علي‏ ‬الشيباني‏ ‬
230,`Abd al-Raḥmān b.`Alī b. Ṣālaḥ al-Makkūdī,عبد الرحمان بن علي‏ ‬بن صالح المكودي‏ ‬
231,`Abd al-Raḥmān Muḥammad b. Makhlūf al-Salībī,عبدالرحمان بن محمد بن مخلوف السليبي
232,`Abd al-Raḥmān Namātā Binṭim,عبد الرحمان نماتا بنطم
233,`Abd al-Raḥmān Rakkī (Dr.),عبد الرحمان ركي
234,`Abd al-Raḥmān Sīdi Aḥmad (?),عبد الرحمان سدي أحمد (؟)
235,`Abd al-Rashid b. Muḥammad al-Wurī (Olore),عبدالرشيد بن محمد الوري
236,`Abd al-Razzaq al-Kashānī,عبد الرزاق الكشاني
238,`Abd al-Ṣādiq b. Aḥmad b. `Abd al-Ṣādiq,عبد الصادق بن أحمد بن عبد الصادق
239,`Abd al-Salām,عبد السلام
240,`Abd al-Salām Aḥmad b. al-Shaykh Ghānim,عبد السلام أحمد بن الشيخ غانم
241,`Abd al-Salām al-Asmar b. Sulaym al-Faytūrī,عبد السلام الأسمر بن سليم  الفيتوري
242,`Abd al-Salām al-Zamūrī,عبد السلام الزموري
243,`Abd al-Salām b. al-Ṭayyib al-Qādirī,عبد السلام بن الطيب القادري
244,`Abd al-Salām b. Ḥusayn b. Ḥamdūn al-Barnāwī al-Ghasarkamī,عبدالسلام بن حسين بن حمدون البرناوي الغسركمي
246,`Abd al-Salām b. Muḥammad al-Ḥasan al-Sanūsī al-Tijānī,عبد السلام بن محمد بن الحسن السنوسي التجاني
247,`Abd al-Salām b. Sulaymān,عبد السلام بن سليمان
248,`Abd as-Salām b. Muḥammad b. `Abd al-Jalīl b. Ḥurma al-`Alawī,عبد السلام بن محمد بن عبد الجليل بن حرمه العلوي
249,`Abd al-Samad b. Abī Bakr,عبد الصمد بن أبي بكر
250,`Abd al-Sami` al-Abī al-Azharī,عبد السميع الآبي الأزهري
251,`Abd al-Wadūd Aḥmad b. `Uthmān b. Mawlūd,عبد الودود أحمد بن عثمان بن مولد
252,`Abd al-Wadūd b. `Abd al-Raḥmān al-Tāggāṭī,عبد الودود بن عبد الرحمان التاكاطي
254,`Abd al-Wadūd b. `Abd Allāh b. Anjubnān al-Alfagha Ḥayballī,عبد الودود بن عبد الله بن انجبنان الأَلْفَغَ حيبلي
256,`Abd al-Wadūd b. Muḥammad b. al-Ḥaḍramī al-Majlisī,عبد الودود بن محمد بن الحضرمي المجلسي
258,`Abd al-Wahhāb Ādam al-Falākī,عبد الوهاب ادم الفلاكي
259,`Abd al-Wahhāb b. `Alī al-Baghdādī al-Tha`ālibī,عبد الوهاب بن علي‏ ‬البغدادي‏ ‬الثعلبي‏ ‬
260,`Abd al-Wahhāb b. `Alī b. Naṣr al-Taghlabī al-Baghdādī,عبد الوهاب بن علي بن نصر التغلبي البغدادي
263,`Abd al-Wahhāb b. Aḥmad b. `Alī al-Sh`arānī al-Zaghalī al-Anṣārī,عبد الوهاب بن أحمد بن علي‏ ‬الشعراني‏ ‬الزغلي الأنصاري‏ ‬
265,`Abd al-Wahhāb b. al-Ḥasan al-Muhallabī,عبد الوهاب بن الحسن المهلبي
267,`Abd al-Wāḥid b. Aḥmad,عبد الواحد بن أحمد
272,`Abd al-Wāḥid b. Aḥmad b. `Alī b. `Āshir al-Anṣārī al-Fasi,عبد الواحد بن أحمد بن علي‏ بن عاشر الأنصاري‏ ‬الفاسي
273,`Abd al-Wāḥid b. Aḥmad b. Ṣāliḥ al-Dar`ī,عبد الواحد بن أحمد بن صالح الدرعي
275,`Abd al-Wāḥid b. al-Ḥusayn al-Rajrājī al-Maghribī, عبد الواحد بن الحسين الرجراجي المغربي
276,`Abd al-Wārath b. `Abd Allāh b. Mūsa al-Bālaṣūtī al-Ghamārī,عبد الوارث بن عبد الله بن موسى البالصوتي‏ ‬الغماري
277,`Abd Allāh,عبد الله
278,`Abd Allāh (Kandūz),عبد الله
279,`Abd Allāh `Uthmān b. Sālim,عبد الله عثمان بن سليم
280,`Abd Allāh (?),عبد الله (?)
281,`Abd Allāh Ādam,عبد الله آدم
282,`Abd Allāh al-`Alawī,عبد الله العلوي
283,`Abd Allāh al-`Atīq b. Dhī al-Khilāl al-Ya`qūbī,عبد الله العتيق بن ذي الخلالي اليعقوبي
284,`Abd Allāh al-Kafīf,عبد الله الكفيف
285,`Abd Allāh al-Kanawī,عبد الله الكنوي
286,`Abd Allāh al-Khayyaṭ b. Muḥammad al-Hārūshī al-Fāsī,عبد الله الخياط بن محمد الهاروشي الفاسي
287,`Abd Allāh al-Maghribī al-Qurṭūbī, عبد الله المغربي القرطبي
288,`Abd Allāh al-Mukhtār b. Aḥmad b. Abī Bakr,عبد الله المختار بن أحمد بن أبي بكر
289,`Abd Allāh al-Muṣṭafa b. Muḥammad b. Aḥmadi al-Ḥasanī al-Yūsafī,عبد الله المصطفي بن محمد بن أحمدي الحسني اليوسفي
290,`Abd Allāh al-Musūmī b. Sīdi b. Bakr Qanūn,عبد الله المسومي بن سيد بن بكر قنون
291,`Abd Allāh al-Muzammil b. Isḥāq,عبد الله المزمل بن إسحاق
292,`Abd Allāh al-Sadrāwī,عبد الله السدراوي
293,`Abd Allāh al-Sālim b. Aḥmayid,عبد الله السالم بن احميد
294,`Abd Allāh al-Sālim b. al-Shaykh al-Ḥasanī,عبد الله السالم بن الشيخ الحسني
295,`Abd Allāh al-Sālim b. Ḥib Allāh,عبد الله السالم بن حب الله
296,`Abd Allāh as-Sālim b. Muḥammaddū b. Ḥanbal al-Āgdāshī al-Ḥasanī,عبد الله السالم بن محمدو بن حنبل الأكداشي الحسني
297,`Abd Allāh al-Sūsī,عبد الله السوسي
298,`Abd Allāh al-Tāwī b. al-Ṭālib,عبد الله التاوي بن الطالب
300,`Abd Allāh al-Tījānī,عبد الله التجاني
301,`Abd Allāh al-Tīnbuktī,عبد الله التنبكتي
302,`Abd Allāh b. `Abd al-Ḥamīd al-Sūqī,عبد الله بن عبد الحميد السوقي
303,`Abd Allāh b. `Abd al-Jalīl,عبد الله بن عبد الجليل
304,`Abd Allāh b. `Abd al-Laṭīf al-`Alawī,عبد الله بن عبد اللطيف العلوي
305,`Abd Allāh b. `Abd al-Rahīm al-Tamūkalī,عبد الله بن عبد الرحيم التموكلي
306,`Abd Allāh b. `Abd al-Raḥmān,عبد الله بن عبد الرحمان
307,`Abd Allāh b. `Abd al-Raḥmān al-`Uthmānī,عبد الله بن عبد الرحمان العثماني
308,`Abd Allāh b. `Abd al-Raḥmān al-Inkundarī,عبد الله بن عبد الرحمان الإنكندري
309,`Abd Allāh b. `Abd al-Raḥmān al-Qurashī al-Hāshimī,عبد الله بن عبد الرحمان القرشي الهاشمي
310,`Abd Allāh b. `Abd al-Raḥmān al-Tawankalī (?),عبد الله بن عبد الرحمان التونكلي
311,`Abd Allāh b. `Abd al-Razāq al-Miknāsī al-`Uthmānī,عبد الله بن عبد الرزاق العثماني‏ ‬المكناسي‏ ‬
313,`Abd Allāh b. `Abd al-Wadūd,عبد الله بن عبد الودود
314,`Abd Allāh b. `Alī al-Murādī,عبد الله بن علي المرادي
315,`Abd Allāh b. `Alī al-Qurashī,عبد الله بن علي العطار القرشي
317,`Abd Allāh b. `Alī b. `Abd Allāh b. `Alī al-Kinānī,عبد الله بن علي‏ ‬بن عبد الله بن علي‏ ‬الكناني‏‏
319,`Abd Allāh b. `Alī b. `Athābasadūd b. Mūsa  al-Daḥḥalī,عبد الله بن علي بن عثابسدود بن موسي بن الدحالي
320,`Abd Allāh b. `Alī b. Salmūn al-Kinānī al-Gharnāṭī,عبد الله بن علي بن سلمون الكناني الغرناطي
321,`Abd Allāh b. `Allāl,عبد الله بن علال
322,`Abd Allāh b. `Amr al-Maghrāwī al-Filālī,عبد الله بن عمر المغراوي الفلالي
324,`Abd Allāh b. `Umar b. Hishām al-Ḥaḍramī,عبد الله بن عمر ابن هشام الحضرمي
325,`Abd Allāh b. `Uthmān al-Khazrajī,بن 
327,`Abd Allāh b. `Uthmān b. Mu`ādh b. `Alī,عبد الله بن عثمان بن معاذ بن علي
328,`Abd Allāh b. `Uthmān b. Salīma al-Yūnusī,عبد الله بن عثمان بن سليمة اليونسي
329,`Abd Allāh b. Abal,عبد الله بن ابل
330,`Abd Allāh b. Abī al-Khiṣāl,عبد الله ابن أبي الخصال
331,`Abd Allāh b. Abī Bakr al-Ghadāmisī,عبد الله بن أبي بكر الغدامسي
333,Sīdī `Abd Allāh b. Abī Bakr at-Tinwājīwī,سيدي عبد الله بن أبي بكر التنواجيوي
334,`Abd Allāh b. Abī Bakr b. `Alī al-Idayllbī,عبد الله بن أبي بكر بن علي الإيديلبي
335,`Abd Allāh b. Abī Bakr Jirāb al-`Ilm,عبد الله بن أبي بكر جراب العلم
336,Sīdī `Abd Allāh b. Sīdī Bubakr al-Massūmī,سيدي عبد الله بن سيدي ببكر المسومي
338,`Abd Allāh b. Abī Bakr al-Shuqrāṭisī,عبد الله بن أبي بكر الشقراطسي
339,`Abd Allāh b. Aḥmad Abī Tāj,عبد الله بن أحمد أبو تاج
340,`Abd Allāh b. Aḥmad Ādama,عبد الله بن أحمد آدم
341,`Abd Allāh b. Aḥmad al-Sūqī,عبد الله بن أحمد السوقي
342,`Abd Allāh b. Aḥmad b. al-Ḥājj Abī Bakr b. Hādīyyat Allāh,عبد الله بن أحمد بن الحاج أبو بكر بن هدية الله
344,`Abd Allāh b. Aḥmad b. Maḥmūd al-Nasafī,عبد الله بن أحمد بن محمود النسفي
345,`Abd Allāh b. Aḥmad Muḥammad al-Rakīl,عبد الله بن أحمد محمد الركيل
346,`Abd Allāh b. Aḥmad Zaydān al-Jakanī,عبد الله بن أحمد زيدان الجكني
347,`Abd Allāh b. al-Bakkā`ī b. Kināna b. al-Mukhtar al-Kuntī,عبد الله بن البكائي بن كنان الكنتي
348,`Abd Allāh b. al-Faqīh Ibrāhīm b. Bāba,عبد الله بن الفقيه إبراهيم بن باب
349,`Abd Allāh b. al-Ḥājj Abī Bakr,عبد الله بن الحاج أبي بكر
350,`Abd Allāh b. al-Ḥājj al-Ḥasan,عبد الله بن الحاخ حسن
352,`Abd Allāh b. al-Ḥājj b. Muḥammad al-Rafīf,عبد الله بن الحاج محمد الرفيف
354,`Abd Allāh b. al-Ḥasan al-Zaghawī,عبد الله الحسن الزغوي
356,`Abd Allāh b. al-Ḥasan b. al-Jalāb al-Baṣrī,عبد الله بن الحسن بن الجلاب البصري
357,`Abd Allāh b. al-Ḥusayn al-`Ukbarī,عبد الله بن الحسين العكبري
361,`Abd Allāh b. al-Muṣṭafa al-Fulānī al-Tīnbuktī,عبد الله بن المصطفي الفلاني التنبكتي
362,`Abd Allāh b. al-Qāsim b. Muḥammad al-Tha`ālibī,عبد الله بن القاسم بن محمد الثعالبي
363,`Abd Allāh b. al-Ṣādiq b. Muḥammad al-Mukhtār al-Inkundarī,عبد الله بن الصادق بن محمد المختار الإنكندري
365,`Abd Allāh b. al-Salām,عبد الله بن السلام
366,`Abd Allāh b. al-Ṣāliḥ,عبد الله بن الصالح
367,`Abd Allāh b. al-Shaykh b. al-Ḥājj Muḥammad b. 'Āddā,عبد الله بن الشيخ بن الحاج محمد بن آدا
368,`Abd Allāh b. al-Shaykh Mawlūd,عبد الله بن الشيخ مولود
369,`Abd Allāh b. al-Tājūrī,عبد الله بن التاجوري
371,`Abd Allāh b. Alfā `Umar,عبد الله بن ألفا عمر
372,`Abd Allāh b. As`ad b. `Alī al-Yāfi`ī,عبد الله بن اسعد بن علي اليافعي
373,`Abd Allāh b. Aybīh al-Būmayjī ad-Daymānī,عبد الله بن أيبيه البوميجي الديماني
374,`Abd Allāh b. Bāba b. Sīdi Muḥammad al-Abyayrī al-Intishā'ī,عبد الله بن باب بن سيد محمد الإنتشائي
375,`Abd Allāh b. Billīlī b. al-Muslim b. Aḥmad b. Ḥabīb Allāh [Ḥabībaḷḷā] al-Idagfūdī at-Tandaghī,عبد الله بن بليلي بن المسلم بن أحمد بن حبيب الله الإدگفودي التندغي
377,`Abd Allāh b. Faḍl Allāh al-Khabayṣī,عبد الله بن فضل الله الخبيصي‏ ‬
378,`Abd Allāh b. Ḥasūn,عبد الله بن حسون
379,`Abd Allāh b. Ḥijāzī al-Khulwatī al-Sharqāwī al-Miṣrī,عبد الله بن حجازي الخلوتي الشرقاوي المصري
380,`Abd Allāh b. Ibrāhīm b. `Alī al-Thumalī,عبد الله بن إبراهيم بن علي الثملي
381,`Abd Allāh b. Ibrāhīm b. Nūḥ,عبد الله بن إبراهيم بن نوح
382,`Abd Allāh b. Ibrāhīm Mīr`anī (sic),عبد الله بن إبراهيم ميرعني (آه)
383,`Abd Allāh b. Jam`al b. Ḥamma Muḥammad b. Bilāl,عبد الله بن جمعل بن حم محمد بن بلال
384,`Abd Allāh b. Khālid,عبد الله بن خالد
385,`Abd Allāh b. Khalīfa,عبد الله بن خليفة
386,`Abd Allāh b. Maḥanḍ Aḥmad b. Fatī al-Ḥasanī,عبد الله بن محنض أحمد بن فتي الحسني
387,`Abd Allāh b. Maḥmūd,عبد الله بن محمود
388,`Abd Allāh b. Maḥmud b. Muḥammad al-Maḥbūbī, عبد الله بن محمود بن محمد المحبوبي
389,`Abd Allāh b. Mas`ūd,عبد الله بن مسعود
391,`Abd Allāh b. Muḥammad,عبد الله بن محمد‏ ‬‏
393,`Abd Allāh b. Muḥammad al-`Ayyāshī,عبد الله بن محمد العياشي
395,`Abd Allāh b. Muḥammad al-Amīn b. Fāl al-Tandaghī,عبد الله بن محمد الأمين بن فال التندغي
396,`Abd Allāh b. Muḥammad al-Amīn b. Fāl b. Sīdi al-Wāfī,عبد الله بن محمد الأمين بن فال بن سيد الوافي
397,`Abd Allāh b. Muḥammad al-Ḥabṭī,عبد الله بن محمد الحبطي
398,`Abd Allāh b. Muḥammad al-Jadhāmī,عبد الله بن محمد الجذامي‏ ‬
399,`Abd Allāh b. Muḥammad al-Kabīr al-`Umarī,عبد الله بن محمد الكبير العمري
400,`Abd Allāh b. Muḥammad al-Kanawī,عبد الله بن محمد الكنوي
401,`Abd Allāh b. Muḥammad b. Muḥammad Sālim al-Majlisī,عبد الله بن محمد بن محمد سالم المجلسي
404,ash-Shaykh Muḥammad al-Māmī [al-Ṃāṃī] b. al-Bukhārī al-Bārikī,الشيخ محمد المامي بن البخاري الباركي
405,`Abd Allāh b. Muḥammad al-Qarāfī,عبد الله بن محمد القرافي‏ ‬
406,Sīdī `Abd Allāh b. al-Ḥāj Muḥammad ar-Rgayyig al-`Allūshī,سيدي عبد الله بن الحاج محمد الملقب الرگييگ العلوشي
407,`Abd Allāh b. Muḥammad ash-Shamshawī,عبد الله بن محمد الشمشوي
408,`Abd Allāh b. Muḥammad al-Shinqīṭī,عبد الله بن محمد الشنقيطي
410,`Abd Allāh b. Muḥammad al-Zaghāwī,عبد الله بن محمد الزاغوي
411,`Abd Allāh b. Muḥammad b. `Abd al-Barr,عبد الله بن محمد بن عبد البر
412,`Abd Allāh b. Muḥammad b. `Abd al-Raḥmān b. `Umar al-Amwai,عبد الله بن محمد بن عبد الرحمان بن عمر الأموي
413,`Abd Allāh b. Muḥammad b. `Abd Allāh b. Shams al-Dīn al-Lamtūnī,عبد الله بن محمد بن عبد الله بن شمس الدين اللمتوني
414,`Abd Allāh b. Muḥammad b. `Alī al-Harawī,عبد الله بن محمد بن علي الهروي
415,`Abd Allāh b. Muḥammad b. Aḥmad Sālik,عبد الله بن محمد بن أحمد السالك
417,`Abd Allāh b. Muḥammad b. al-Qāḍī al-`Alawī,عبد الله بن محمد بن القاضي العلوي
418,`Abd Allāh b. Muḥammad b. Āmir al-Shubrāwī,عبد الله بن محمد بن عامر الشبراوي
419,`Abd Allāh b. Muḥammad b. Fāl,عبد الله بن محمد بن فال
420,`Abd Allāh b. Muḥammad b. Halāl b.`Abd al-Wāḥid al-Sa`dī,عبد الله محمد بن هلال بن عبد الواحد السعدي‏
421,`Abd Allāh b. Muḥammad b. Mas`ūd,عبد الله بن محمد بن مسعود
422,`Abd Allāh b. Muḥammad b. Shās al-Judhāmī al-Miṣrī,عبد الله بن محمد بن شاس الجذامي المصري
423,`Abd Allāh b. Muḥammad b. Sīdi al-Mukhtār b. Sidiyya al-Abyayrī al-Intishā'ī,عبد الله بن محمد بن سيد المختار بن سيديا الإنتشائي
424,`Abd Allāh b. Muḥammad b. Yūsuf al-Dimashqī,عبد الله بن محمد بن يوسف الدمشقي
426,`Abd Allāh b. Muḥammad Fūdī b. `Uthmān,عبد الله بن محمد فودي بن عثمان
429,`Abd Allāh b. Muḥammad Ḥanka,عبد الله بن محمد حنك
430,`Abd Allāh b. Muḥammad Sukī, عبد الله بن محمد سكى
431,`Abd Allāh b. Muḥammadhan b. Maḥmūdan al-Ḥasanī,عبد الله بن محمذن بن محمودن الحسني
432,`Abd Allāh b. Muḥummadhun b. al-Mukhtār Nnā al-Ḥājī,عبد الله بن محمذن بن المختار إنا الحاجي
433,`Abd Allāh b. Muslim Dīnawarī,عبد الله بن مسلم الدينوري
435,`Abd Allāh b. Sa`īd al-Azdī al-Andalusī,عبد الله بن سعيد الأزدي‏ ‬الأندلسي‏
437,`Abd Allāh b. Sāfir al-Akhḍarī,عبد الله بن سافر الأخضري
438,`Abd Allāh b. Salāma,عبد الله بن سلامة
439,`Abd Allāh b. Salīma b. Muḥammad,عبد الله بن سليمة بن محمد
440,`Abd Allāh b. Sarāt,عبد الله بن سرات
441,`Abd Allāh b. Sayāma Muḥammad b. Muḥammad b. Anbūja (?),عبد الله بن سيامة محمد بن محمد بن أنبوجة (؟)
442,`Abd Allāh b. Shaddād al-Laythī,عبد الله بن شداد الليثي
443,`Abd Allāh b. Sīdi Aḥmad al-Jakanī,عبد الله بن سيد أحمد الجكني
444,`Abd Allāh b. al-Mrābiṭ [Limrābiṭ] Sīdī Maḥmūd al-Ḥājī,عبد الله بن المرابط سيدي محمود الحاجي
446,`Abd Allāh b. Sīdi Mawlūd,عبد الله بن سيدي مولود
447,`Abd Allāh b. Sīdi Muḥammad b. Dāddāh al-Intishā'ī al-Abyayrī,عبد الله بن سيدي محمد بن داداه الإنتِشائي الإبييري
448,`Abd Allāh b. Sīdi Muḥammad b. Muḥammad al-Ṣaghīr,عبد الله بن سيد محمد بن محمد الصغير
450,`Abd Allāh (Gillāh) b. Ṣullāḥī al-Buḥubbaynī at-Tandaghī,عبد الله (الملقب گلاه) بن صلاحي البوحبيني التندغي
451,`Abd Allāh b. Ya`qūb al-Simlālī,عبد الله بن يعقوب السملالي
457,`Abd Allāh b. Yūsuf b. Hishām al-Ma`āfirī al-Anṣārī,عبد الله بن يوسف بن هشام المعافري الأنصاري
458,`Abd Allāh b. Zikr b.Yūsuf al-Iskandarī,عبد الله بن زكر بن يوسف الإسكندري
459,`Abd Allāh Bāba b.Yūsuf al-Wa`karī,عبد الله بابا بن يوسف الوعكري
460,`Abd Allāh Bayaru Samba b. Samba Kulwa,عبد الله باير ثنب بن ثنب كلوء
461,`Abd Allāh Dānyāl b. Muḥammad b. Aḥmad,عبد الله دانيال بن محمد بن أحمد
462,`Abd Allāh Dighirāwī (sic),عبد الله دغراوي (آه)
463,`Abd Allāh Ḍiyā' al-Dīn al-Khazrajī,عبد الله ضياء الدين الخزرجي
464,`Abd Allāh ibn `Abbās,عبد الله ابن عباس
465,`Abd Allāh Jibril b. Muḥammad Bello b. `Uthmān al-Fallātī,عبد الله جبريل بن محمد بلو بن عثمان الفلاتي
466,`Abd Allāh Jīrī,عبد الله جيري
467,`Abd Allāh Listandrū ?,عبد الله لستندرو (؟)
468,`Abd Allāh Muḥammad b. `Abd al-Ghaffār al-Qusṭanṭīnī (Qusnaṭīnī ?),عبد الله محمد بن عبد الغفار القسطنطيني (قسنطيني?)
469,`Abd Allāh Muḥammad b. al-Ḥājj,عبد الله محمد بن الحاج
470,`Abd Allāh Muḥammad b. Shu`ayb,عبد الله محمد بن شعيب
471,`Abd Allāh Muḥammad b. Sīdi,عبد الله محمد بن سيد
472,`Abd Allāh Muḥammad b. Yūnis b. Ismā`īl,عبد لله محمد بن يونس بن إسماعيل
473,`Abd Allāh Mūlay `Abd al-Karīm b. Mūlay `Abd al-Raḥmān,عبد الله مولاي عبد الكريم بن مولاي عبد الرحمان
474,`Abd Allāh Mūsa,عبد الله موسي
475,`Abd Allāh Qāḍī of Gonja,عبد الله قاضي غنجا
476,`Abd Allāh Sājū,عبد الله ساجو
477,`Abd Allāh Sīssī  (Cissé),عبد الله سيسى
479,`Abd Allāh Thiqa b. Muḥammad b. Sālim al-Fulānī al-Ba`āwī,عبد الله ثقة بن محمد بن سالم الفلاني البعاوي
480,`Abd Alllah b. al-Ḥājj Muḥammad,عبد الله بن الحاج محمد
481,`Abd b. Muḥammad,عبد بن محمد
482,`Abd b. Muḥammad b. Ādam al-Funduqī,عبد بن محمد بن آدم الفندقي
483,`Abd b. Sa`īd,عبد بن سعيد
484,`Abd Rabbih b. Muḥammad al-Anṣārī,عبد ربه بن محمد الأنصاري
485,`Ābdīn b. Muḥammad `Abd al-Wadūd b. al-Mukhtār b. A`mar b. Limkhīlīl,عابدين بن محمد بن عبد الودود بن المختار بن أعمر بن لمخيليل
486,`Ābdīn Muḥammad Zayn Balaylī,عابدين محمد زين البليلي
487,`Abdū b. Muḥammadhan b. `Abdū al-Mālikī,عبدو بن محمذن بن عبدو المالكي
488,`Abdul b. al-Fāhim Aḥmad b. al-Shaykh Shīthī,عبدل بن الفاهم أحمد بن الشيخ شيثي
489,`Abqarī,عبقري
490,`Ajjāj b. Rū'ba al-Tamīmī,عجاج بن رؤبة التميمي
491,`Alaj b. Kamma,علج بن كم
492,`Alaqma al-Faḥl al-Bakrī and Ḥamīd b. Thawr al-Hilālī and A`sha b. Maymūn al-Bakrī,علقمة الفحل البكري وحميد بن ثور الهلالي وأعشي بن ميمون البكري
493,`Alawī b. `Abbās al-Mālikī,علوي بن عباس المالكي
494,`Alī,علي
495,`Alī (Ibn al-Marḥam),علي
496,`Alī Ādam Baḥr,علي آدم بحر
498,`Alī Akākim,علي اكاكم
500,`Alī al-'Ujhūrī,علي الأجهوري
501,`Alī al-Jakanī,علي الجكني
502,`Alī al-Nūrī b. Muḥammad,علي‏ ‬النوري‏ ‬بن محمد ‬ ‬
503,`Alī al-Qāḍī b. Muḥammad al-Thānī Gusaū,علي القاضي بن محمد الثاني غسو
504,`Alī al-Sa`dī,علي‏ ‬السعدي
505,`Alī al-Samhūdī al-Shāfi`ī,علي السمهودي الشافعي
506,`Alī al-Wa`īẓī,علي الوعيظي
507,`Alī b. `Abd al-Ghānī al-Khaṣurī (?),علي بن عبد الغني الخصري (?)
508,`Alī b. `Abd al-Jabār al-Shādhilī,علي بن عبد الجبار الشاذلي
509,`Alī b. `Abd al-Qādir al-Nabtītī al-Ḥanafī,علي بن عبد القادر النبتيتي الحنفي
511,`Alī b. `Abd al-Qādir al-Zakzakī,علي بن عبد القادر الزكزكي
513,`Alī b. `Abd al-Raḥmān b. Ādam,علي بن عبد الرحمان بن آدم
514,`Alī b. `Abd al-Ṣādiq b. Aḥmad al-`Ayādī,علي بن عبد الصادق بن أحمد العيادي
520,`Alī b. `Abd al-Waḥīd al-Sijilmāsī al-Anṣārī,علي بن عبد الواحد السجلماسي الأنصاري
521,`Alī b. `Abd Allāh al-Fūdī,علي بن عبد الله الفودي
522,`Alī b. `Abd Allāh al-Shādhilī,علي بن عبد الله الشاذلي
523,`Alī b. `Abd Allāh b. Abī Zar` al-Fāsī,علي بن عبد الله بن أبي زرع الفاسي
524,`Alī b. `Īsa al-Balṭī al-Naḥwī,علي بن عيسي البلطي النحوي
525,`Alī b. `Īsa b. `Ubayd Allāh al-Ṭulayṭilī,علي بن عيسي بن عبيد الله الطليطلي
526,`Alī b. `Umar b. Aḥmad b. Muḥammad b. Muḥammad Bīr al-Arawānī,عالي بن عمر بن أحمد بن محمد بن محمد بير الأرواني
528,`Alī b. `Uthmān al-Anṣārī al-Dimashqī,علي بن عثمان الأنصاري الدمشقي
529,`Alī b. `Uthmān al-Ūshī,علي بن عثمان الأوسي
530,`Alī b. `Uthmān al-Farghānī,علي بن عثمان الفرغاني
531,`Alī b. `Uthmān b. Muḥammad b. Aḥmad al-`Adharī,علي‏ ‬بن عثمان بن محمد بن احمد العذري‏ ‬
532,`Alī b. Abī `Alī al-Āmidī,علي بن أبي علي الأمدي
533,`Alī b. Abī al-Ḥasan `Alī b. `Umar b. Ibrāhīm,علي بن أبي الحسن علي بن عمر بن إبراهيم
535,`Alī b. Abī Ṭālib al-Qurashī al-Hāshimī,علي بن أبي طالب القرشي الهاشمي
536,`Alī b. Aḥmad Abī al-Ṭālib al-Ḥasanī,علي بن أحمد أبي طالب الحسني
537,`Alī b. Aḥmad al-Jazūlī al-Jayyānī,علي‏ ‬بن أحمد الجزولي‏ ‬الجياني
538,`Alī b. Aḥmad al-Qāṣādī,علي بن أحمد القاصادي
539,`Alī b. Aḥmad b. Ḥāzim al-Fārsī,علي بن أحمد بن حزم الفارسي
540,`Alī b. Aḥmad b. Ibrāhīm al-Māzarī,علي‏ ‬بن أحمد بن إبراهيم المازري
541,`Alī b. Aḥmad b. Makram al-`Adawī al-Ṣa`aydī al-Mansufīrī,علي‏ ‬بن أحمد بن مكرم العدوي‏ ‬الصعيدي‏ ‬المنسفيري‏ ‬
545,`Alī b. Aḥmad b. Muḥammad al-Rajrājī al-Jazūlī al-Rasmūkī,علي بن أحمد بن محمد الرجراجي الجزولي الرسموكي
546,`Alī b. Aḥmad b. Sa`īd b. Ḥāzim al-Andalusī,علي بن أحمد بن سعيد بن حزم الأندلسي
547,`Alī b. Akḥat,علي بن أكحت
548,`Alī b. Akḥat al-Anṣārī,علي بن أكحت الأنصاري
549,`Alī b. al-Ḥasan al-Sa`dī,علي بن الحسن السعدي
554,`Alī b. al-Ḥusayn b. `Alī b. Abī Ṭālib,علي بن الحسين بن علي بن أبي طالب
555,`Alī b. al-Mukhtār b. Ibrāhīm b. `Alī,اعلي بن المختار بن إبراهيم بن اعلي
560,`Alī b. al-Qāsim b. Muḥammad al-Tujībī al-Fāsī,علي بن القاسم بن محمد التجيبي الفاسى 
561,`Alī b. al-Ṣādiq b. Aḥmad b. al-Ṣādiq al-Ṭarāblusī,علي بن الصادق بن أحمد بن الصادق الطربلسي
562,`Alī b. al-Shaykh,علي بن الشيخ
563,`Alī b. Awad,علي بن أود
564,`Alī b. Bakr al-Māsinī,علي بن بكر الماسني
565,`Alī b. Būjama` al-Ṭarāblusī,علي بن بوجمع الطرابلسي
566,`Alī b. Dawāk,علي بن دواك
567,`Alī b. Ḥarāzim al-Fāsī,علي‏ ‬حرازم الفاسي‏
568,`Alī b. Ḥasan,علي‏ ‬بن الحسن
569,`Alī b. Ḥijāzī b. Muḥammad Bayūmī,علي بن حجازي بن محمد بيومي
570,`Alī b. Hishām al-Dīn al-Mataqī,علي بن هشام الدين المتقي
571,`Alī b. Ibrāhīm,علي بن إبراهيم
572,`Alī b. Ibrāhīm al-Ash`arī, علي بن إبراهيم الأشعري
573,`Alī b. Ibrāhīm b. `Alī b. Sulaymān b. Mūsa b. Fāti,علي بن إبراهيم بن علي بن سليمان بن موسي بن فات
574,`Alī b. Ibrāhīm b. Aḥmad b. Nūr al-Dīn b. Burhān al-Dīn al-Halabī al-Shāfi`ī,علي‏ ‬بن إبراهيم بن أحمد بن‏ ‬نور الدين بن برهان الدين الحلبي‏ ‬الشافعي‏ ‬
575,`Alī b. Ibrāhīm b. Muḥammad Bakū Ṣūfī,علي بن إبراهيم بن محمد باقو صوفي
577,`Alī b. Ismā`īl al-Andalusī,علي بن إسماعيل الأندلسي
579,`Alī b. Ismā`īl b. Isḥāq al-Ash`arī,علي بن إسماعيل بن إسحاق الاشعري
580,`Alī b. Maymūn al-Ḥāfiẓ Abī al-Ḥasan,علي بن ميمون الحافظ أبو الحسن
581,`Alī b. Maymūn al-Idrīsī,علي بن ميمون الادريسي
583,`Alī b. Mu'min b. Muḥammad al-Ḥaḍramī,علي‏ ‬بن مؤمن بن محمد الحضرمي‏
584,`Alī b. Mubārak,علي بن مبارك
586,`Alī b. Muḥammad (d. 730/1329-30),علي‏ ‬بن محمد‏ ‬
588,`Alī b. Muḥammad (Alīyu Barau),علي بن محمد
589,`Alī b. Muḥammad (Ibn al-Durayhim),علي بن محمد
590,`Alī b. Muḥammad `Amūshī al-Balaylī,علي بن محمد عموشي البليلي
591,`Alī b. Muḥammad `Ula al-Dīn al-Khāzin,علي بن محمد علاء الدين الخازن
592,`Alī b. Muḥammad al-`Ibādī al-Baṣrī,علي بن محمد العبادي البصري
593,`Alī b. Muḥammad al-'Ujhūrī al-Miṣrī,علي بن محمد الأجهوري المصري
595,`Alī b. Muḥammad al-Amīn,علي بن محمد الأمين
596,`Alī b. Muḥammad al-Balārī al-Shādhilī,علي بن محمد البلاري الشاذلي
597,`Alī b. Muḥammad al-Barnāwī,على بن محمد البرناوي
598,`Alī b. Muḥammad al-Kūmāsī,علي بن محمد الكوماساوى
600,`Alī b. Muḥammad al-Lakhmī (?),علي بن محمد اللخمي (?)
601,`Alī b. Muḥammad al-Lawātī,علي بن محمد اللواتي
605,`Alī b. Muḥammad al-Manūfī al-Shādhilī,علي بن محمد المنوفي الشاذلي
607,`Alī b. Muḥammad al-Mīlī,علي بن محمد الميلي
609,`Alī b. Muḥammad al-Qalaṣādī al-Bisṭāmī,علي بن محمد القلصادي البسطامي
611,`Alī b. Muḥammad al-Sabtī,علي بن محمد السبتي
614,`Alī b. Muḥammad al-Sakhāwī,علي بن محمد السخاوي
618,`Alī b. Muḥammad al-Ushmūnī al-Miṣrī,علي بن محمد الأشموني المصري
621,`Alī b. Muḥammad al-Ya`marī,علي‏ ‬بن محمد اليعمري‏
622,`Alī b. Muḥammad b. Aḥmad b. `Abd Allāh al-Lakhmī,علي‏ ‬بن محمد بن احمد بن عبد الله اللخمي‏
624,`Alī b. Muḥammad b. al-Ḥusayn al-Ribāṭī,علي بن محمد بن الحسين الرباطي
625,`Alī b. Muḥammad b. al-Ḥusayn b. al-`Ullayq,علي بن محمد بن الحسين ابن العليق
626,`Alī b. Muḥammad b. al-Mukhtār,علي بن محمد بن المختار
627,`Alī b. Muḥammad b. al-Ṣabbāgh al-Mālikī,علي بن محمد بن الصباغ المالكي
628,`Alī b. Muḥammad b. Ḥazm,علي بن محمد بن حزم
629,`Alī b. Muḥammad b. Ibrāhīm al-Khāzin al-Baghdādī,علي بن محمد بن إبراهيم الخازن البغدادي
630,`Alī b. Muḥammad b.`Abd al-Ḥaqq al-Zarwālī,علي بن محمد بن عبد الحق الزروالي
632,`Alī b. Nīllu,علي بن نيل
634,`Alī b. Sa`īd al-Sanūsī,علي بن سعيد السنوسي
636,`Alī b. Sa`īd al-Sūsī,علي بن سعيد السوسي
637,`Alī b. Sa`īd Gusaū,علي بن سعيد غسو
638,`Alī b. Sulaymān al-Ghānī,علي بن سليمان الغاني
640,`Alī b. Sulṭān b. Muḥammad al-Qārrī,علي بن سلطان بن محمد القاري
641,`Alī b. Taymūr,علي ابن تيمور
642,`Alī b. Wāfī,علي بن وفي
643,`Alī b. Yaḥya al-Khazarī,علي بن يحيي الخزري
644,`Alī b. Yāqut b. `Abd Allāh al-Shāfi`ī,علي بن ياقوت بن عبد الله الشافعي
645,`Alī b. Yūsuf al-Baṣrī,علي بن يوسف البصري
648,`Alī Ḥarāzim b. al-`Arabī Barāda al-Fāsī,علي حرازم بن العربي برادة الفاسي
649,`Alī Ma'ajī Abūjā, علي معجي أبوجا
650,`Alī Na Mangī al-Zakzakī,علي نمنغي الزكزكي
651,`Alī Nā`ibī Suwayd,علي نائبي سويد
652,`Alī Sa`īd Faraj b. Qāsim Aḥmad b. Muḥammad b. Lubbu al-Tha`ālibī,علي سعيد فرج بن قاسم أحمد بن محمد بن لب الثعالبي
654,`Alī Sīssī (Cisse) b. al-Ḥasan,علي سيسي بن الحسن
655,`Alī Ya`qūb Muḥammad b. Ya`qūb al-Bundūkī,علي يعقوب محمد بن يعقوب البندكي
656,`Alqama b. `Abadah b. al-Tamīmī,علقمة بن عبدة بن التميمي
657,`Alqama b. `Abd b. al-Nu`mān,علقمة ابن عبد ابن النعمان
658,Imru' al-Qays b. Ḥujr / Nābigha al-Dhubyānī / Zuhayr b. Abi Salma / `Alqama b. `Abda /  `Antara b. Shaddād  al-Basī,أمرء القيس والنابغة الذبياني وزحير بن أبي سلمي وطرف بن العبد وعلقم بن عبدة وعنترة بن شداد
659,`Andāll b. Sīdi Maḥam,عندالل بن سيد محم
660,`Antara b. Shaddād al-`Absī,عنترة بن شداد العبسي
661,`Āqil b. `Alī,عقيل بن علي
662,`Āqil b. Aḥmad b. al-Ṭālib,عاقل بن أحمد بن الطالب
663,`Arabī b. `Abd al-Salām al-Fāsī,عربي بن عبد السلام الفاسي
664,`Arabī b. Aḥmad b. al-`Arabī Baghdāmisī,عربي بن أحمد بن العربي بغدامسي
666,`Arabī b. Muḥammad b. al-Ṭāhir,عربي بن محمد بن الطاهر
667,`Āṣam b. Ayūb al-Baṭaliyūsī,عاصم بن أيوب البطليوسي‏
668,`Āshūrī b. al-Qā'id al-Bāshā b. Ṣabrā b. Muḥammad Shādimī,عاشوري بن القائد الباشا بن صبرا بن محمد شادمي
669,`Āṣif b. Burḥayā',عاصف بن برحياء
670,"`Askurī (French) governor, Timbuktu",الحاكم العسكر الفرنسي بتنبكت
671,`Atīq b. Abī Ja`fir b. Yahya al-Ghasānī,عتيق بن ابي‏ ‬جعفر بن‏ ‬يحيى الغساني‏ ‬
672,al-`Atīq b. Butta (Ubuttah) al-Majlisī,العتيق بن بته (أبتٌه)  المجلسي
673,`Aṭṭa' Allāh b. Aḥmad,عطاء الله بن أحمد
674,`Awfī,عوفي
676,`Azarī (?),عزري (?)
677,`Ibādī,عبادي
678,`Īsa al-Ikhnā'ī al-Shāfi`ī,عيسي الاخنائي الشافعي
679,`Isa b. `Abd al-Raḥman al-Saktānī,عيسى بن عبد الرحمن السكْتاني‏ ‬
680,`Īsa b. `Abd al-Raḥmān b. Mahdī al-Ragrāgī,عيسي بن عبد الرحمان بن مهدي الركراكي
681,`Īsa b. `Uthmān b. Muḥammad Fūdī,عيسي بن عثمان بن محمد فودي
682,`Īsa b. Abī Bakr,عيسي بن أبي بكر
683,`Īsa b. Aḥmad al-Ghadāmisī,عيسي بن أحمد الغدامسي
684,`Īsa b. Aḥmad al-Ṣanhājī,عيسي بن أحمد الصنهاجي
685,`Īsa b. Aḥmayd,عيسي بن أحميد
686,`Īsa b. Ibrāhīm,عيسي بن إبراهيم
687,`Īsa b. Muḥammad al-Mawlūd ad-Dāwudi (?),عيسي بن محمد المولود
688,`Īsa b. Muḥammad al-Muṣṭafa,عيسي بن محمد المصطفي
689,`Īsa b. Salāma al-Biskrī,عيسي بن سلامة البسكري
690,`Īsa b. Salām a b. `Īsa al-Bakrī,عيسي بن سلامة بن عيسي البكري
691,`Īsa Kanū (Kano),عيسي كنو
692,`Īṣām `Abd al-Malik b. Muḥammad,عصام عبد الملك بن محمد
693,`Īṣām al-Dīn b. Muḥammad,عصام الدين بن محمد
694,`Ubā Na Kachallah Kanū (Kano),عبا نكثله كنو
695,`Ubayd al-Raḥmān b. Sīdi Jīnū (?),عبيد الرحمان بن سيد جينو (؟)
696,`Ubayd Allāh b. al-Ḥasan b. al-Ḥusayn b. al-Jalāb al-Baṣrī,عبيد الله بن الحسن بن الحسين بن الجلاب البصري
697,`Ubayd Allāh b. Muḥammad b. al-Safṭī,عبيد الله بن محمد بن السفطي
701,`Ubba Sufyān b. Muḥammad al-Awwal,عبا سفيان بن محمد الأول
702,`Ulama from Miṣr (Egypt),نخبة من علماء مصر
703,`Ulamā': Fās,علماء من فاس
704,`Ulamā': Mūrītānī (Mauritanian),علماء موريتانيون
706,`Ulamā': several,علماء: بعض رجال القانون
708,`Umar,عمر
709,`Umar `Abd al-Jabbār,عمر عبد الجبار
710,`Umar al-Jazā'ri al-Rāshidī (al-Rashīdī),عمر الجزائري‏ ‬الراشدي‏ (‬الرشيدي‏) ‬
711,Ajfagha [Atshfagha] al-Khaṭṭāṭ (`Umar) b. Muḥammad b. A`mar al-Bārtaylī [al-Ḅārittaylī],أجفغ الخطاط عمر بن محمد بن أعمر البارتلي
712,`Umar al-Wālī b. Aḥmad b. `Umar al-Fulānī al-Zakzakī,عمر الوالي بن أحمد بن أحمد الفلاني الزكزكي
713,`Umar Anbuwī b. al-Imām al-Maḥjūbī,عمر أنبوي ابن الإمام المحجوبي
714,`Umar b. `Abd al-Karīm,عمر بن عبد الكريم
715,`Umar b. `Abd al-Rahmān al-Jaznā'ī,عمر بن عبد الرحمان الجزنائي
716,`Umar b. `Abd al-Raḥmān al-Jazūlī,عمر بن عبد الرحمان الجزولي
717,`Umar b. `Abd Allāh al-Kāniṣī,عمر بن عبد الله الكانصي
718,`Umar b. `Abd Allāh b. `Umar al-Fāsī,عمر بن عبد الله بن عمر الفاسي
719,`Umar b. `Alī,عمر بن علي
720,`Umar b. `Alī al-Anbārī al-Shāfi`ī,عمر بن علي الأنباري الشافعي
721,`Umar b. `Alī al-Fākihānī,عمر بن علي الفاكهاني
722,`Umar b. `Alī al-Iskandarī,عمر بن علي الإسكندري
723,`Umar b. `Alī al-Lakhmī,عمر بن علي اللخمي
724,`Umar b. `Alī al-Ṭūrūdī,عمر بن علي الطورودي
725,`Umar b. `Alī b. Aḥmad al-Anṣārī,عمر بن علي ابن أحمد الأنصاري
726,`Umar b. `Alī b. al-Fāriḍ al-Ḥamawī,عمر بن علي بن الفارض الحموي
727,Sīdī `Umar b. A`lī al-Mukhtār b. Abī Bakr al-Kuntī,سيدي عمر بن اعلي المختار بن أبي بكر الكنتي
729,`Umar b. `Alī b. al-Shaykh al-Sharīf,عمر بن علي بن الشيخ الشريف
730,`Umar b. `Uthmān al-Ḥārithī al-Baṣrī,عمر بن عثمان الحارثي البصري
731,`Umar b. Abī Bakr,عمر بن أبي بكر
732,`Umar b. Abī Bakr b. `Umar al-Imāmiya,عمر بن أبي بكر بن عمر الامامية
734,`Umar b. Abī Bakr b. `Uthmān al-Kabawī al-Ṣalghawī al-Kanawī,عمر بن أبي بكر بن عثمان الكبوي الصلغوي الكنوي
737,`Umar b. Abī Bakr Ramaḍān b. Abī Bakr al-Kanawī,عمر بن أبي بكر رمضان بن أبي بكر الكنوي
745,`Umar b. Abī Rābi`a al-Makhzūmī al-Qurashī,عمر بن أبي ربيعة المخزومي القرشي
746,`Umar b. Aḥmad al-Ḥājj Aḥmad al-Ghadāmisī,عمر بن أحمد الحاج أحمد الغدامسي
747,`Umar b. Aḥmad b. Muḥammad al-Bukhārī,عمر بن أحمد بن محمد البخاري
748,`Umar b. Aḥmad b. Muḥammad Bīr,عمر بن أحمد بن محمد بير
749,`Umar b. Aḥmad Sīdi,عمر بن أحمد سيد
750,`Umar b. al-Imām al-Walātī,عمر بن الإمام الولاتي
751,`Umar b. al-Imām Saqqā b. Ḥamatī K.N. al-Dimashqī al-Ṭūrī,عمر بن الإمام سقا بن حمتي ك.ن. الدمشقي الطوري
752,`Umar b. al-Kāhī Ibrāhīm,عمر بن الكاهي إبراهيم
753,`Umar b. al-Kūtī,عمر بن الكوتي
754,`Umar b. al-Madanī al-Mizwārī,عمر بن المدني المزواري
755,`Umar b. al-Mukhtār,عمر بن المختار
756,`Umar b. al-Muẓaffar b. al-Wardī al-Qurashī al-Bakrīal-Fāsī,عمر بن المظفر بن الوردي القرشي البكري الفاسي
761,`Umar b. al-Shaykh al-Bayḍāwī,عمر بن الشيخ البيضاوي
762,`Umar b. Ḥusayn b. `Abd Allāh al-Khirqī,عمر بن حسين بن عبد الله الخرقي
763,`Umar b. Ibrāhīm al-Ūshī al-Mursī al-Anṣārī,عمر بن إبراهيم الأوسي المرسي الأنصاري
764,`Umar b. Khalīl al-Ashbīlī,عمر بن خليل الأشبيلي
765,`Umar b. Kuthūm al-Taghlabī,عمر بن كلثوم التغلبي
766,`Umar b. Mayāki / Amīr Ghūbir (Gobir),عمر بن مياك (أمير غوبر)
767,`Umar b. Mu`āwaya b. Jabār al-Dabīlī (?),عمر بن معاوية بن جابر الدبيلي
768,`Umar b. Mūdī Ḥammad Ghayī al-Fulānī al-Sidībī al-Kunārī,عمر بن مودي حمدي غيي الفلاني السيدبي الكناري
770,`Umar b. Muḥammad al-Bukhārī b. `Uthmān,عمر بن محمد البخاري بن عثمان
771,`Umar b. Muḥammad al-Ḥawsī,عمر بن محمد الحوسي
774,`Umar b. Muḥammad b. `Abd Allāh al-Shahrūrī,عمر بن محمد بن عبد الله الشهروري
776,`Umar b. Muḥammad b. Abī Bakr al-Ṭūrūdī, عمر بن محمد بن أبي بكر الطورودي
777,`Umar b. Muḥammad b. al-Hawwārī,عمر بن محمد بن الهواري
778,`Umar b. Muḥammad Julya Mammādi al-Maghribī,عمر بن محمد جلي المغربي
779,`Umar b. Muḥammad Samīd b. Abī Bakr,عمر بن محمد سميد بن أبي بكر
783,`Umar b. Sa`īd b. `Uthmān b. al-Mukhtār al-Fūtī,عمر بن سعيد بن عثمان بن المختار الفوتي‏ ‬
785,`Umar b. Shaykh Bāba Suḥ b. Sa`īd al-Sārdūkī,عمر بن شيخ بابا سوح بن سعيد الساردوكي
786,`Umar b. Sulaymān,عمر بن سليمان
787,`Umar b. Ṭahir b. Abd al- Raḥmān b. Ṭahir al-Ṣanāwī,عمر بن طاهر بن عبدالرحمان بن طاهر الصناوى
788,`Umar Bāba b. Gurku b. `Alī b. Sa`īd,عمر باب بن كرك بن علي بن سعيد
789,`Umar Dabāla,عمر دبالة / منسوب
790,`Umar Jaliya,عمر جلية
791,`Umar Maygha,عمر ميغ
792,`Umar Rāfi` b. Ṣāliḥ b. Muḥammad b. Mūsa Tafsīr,عمر رافع بن صالح بن محمد بن موسي تفسير
793,`Urwah b. Sīdi Muḥammad b. `Abd al-Raḥmān b. Abī Bakr al-Kuntī,عروة بن سيد محمد بن عبد الرحمان بن أبي بكر الكنتي
794,`Uthmān,عثمان
795,`Uthmān al-`Uthūr,عثمان العثور
796,`Uthmān al-Kawr,عثمان الكور
798,`Uthmān b. `Abd Allāh al-Salāljī,عثمان بن عبد الله السلالجي
799,`Uthmān b. `Affān,عثمان بن عفان
800,`Uthmān b. `Alī al-Yūsī,عثمان بن علي اليوسي
801,`Uthmān b. `Alī b. Sulaymān,عثمان بن علي بن سليمان
802,`Uthmān b. `Umar al-Amīn al-Yūsī al-Raḥmūnī,عثمان بن عمر بن الأمين اليوسي الرحموني
803,`Uthmān b. `Umar al-Mālikī,عثمان بن عمر المالكي
804,`Uthmān b. `Umar b. Fūtī,عثمان بن عمر بن فوتي
807,`Uthmān b. `Umar b. Sīdātī `Uthmān al-Yūnusī al-Raḥmūnī al-Walātī,عثمان بن عمر بن سيداتي عثمان اليونسي الرحموني الولاتي
810,`Uthmān b. Abī Bakr b. `Umar b. Aḥmad,عثمان بن ابي بكر بن عمر بن أحمد
812,`Uthmān b. Abī Bakr b. `Uthmān al-Kabawī al-Kanawī,عثمان بن أبي بكر بن عثمان الكبوي الكنوي
814,`Uthmān b. al-Amīr,عثمان بن الأمير
815,`Uthmān b. al-Ḥājj al-Inkundarī,عثمان بن الحاج الإنكندري
816,`Uthmān b. al-Shaykh Khalīl al-Janāwī,عثمان بن الشيخ خليل الجناوي
817,`Uthmān b. aṭ-Ṭālib al-Amīn b. aṭ-Ṭālib Aḥmad b. aṭ-Ṭālib Mu'min al-Iqirdī al-Būfāydī al-Walātī,عثمان بن الطالب الأمين بن الطالب أحمد بن الطالب مومن الإقردي البوفايدي الولاتي
818,`Uthmān b. Bakkār b. Swayd Aḥmad al-Idaw`īshī,عثمان بن بكار بن أسويد أحمد
819,`Uthmān b. Ḥammad,عثمان بن هماد
820,`Uthmān b. Ḥasan b. Aḥmad al-Khūbawī,عثمان بن حسن بن أحمد الخوبوي
821,`Uthmān b. Ibrāhīm Kandā Y.K. (?),عثمان بن إبرهيم كندا (؟)
824,`Uthmān b. Isḥāq al-`Uthūr al-Ṭūrūdī al-Ṣūkkūti, عثمان بن إسحاق العثور الطورودي السكتي
826,`Uthmān b. Muḥammad,عثمان بن محمد
827,`Uthmān b. Muḥammad al-`Uthūrī,عثمان بن مجمد العثوري
828,`Uthmān b. Muḥammad b. `Umar al-Diyārī,عثمان بن محمد بن عمر الدياري
829,`Uthmān b. Muḥammad b. Inghlālan b. Ḥawālan al-Anṣārī,عثمان بن محمد بن إنغلالن بن حوالن الأنصاري
831,`Uthmān b. Muḥammad b. Muḥammad `Uthmān al-Kābarī,عثمان بن محمد بن محمد عثمان الكابري
834,`Uthmān b. Muḥammad Fūdī,عثمان بن محمد فودي
835,`Uthmān b. Muḥammad Fūdī (?),عثمان بن محمد فودي (؟)
836,`Uthmān b. Muḥammad Imām Mīga b. Muḥammad,عثمان بن محمد إمام ميغ بن محمد
839,`Uthmān b. Sa`īd al-Fūtī,عثمان بن سعيد الفوتي
840,`Uthmān b. Sa`īd al-Maqqarī,عثمان بن سعيد المقري
841,`Uthmān b. Ṭūfu b. Muḥammad,عثمان بن طوف بن محمد
842,`Uthmān b.`Alī al-Ḥuḍayrī,عثمان بن علي الحضيري
844,`Uthmān Kūsa b. Muḥammad b. `Umar al-Dārī al-Wīwī al-Lubuwī,عثمان كوسة بن محمد بن عمر الداري الويوي اللبوي
849,`Uthmān Windbāghū (?),عثمان وندباغو (?)
850,A`ayan Būjubīh,أعيان بوجبيه
851,A`mar b. Budda,أعمر بن بد
853,A`mar Ibn al-Imām Mbuyā al-Walātī,أعمر إبن االإمام امبويا الولاتي
855,Abad b. Sīdi Ḥamādi b. Maḥmūd,ابد بن سيد حمد بن محمود
856,Abate b. al-Ṭālib Aḥmad (?),ابتط الطالب أحمد (؟)
857,Abbā,أبا
858,Ābba b. al-Bukhārī al-Ya`qūbī,ابا بن البخاري اليعقوبي
859,Abbā b. Muḥammad Ibrāhīm,أبا بن محمد إبراهيم
860,Abbā Junayd b. `Abd al-Razzāq,أبا جنيد بن عبد الرزاق
861,Abbāt b. al-Ṭālib b. Sīdi Aḥmad b. `Abd al-Raḥmān,أبات بن الطالب بن سيد أحمد بن عبد الرحمان
862,Abd Balantat al-Kallādī (Gallādī),أبد بلنتت الكلادي
863,Abī `Abd al-Raḥmān Muḥammad b. `Abd al-Raḥmān,أبي عبدالرحمان محمد بن عبدالرحمان
864,Abī `Abd Allāh Muḥammad b. `Abbās al-Qayrawānī,أبي عبد الله محمد بن عباس القيرواني
865,Abī `Umar `Uthmān b. `Umar,أبي عمر عثمان بن عمر
866,Abī al-Qāsim al-Junaydī,أبي القاسم الجنيدي
867,Abī Bakr `Atīq b. al-`Alīm al-Akhdarī,أبي بكر عتيق بن العليم الأخضري
868,Abī Bakr al-Mukhtār al-Tījānī,أبي بكر المختار التجاني
869,Abī Ja`far Aḥmad Yūsuf al-Gharnāṭī,أبو جعفر أحمد يوسف الغرناطي
870,Abī Madīna b. Muḥammad b. Aḥmad b. Muḥammad al-Fāsī,أبي مدينة بن محمد بن أحمد بن محمد الفاسي
871,Ibnū b. Sīdinā al-Daymānī and `Abd al-Rahman b Mutālī al-Tandaghī,أبنو بن سيدنا الديماني وعبد الرحمان بن متالي التندغي
872,Abū `Abd al-Raḥman al-Tūnisī,‬أبو عبد الرحمن التلمساني‏ ‬التونسي
874,Abū `Abd Allāh al-Ilīrī al-Andalusī,أبو عبد الله الأليري الأندلسي
875,Abū `Abd Allāh al-Marjānī,‬أبو عبد الله المرجاني
876,Abū `Muḥammad b. Abī Zayd Abd al-Raḥmān al-Marrākushī,أبو عبد الله المراكشى
877,Abū `Abd Allāh al-Māzirī,أبو عبد الله المازري
878,Abū `Abd Allāh al-Mazmarī,أبو عبد الله المزمري
879,Abū `Abd Allāh al-Sanūsī,أبو عبد الله السنوسي
880,Abū `Abd Allāh al-Shīdī,أبو عبد الله الشيدى
881,Abū `Abd Allāh b. al-Fakhar al-Mālaqī,أبو عبد الله بن الفخر المالقي
883,Abū `Abd Allāh Muḥammad al-Andalusī,أبو عبد الله محمد الأندلسي
884,Abū `Abd Allāh Muḥammad al-Nāya,أبو عبد الله محمد الناى
885,Abū `Abd Allāh Muḥammad b. `Abd al-Karīm,أبو عبد الله محمد بن عبد الكريم
886,Abū `Abd Allāh Muḥammad b. `Umar,أبو عبد الله محمد بن عمر
887,Abū `Abd Allāh Muḥammad b. Abī al-Faḍl al-Raḍā`,أبو عبد الله محمد بن أبي الفضل الرضاع
889,Abū `Abd Allāh Muḥammad b. Muḥammad,أبو عبد الله محمد بن محمد
891,Abū `Abd Allāh Sīdi Muḥammad al-Shinqīṭī,أبو عبد الله سيد محمد الشنجيطي
892,Abū `Alī al-Mattījī,أبو علي المتيجي
893,Abū `Alī b. Qaddāḥ,أبو علي بن قداح
894,Abū `Alī b. Sīnā',أبو علي بن سيناء
896,Abū `Umrān al-Jurādī,أبو عمران الجرادي
898,Abū `Umrān al-Fāsī,أبو عمران الفاسي
899,Abū `Umrān al-Ḥawrānī,أبو عمران الحوراني
900,Abū `Umrān b. Mūsa b. Ḥammād,أبو عمران بن موسي بن حماد
901,Abū `Uthmān b. al-Shaykh Ṣāliḥ `Alī Yaḥya,أبو عثمان بن الشيخ صالح علي يحيي
902,Abū Aḥmad Maḥmūd,أبو أحمد محمود
903,Abū al-`Abbās,أبو العباس
904,Abū al-`Abbās Aḥmad b. Abī Bakr,أبو العباس أحمد بن أبي بكر
905,Abū al-`Abbās Aḥmad b. al-Ṣāliḥ,أبو العباس أحمد بن صالح
906,Abū al-`Abbās al-Burhānī,أبو العباس البرهاني
907,Abū al-`Abbās al-Tilimsānī,أبو العباس التلمساني
908,Abū al-`Abbās b. `Umar b. Sīdi Zayyan,أبو العباس بن عمر بن سيد زيان
909,Abū al-Baghy Muḥammad b. Mūsa al-Ṭabarī,أبو البغي محمد بن موسي الطبري
910,Abū al-Faḍl,أبو الفضل
911,Abū al-Faḍl al-Naḥwī,أبو الفضل النحوي
912,Abū al-Faḍl Ja`far Muḥammad al-Ṣādiq,أبو الفضل جعفر محمد الصادق
913,Abū al-Farj `Abd al-Raḥmān al-Jawrī,أبو الفرج عبد الرحمان الجوري
914,Abū al-Fatḥ `Alī b. Muḥammad,أبو الفتح علي بن محمد
915,Abū al-Ḥasan `Alī,أبو الحسن علي
916,Abū al-Ḥasan `Alī b. `Abd al-Ghānī,أبو الحسن علي بن عبد الغني
917,Abū al-Ḥasan `Ali b. Muḥammad b. `Alī al-Barī al-Ribāṭī,أبو حسن على بن محمد بن على البري الرباطى
919,Abū al-Ḥasan al-Jawshā`ī,أبو الحسن الجوشاعي
921,Abu al-Ḥasan al-Ṣaghīr,أبو الحسن الصغير‏
922,Abū al-Ḥasan b. `Alī al-Shāfi`i al-Madābaghī, أبو الحسن بن علي الشافعي المدابغي
923,Abū al-Ḥasan Ibrāhīm,أبو الحسن إبراهيم
924,Abū al-Huda,أبو الهدي
925,Abū al-Jabiyyā b. al-Ḥabbāb,أبو الجبيا بن الحباب
926,Abū al-Karīm b. al-Ṭāhir,أبو الكريم ابن الطاهر
927,Abū al-Khaṭīb al-Tilimsānī, أبو الخطيب التلمساني
928,Abū al-Khayr b. `Abd Allāh b. Marzūq b. al-Ḥalla al-Arawānī,أبو الخير بن عبد الله بن مرزوق بن الحلة الأرواني
929,Abū al-Ma`ālī,أبو المعالي
930,Abū al-Qāsim al-Ḥalabī,أبو القاسم الحلبي
932,Abū al-Qāsim al-Ḥasanī al-Sabtī and Shaykh Qāsim al-Ḥalabī,أبو القاسم الحسني السبتي وشيخ قاسم الحلبي
933,Abū al-Qāsim al-Shahībī,أبو القاسم الشهيبي
934,Abū al-Qāsim b. `Abd al-Nūr al-Barzalī,أبو القاسم بن عبد النور البرزلي
935,Abū al-Qāsim b. Abī Bakr al-Laythī al-Samraqandī,أبو القاسم بن أبي‏ ‬بكر الليثي‏ ‬السمرقندي‏ ‬
936,Abū al-Qāsim b. Muḥammad,أبو القاسم بن محمد
937,Abū al-Qāsim b. Muḥammad al-Bijā'ī,أبو القاسم بن محمد البجائي
938,Abū al-Qāsim Fūfāna b.`Uthmān Fūfāna,أبو القاسم فوفان بن عثمان فوفان
939,Abū al-Qāsim Muḥammad b. Ja`far,أبو القاسم محمد بن جعفر
940,Abū al-Ruqā' al-Fāsī,أبو الرقاء الفاسي
941,Abū al-Sa`ūd al-Mufsir and Abū al-`Alā' al-Ma`arī and Ishbīlī and Sīdi Muḥammad,أبو السعود المفسر وأبو العلاء المعري وإشبيلي وسيد محمد
942,Abū al-Ṭāhir b. Abī Ibrāhīm b. Yaḥya al-Ḥanbalī,أبو الطاهر بن أبي إبراهيم بن يحيي الحنبلي
944,Abū al-Ṭayyib Aḥmad b. al-Ḥusayn al-Mutanabī,أبو الطييب أحمد بن الحسين المتنبي
946,Abū Bakr,أبو بكر
947,Abū Bakr,أبو بكر
948,Abū Bakr,أبو بكر
950,Abū Bakr `Alī b. al-Shaykh,أبو بكر علي بن الشيخ
951,Abū Bakr `Atīq,أبو بكر عتيق
952,Abū Bakr `Atīq b. `Uthmān b. Muḥammad Fūdī,أبو بكر عتيق بن عثمان بنمحمد فودي
953,Abū Bakr Aḥmad al-Zakzakī,أبو بكر أحمد الزكزكي
954,Abū Bakr al-`Atīq b. Khiḍr b. Abī  Bakr al-Kashnāwī al-Kanawī al-Tijānī,أبو بكر عتيق بن خضر بن أبي بكر الكشناوي الكنوي التجاني
968,Abū Bakr al-Baynābūwī,أبو بكر البينابوي
969,Abū Bakr al-Fallātī,أبو بكر الفلاتي
970,Abū Bakr al-Muskīn b. Aḥmad al-Barnāwī, أبو بكر المسكين بن أحمد البرناوي
971,Abū Bakr al-Ṣiddīq,أبو بكر الصديق
972,Abū Bakr al-Ṣiddīq b. Muḥammad al-Wushīshī,أبو بكر الصديق بن محمد الوشيشي
973,Abū Bakr al-Ṣiddīq b. Muḥammad b. Abī Bakr,أبو بكر الصديق بن محمد بن أبي بكر
974,Abū Bakr at-Ṭufayl b. Aḥmad b. Muḥammad b. Aḥmad b. ash-Shagh al-Muslimī at-Tīshītī,أبو بكرالطفيل بن أحمد بن محمد بن أحمد بن الشَّغَّه المسلمي التيشيتي
975,Abū Bakr b. `Abd,أبو بكر بن عبد
976,Abū Bakr b. `Abd Allāh b. Aḥmad al-`Awayd al-Maḥjūbī,أبو بكر بن عبد الله بن أحمد العويد المحجوبي
977,Abū Bakr b. `Āl and Samba J`āi' and Tīrnu (Cerno) Samba and Ṣiddīq,أبو بكر بن عال وسمب جعاء وتيرنو سمب وصديق
979,Abū Bakr b. `Alī b. `Abd Allāh al-Ḥamawī,أبو بكر بن علي بن عبد الله الحموي
980,Abū Bakr b. `Alī b. Ḥijja,أبو بكر بن علي ابن حجة
981,Abū Bakr b. `Uthmān al-Kabīr al-Kunārī,أبو بكر بن عثمان الكبير الكناري
982,Abū Bakr b. 'Att al-Ḥasanī,أبو بكر بن آت الحسني
983,Abū Bakr b. Abī al-Qāsim,أبو بكر بن أبي القاسم
984,Abū Bakr b. Abī al-Qāsim b. Muḥammad al-Ahdal al-Yamānī,أبو بكر بن أبي القاسم بن محمد الاهدل اليماني
985,Abū Bakr [Babakkar] b. Ḥjāb ad-Daymānī,أبو بكر بن احجاب الديماني
986,Abū Bakr b. Aḥmad,أبو بكر بن أحمد
987,Abū Bakr b. Aḥmad al-Fulānī al-Sīdibī al-Baghūnī,أبو بكر بن أحمد الفلاني السيدبي البغوني
988,Abū Bakr b. Aḥmad b. al-Qāḍī,أبو بكر بن أحمد بن القاضي
989,Abū Bakr b. Aḥmad b. Maīdūgū Kiyarī,أبو بكر بن أحمد بن ميدوغو كيري
990,Abū Bakr b. Aḥmaddū Bābah at-Tandaghī al-Idagbāllī (الإدكبالي),أبو بكر بن أحمدُّو بابه التندغي الإدكبالي
991,Abū Bakr b. al-Fāhim Sa`īd,أبو بكر الفاهم سعيد
992,Abū Bakr b. al-Ḥājj Maḥmūd,أبو بكر بن الحاج محمود
994,Abū Bakr b. al-Ḥusayn b. `Abd al-Qādir,أبو بكر بن الحسين بن عبد القادر
995,Abū Bakr b. al-Ḥusayn b. Abd al-Qādir b. Muḥammad b. al-Shaykh al-Imām,أبو بكر بن الحسين بن عبد القادر بن محمد بن الشيخ الإمام
996,Bābakr b. al-Imām b. al-Amīn Fāl [Ṿāl] b. al-Mukhtār Sa`īd b. al-Imām Muḥammad al-Yadālī,بابكر بن الإمام بن الأمين فال بن المختار سعيد بن الإمام محمد اليدالي
997,Abū Bakr b. al-Mukhtār al-Zanjawī al-Kābarī,أبو بكر بن المختار الزنجوي الكابري
998,Abū Bakr b. al-Rakab al-Lubū,أبو بكر بن الركب اللبو
999,Abū Bakr b. Bāba al-Māsinī,أبو بكر بن بابا الماسني
1000,Abū Bakr b. Barka,أبو بكر بن برك
1001,Abū Bakr b. Ḥamma b. Mūsa,أبو بكر بن حم بن موسي
1002,Abū Bakr b. Ḥammād,أبو بكر بن حماد
1003,Abū Bakr b. Ḥammād al-Inkundarī,أبو بكر بن حماد الإنكندري
1004,Abū Bakr b. Ḥammād b. al-Ḥasan,أبو بكر بن حماد بن الحسن
1005,Abū Bakr b. Inlabush (?),أبو بكر بن إنلبش
1006,Abū Bakr b. Kayas b. Dāwud,أبو بكر بن كيس بن داود
1007,Abū Bakr b. Khalīl b. Aḥmad,أبو بكر بن خليل بن أحمد
1008,Abū Bakr b. Muḥanḍ Nhāyt ad-Daymānī,أبو بكر بن محنض انهايت الديماني
1009,Abū Bakr b. Muḥammad,أبو بكر بن محمد
1010,Abū Bakr b. Muḥammad `Alabira b. Ibrāhīm Dūth,أبو بكر بن محمد علبر بن إبراهيم دوث
1011,Abū Bakr b. Muḥammad al-Ṣaīd al-Arawānī,أبو بكر بن محمد الصيد الأرواني
1013,Abū Bakr b. Muḥammad Amāṣīl,أبو بكر بن محمد اماصيل
1014,Abū Bakr b. Muḥammad b. `Ā'isha,أبو بكر بن محمد بن عائشة
1015,Abū Bakr b. Muḥammad b. `Abd Allāh al-Kanawī,أبو بكر بن محمد بن عبد الله الكنوي
1018,Abū Bakr b. Muḥammad b. `Uthmān,أبو بكر بن محمد بن عثمان
1020,Abū Bakr b. Muḥammad b. Abī Bakr,أبو بكر بن محمد بن أبي بكر
1021,Abū Bakr b. Muḥammad b. Aḥmad b. al-Ṣāliḥ al-Takrūrī,أبو بكر بن محمد بن أحمد بن الصالح التكروري
1022,Abū Bakr b. Muḥammad b. al-`Abd b. Ṭālibnā,أبو بكر بن محمد بن العبد بن طالبنا
1025,Abū Bakr b. Muḥammad b. Yūnis,أبو بكر بن محمد بن يونس
1026,Abū Bakr b. Muḥammad Sira,أبو بكر بن محمد سرا
1027,Abū Bakr b. Muḥammad Sīrī al-Fulānī,أبو بكر بن محمد سيري الفلاني
1029,Abū Bakr b. Mūsa,أبو بكر بن موسي
1030,Abū Bakr b. Ṣāliḥ al-Khuthāmī,أبو بكر بن صالح الخثامي
1031,Abū Bakr b. Ṣāliḥ b. Bakr al-Saylānī,أبو بكر بن صالح بن بكر السيلاني
1032,Abū Bakr b. Sīd Aḥmad b. Māmmayn al-Yadnhanḍī ad-Daymānī,أبو بكر بن سيدي أحمد بن مَامَّيْنْ اليدنهنضي الديماني
1033,Abū Bakr b. Sūsī,أبو بكر بن سوسي
1034,Abū Bakr b. Wadī`at Allāh al-Māsinī al-Fulānī,ابو بكر بن وديعة الله الماسيني الفلاني
1035,Abū Bakr Baqin Ruwū Kanū (Kano),أبو بكر بقن روا كنوا
1036,Abū Bakr Jallū b. al-Shaykh Ḥasan b. Mūsa,أبو بكر جلو بن الشيخ حسن بن موسى
1037,Abū Bakr Kala`ama Najl al-Māhir al-Taqī Awana,أبو بكر كلعم نجل الماهر التقي أونى
1038,Abū Bakr Muḥammad,أبو بكر محمد
1039,Abū Bakr Muḥammad al-Ḥaḍramī,أبو بكر محمد الحضرمي
1040,Abū Bakr Muḥammad b. `Abd Allāh b. Aḥmad b. al-Ā`rabī al-Mu`ārifī,أبو بكر محمد بن عبد الله بن أحمد بن الأعربي المعارفي
1041,Abū Bakr Muḥammad b. Ḥusayn,أبو بكر محمد بن حسين
1042,Abū Bakr Muḥammad b. Muhīb,أبو بكر محمد بن مهيب
1045,Abū Bakr Nufāwā b. Muḥammad,أبو بكر نفاوا بن محمد
1046,Abū Bakr Sy b. Mālik b. `Uthmān,أبو بكر سي بن مالك بن عثمان
1048,Yaḥya b. `Umar al-Qurṭubī al-Azdī,يحيي بن عمر القرطبي الازدي
1049,Abū Bakr Zayd,أبو بكر زيد
1050,Abū Dhar al-Ghafārī,أبو ذر الغفاري
1051,Abū Firās al-Farazdaq,أبو فراس الفرزدق
1052,Abū Hafs `Umar b. al-Fāriḍ,أبو حفص عمر بن الفارض
1053,Abū Ḥamīd b. Muḥammad al-Anṣārī,أبو حامد بن محمد الأنصاري
1054,Abū Ḥamza al-Kasā'ī,أبو حمزة الكسائي
1055,Abū Ḥāzim,أبو حازم
1057,Abū Isḥāq b. Ibrāhīm b. Farḥūn,أبو إسحاق بن إبراهيم بن فرحون
1058,Abū Isḥāq Ibrāhīm al-Tījānī,أبو إسحاق إبراهيم التيجاني
1060,Abū Ja`far b. Yūsuf b. Mālik,أبو جعفر بن يوسف ابن مالك
1061,Abū Khātim Istikhbānī (sic),أبو خاتم استخباني (آه)
1062,Abū Ma`shar al-Falakī,أبو معشر الفلكي
1063,Abū Madyan,أبو مدين
1064,Abū Madyan al-Ghawth,أبو مدين الغوث
1065,Abū Madyan b. Abātah,أبو مدين بن أباته
1066,Abū Madyan b. Aḥmad b. Muḥammad al-Fāsī al-Fiḥrī,أبو مدين بن أحمد بن محمد الفاسي الفحري
1068,Abū Madyana b. ash-Shaykh Aḥmaddū b. Slaymān ad-Daymānī,أبو مدين بن الشيخ أحمدو بن اسْلَيْمَان الديماني
1070,Abū Muḥammad,أبو محمد
1071,Abū Muḥammad `Abd al-Waḥīd al-Maṭfarī,أبو محمد عبد الواحد المطفري
1072,Abū Muḥammad al-Ḥājj b. Muḥammad al-Zaghāwī,أبو محمد الحاج بن محمد الزغوي
1073,Abū Muḥammad b. `Abd Allāh al-Qusṭanṭī (Qusṭanṭīnī ?),أبو محمد بن عبد الله القسطنطي (القسطنطيني ?)
1074,Abū Muḥammad b. Ibrāhīm Muḥammad b. al-Fasrī,أبو محمد بن إبراهيم محمد بن الفسري
1075,Abū Muḥammad b. Mawlūd b. Aḥmad aj-Jawād al-Ya`qūbī,أبو محمد بن مولود بن أحمد الجواد اليعقوبي
1076,Abū Muḥammad b. Salīma,أبو محمد بن سليمة
1077,Abū Muḥammad ibn Hishām,أبو محمد‏ ابن هشام‏
1078,Abū Muḥammad Muḥammad,أبو محمد محمد
1080,Abū Qāsim b. Fīrruh b. Khalaf al-Ru`aynī al-Shāṭibī,قاسم بن فيره بن خلف الرعيني الشاطبي
1082,Abū Rābhā al-Kafaghī,أبو رابها الكفغي
1083,Abū Rābi` Sulaymān al-Jarbī,أبو ربيع سليمان الجربي
1084,Abū Sa`īd Khalaf al-Qayrawānī,أبو سعيد خلف القيرواني
1085,Abū Sa`yid al-Najā'ī,‬أبو سعيد النجائي
1086,Abū Sha`ban al-Qurashī,أبو شعبان القرشي
1087,Abū Shāma,أبو شامة
1088,Abū Ṭāhir al-Maghribī al-Tījānī,أبو طاهر المغربي التيجاني
1089,Abū Yūsuf b. `Abd Allāh b. Muḥammad b. `Abd al-Barr,أبو يوسف بن عبد الله بن محمد بن عبد البر
1090,Abū Zayd b. `Abd al-Raḥmān al-Tūnisī,أبو زيد بن عبد الرحمان التونسي
1091,Ādam `Abd Allāh b. Ḥabīb Allāh Ilīrī,آدم بن عبد الله بن حبيب الله إليري
1093,Ādam al-Walātī,آدم الولاتي
1094,Ādam b. `Abd al-Bāqī,آدم بن عبد الباقي
1095,Ādam b. `Abd al-Raḥmān,آدم بن الشيخ عبد الرحمان
1096,Ādam b. `Uthmān b. Ṭāhir,آدم بن عثمان بن طاهر
1097,Ādam b. al-Ḥājj Awwal,آدم بن الحاج أول
1098,Adam b. Muḥammad B`arabī, آدم بن محمد بعربي
1099,Ādam Kūmāsī dar Mu`ālam Sa`īd,آدم كوماساوى دار معالم سعيد
1100,Ādam Muḥammad Maḥmūd Muṣṭafa,آدم محمد محمود مصطفى
1101,Ādam Na-Ma'aji al-Fundukī al-Kanawī,آدم نمعج الفندكي الكنوي
1102,Ādam Zabarmārī,آدم ذبرماري
1103,Afā b. Lāwar (?),افا بن لاور (?)
1104,Ag Illādī,أك الادي
1105,Ahihab Nūh b. Tārī,شهاب نوح بن تاري
1110,Aḥmad `Abd al-Raḥmān al-Bannā al-Sā`atī,أحمد عبد الرحمان البنا الساعتي
1111,Aḥmad `Abd Allāh,أحمد عبد الله
1112,Aḥmad `ulamā' Kantah (?),أحمد علماء كنته (؟)
1113,Aḥmad Abū al-Ma`ālī b. ash-Shaykh Aḥmad Ḥaḍrāmī at-Tāggāṭī,أحمد أبو المعالي بن الشيخ أحمد حضرامي التاگاطي
1114,Aḥmad Abū al-Fatḥ b. `Alī al-Fallātī al-Yarwāwī al-Barnāwī al-Tījānī,أحمد أبو الفتح بن علي الفلاتي اليرواوي البرناوي التجاني
1115,Aḥmad Agād b. `Abd Allāh,أحمد أكاد بن عبد الله
1116,Aḥmad al-`Adnānī,أحمد العدناني
1117,Aḥmad al-`Alamī,أحمد العلمي
1118,Aḥmad al-Ādam al-Hārī,أحمد الأدم الهاري
1119,Aḥmad al-Ādnān al-Tījānī,أحمد الأدنان التيجاني
1120,Aḥmad al-Amīn b. Muḥammad b. al-Wāqif al-Ṭibārī,أحمد الأمين بن محمد بن الواقف الطباري
1121,Aḥmad al-Amjad b. `Abd al-Fattāḥ al-Ghallāwī as-Sbā`ī,أحمد الأمجد بن عبد الفتاح الغلاوي السباعي
1122,Aḥmad al-Badawī b. Muḥammadā al-Majlisī,أحمد البدوي بن محمدا المجلسي
1123,Aḥmad al-Bakkā`ī b. `Īsa b. Aḥmad al-Ghadāmisī,أحمد البكائي بن عيسي بن أحمد الغدامسي
1126,Aḥmad al-Bakkā`ī b. Sīdī Muḥammad Sidi al-Mukhtar al-Kuntī,أحمد بكاي بن سيدي محمد بن سيدي المختار الكنتي
1131,Aḥmad al-Bānā' al-Azdī al-Marrākushī,أحمد البانأ الأزدي المراكشي
1132,Aḥmad al-Bashwāt al-Rumā,أحمد البشوات من الرماة
1133,Aḥmad al-Būnī [cf. Aḥmad b. `Alī Yūsuf al-Būnī?],أحمد البوني [أحمد بن علي‏ ‬يوسف البوني‏ ؟]
1134,Aḥmad al-Damanhūrī,أحمد الدمنهوري
1136,Aḥmad al-Gharbī (attr.),أحمد الغربي
1137,Aḥmad al-Ḥabīb,أحمد الحبيب
1138,Aḥmad al-Hadālī al-Filālī,‬أحمد الهدالي‏ ‬الفلالي
1139,Aḥmad al-Hība b. ash-Shaykh Ma' al-`Aynayn b. ash-Shaykh Muḥammad Fāḍil [Vāḍil] al-Qalqamī,أحمد الهيبة بن الشيخ ماء العينين بن الشيخ محمد فاضل القلقمي
1140,Aḥmad aj-Jiyyid aṭ-Ṭālib Muḥammad b. Abī Bakr aṣ-Ṣiddīq al-Bārtaylī [al-Ḅārittaylī],أحمد الجيد بن الطالب محمد بن أبي بكر الصديق البارتلي
1141,Aḥmad al-Jayyid b. al-Lūbbū b. al-Jayyid,أحمد الجيد بن اللوبو بن الجيد
1142,Aḥmad al-Kabīr al-Madanī,أحمد الكبير المدني
1143,Aḥmad al-Karīm b. al-Mukhtār b. Ziyyād al-Ḥājī,أحمد الكريم بن المختار بن زياد الحاجي
1144,Aḥmad al-Lamtūnī,أحمد اللمتوني
1145,Aḥmad al-Mubtalī b. Aḥmad al-Muṣṭafa b. al-Fā`im,أحمد المبتلي بن أحمد المصطفي بن الفاعم
1146,Aḥmad al-Mukhtār,أحمد المختار
1147,Aḥmad al-Muṣṭafa,أحمد المصطفي
1148,Aḥmad al-Qārrī al-Kākī,أحمد القاري الكاكي
1149,Aḥmad al-Rūfā`ī b. `Uthmān b. Muḥammad Fūdī,أحمد الروفعي بن عثمان بن محمد فودي
1151,Aḥmad al-Rūfā`ī b. Abī Bakr,أحمد الروفعي بن أبي بكر
1152,Aḥmad al-Ṣaghīr al-Tabshīnī,أحمد الصغير التبشيني
1153,Aḥmadū aṣ-Ṣaghīr b. Ḥima Allāh [Ḥmāhaḷḷa] al-Muslimī at-Tīshītī,أحمدُو الصغير بن حمى الله  المسلمي التيشيتي
1155,Aḥmad al-Shādhilī b. Muḥammad al-Juljulī,أحمد الشاذلي بن محمد الجلجلي
1156,Aḥmad al-Shādhilī b. Muḥammad b. Aḥmad b. Muḥammad,أحمد الشاذلي بن محمد بن أحمد بن محمد
1157,Aḥmad al-Shāfi`ī,أحمد الشافعي
1158,Aḥmad al-Shaykh,أحمد الشيخ
1159,Aḥmad al-Shaykh al-Sūqī,أحمد الشيخ السوقي
1160,Aḥmad al-Shaykh al-Tijānī,أحمد ألشياخ التجاني
1161,Aḥmad al-Shinqīṭī,أحمد الشنقيطي
1162,Aḥmad al-Siqlī b. Ḥamlā' al-Tīnbuktī,أحمد السقلي بن حملاء التنبكتي
1163,Aḥmad al-Sūqī,أحمد السوقي
1164,Aḥmad al-Ṭayyib b. al-Bashīr al-`Abbāsī,أحمد الطايب بن الباشير العباسي
1165,Aḥmad al-Tījānī b. `Īsa al-Kānamī al-Yarwawī,أحمد التجاني بن عيسي الكانمي اليرووي
1167,Aḥmad al-Tījānī b. `Uthmān b. Muḥammad al-Kanawī,أحمد التجاني بن عثمان بن محمد الكنوي
1169,Aḥmad al-Tījānī b. Bāba b. Aḥmad al-`Alawī,أحمد التجاني بن بابا بن أحمد العلوي
1170,Aḥmad al-Tījānī b. Sīdi `Abd Allāh,أحمد التجاني بن سيد عبد الله
1171,Aḥmad al-Tījānī Bah b. Aḥmad al-Mukhtār,أحمد التجاني باه بن أحمد المختار
1172,Aḥmad al-Tījānī Tukūr al-Kanawī,أحمد التجاني التكرور الكنوي
1173,Aḥmad al-Wārī,أحمد الواري
1174,Aḥmad Anwar b. Ṣāliḥ al-Maghribī,أحمد انور بن صالح المغربي
1176,Aḥmad b. `Abd al-`Azīz al-Hilālī al-Sijilmāsī,أحمد بن عبد العزيز الهلالي السجلماسي
1178,Aḥmad b. `Abd al-Ḥalīm b. Taymiyya al-Ḥanbalī,أحمد بن الحليم بن تيمية الحبلي
1179,Aḥmad b. `Abd al-Ḥayy,أحمد بن عبد الحي
1180,Aḥmad b. `Abd al-Hayy al-Ḥalabī al-Fāsī,أحمد بن عبد الحي الحلبي الفاسي
1181,Aḥmad b. `Abd al-Mū'min al-Sharīshī,‬أحمد بن عبد المؤمن الشريشي‏‬
1182,Aḥmad b. `Abd al-Mu'min b. Mūsa al-Wangarī,أحمد بن عبد المؤمن بن موسي الونكري
1183,Aḥmad b. `Abd al-Qādir al-Ḥasanī,أحمد بن عبد القادر الحسني
1184,Aḥmad Dayna b. `Abd al-Qadīr b. al-Amīn al-Kumlaylī,أحمد دين بن عيد القادر بن الأمين الكمليلي
1185,Aḥmad b. `Abd al-Raḥmān al-Maghwārī,أحمد بن عبد الرحمان المغواري
1186,Aḥmad b. `Abd al-Raḥman al-Yazlayṭanī,‬أحمد بن عبد الرحمن اليزليطني‏‬
1187,Aḥmad b. `Abd al-Raḥmān b. Muḥammad al-Katāgumī,أحمد بن عبد الرحمان بن محمد الكتاغمي
1188,Aḥmad b. `Abd al-Razzāq al-Ṭanṭarānī,أحمد بن عبد الرزاق الطنطراني
1190,Aḥmad b. `Abd Allāh,‬أحمد بن عبد الله
1191,Aḥmad b. `Abd Allāh al-'Ujhūrī,أحمد بن عبد الله الأجهوري
1193,Aḥmad b. `Abd Allāh al-Fāsī,أحمد بن عبد الله الفاسي
1194,Aḥmad b. `Abd Allāh al-Ḥasanī,أحمد بن عبد الله الحسني
1195,Aḥmad b. `Abd Allāh al-Iṣbahānī,‬أحمد بن عبد الله الإصبهاني‏
1196,Aḥmad b. `Abd Allāh al-Jājānī,أحمد بن عبد الله الجاجاني
1199,Aḥmad b. `Abd Allāh al-Jazā'irī,أحمد بن عبد الله الجزائري
1203,Aḥmad b. `Abd Allāh al-Tilimsānī,‬أحمد بن عبد الله التلمساني
1204,Aḥmad b. `Abd Allāh al-Yaznāshī,أحمد بن عبد الله اليزناشي
1205,Aḥmad b. `Abd Allāh b. Abī Bakr al-Ṣiddīq,أحمد بن عبد الله بن أبي بكر الصديق
1207,Aḥmad b. `Abd Allāh b. Ibrāhīm,أحمد بن عيد الله بن إبراهيم
1208,Aḥmad b. `Abd Allāh b. Muḥammad b. Mūlay `Abd al-Waḥīd,أحمد بن عبد الله بن محمد بن مولاي عبد الواحد
1209,Aḥmad b. `Abd Allāh b. Zaydūn al-Makhzūmī al-Andalusī,أحمد بن عبد الله بن زيدون المخزومي الأندلسي
1210,Aḥmad b. `Alī,أحمد بن علي
1211,Aḥmad b. `Alī al-Būnī al-Qurashī,أحمد بن علي البوني القرشي
1214,Aḥmad b. `Alī al-Busa`īdī al-Hashtūkī,أحمد بن علي البوسعيدي الهشتوكي
1215,Aḥmad b. `Alī al-Dalajī,أحمد بن علي الدلجي
1216,Aḥmad b. `Alī b. `Abd al-Jalīl,أحمد بن علي‏ ‬بن عبد الجليل
1217,Aḥmad b. `Alī b. `Abd al-Raḥmān al-Manjūrī,أحمد بن علي بن عبد الرحمان المنجوري
1220,Aḥmad b. `Alī b. Aḥmad b. `Alī b. Dawūd al-Balawī,‬أحمد بن علي‏ ‬بن احمد بن علي‏ ‬بن داوود البلوي‏
1221,Aḥmad b. `Alī b. Muḥammad al-Sūsī al-Būs`adī,أحمد بن علي بن محمد السوسي البوسعدي
1222,Aḥmad b. `Alī b. Yaḥya al-Rifā`ī,أحمد بن علي بن يحيي الرفاعي
1223,Aḥmad b. `Alī Yūsuf al-Būnī,‬أحمد بن علي‏ ‬يوسف البوني‏‬
1225,Aḥmad b. `Aṭṭa' Allāh al-Shādhilī,أحمد بن عطاء الله الشاذلي
1226,Aḥmad b. `Īsa,أحمد بن عيسي
1227,Aḥmad b. `Īsa b. Mūdawī al-Anṣārī al-Sinnārī,أحمد بن عيسي بن مودوي الأنصاري السناري
1228,Aḥmad b. `Īsa Zarrūq,أحمد بن عيسي زروق
1229,Aḥmad b. `Ubayd Allāh b. Maḥmūd b. `Umar b. Fāt and Muḥammad b. `Uthmān b. Alfā Ṣāliḥ b. al-Imām,أحمد بن عبيد الله بن محمود بن عمر بن فات ومحمد بن عثمان بن أفا صالح بن الإمام العزم
1230,Aḥmad b. `Umar al-Ḥasanī,أحمد بن عمر الحسني
1231,Aḥmad b. `Umar b. al-Mukhtār b. `Alī b. Abī Bakr b. al-Ḥāj aj-Jakanī,أحمد بن أعمر بن المختار بن علي بن أبي بكر بن الحاج الجكني
1232,Aḥmad b. `Umar al-Kuntī,أحمد بن عمر الكنتي
1233,Aḥmad b. `Umar b. Abī Bakr,أحمد بن عمر بن أبي بكر
1234,Aḥmad b. `Umar Karkī,أحمد بن عمر كركي
1235,Aḥmad b. `Uthmān al-Barnāwī,أحمد بن عثمان
1236,Aḥmad b. `Uthmān al-Azdī,أحمد بن عثمان الأزدي
1237,Aḥmad b. `Uthmān al-Dayrabī,أحمد بن عثمان الديربي
1238,Aḥmad b. `Uthmān b. Muḥammad al-Kanawī,أحمد بن عثمان بن محمد الكنوي
1240,Aḥmad b. `Uthmān b. Nabā', أحمد بن عثمان بن النباء
1241,Aḥmad b. Abadu,أحمد بن ابد
1243,Aḥmad b. Abī al-Qāsim,أحمد بن أبي القاسم
1244,Aḥmad b. Abī al-Raḍa,أحمد بن أبي الرضا
1245,Aḥmad b. Abī Bakr, أحمد بن أبي بكر
1246,Aḥmad b. Abī Bakr, أحمد بن أبي بكر
1247,Aḥmad b. Abī Bakr,أحمد بن أبي بكر
1248,Aḥmad b. Abī Bakr al-Fallātī,أحمد بن أبي بكر الفلاتي
1249,Aḥmad b. Abī Bakr b. `Abd Allāh al-Walātī,أحمد بن أبي بكر بن عبد الله الولاتي
1250,Aḥmad b. Abī Bakr b. Aḥmad,أحمد بن أبي بكر بن أحمد
1251,Aḥmad b. Abī Bakr b. Aḥmad Bāba al-Tandaghī,أحمد بن أبي بكر بن أحمد باب التندغي
1252,Aḥmad b. Abī Bakr b. al-Imām Sa`īd al-Muṣṭafa b. Ḥamād Ḥana al-Janāwī,أحمد بن أبي بكر بن الإمام سعيد المصطفي بن حمد حان الجناوي
1253,Aḥmad b. Abī Bakr b. Muḥammad al-Mukhtār b. Aḥmad,أحمد بن أبي بكر بن محمد المختار بن أحمد
1254,Aḥmad b. Abī Bakr b. Muḥammad al-Ṣayd al-Arawānī,أحمد بن أبي بكر بن محمد الصيد الأرواني
1256,Aḥmad b. Abī Bakr Ilūrī,أحمد بن أبى بكر إلوري
1257,Bashīr b. Muḥammad at-Talmūdī al-Juzālī at-Tinbuktī,بشير بن محمد التلمودي الغزالي التنبكتي
1261,Aḥmad b. Aḥmad,أحمد بن أحمد
1262,Aḥmad b. Aḥmad al-Bashīr al-Kalsūkī,أحمد بن أحمد البشير الكلسوكي
1263,Aḥmad b. Aḥmad al-Fālī,أحمد بن أحمد الفالي
1264,Aḥmad b. Aḥmad al-Fayyūmī al-Gharqāwī,أحمد بن أحمد الفيومي الغرقاوي
1265,Aḥmad b. Aḥmad al-Fulānī,أحمد بن أحمد الفلاني
1266,Aḥmad b. Aḥmad al-Raḥmūnī,أحمد بن أحمد الرحموني
1267,Aḥmad b. Aḥmad al-Rasmūkī,أحمد بن أحمد الرسموكي
1268,Aḥmad b. Aḥmad al-Sujā`aī,‬ أحمد بن ‬احمد السُجاعي‏
1269,Aḥmad b. Aḥmad b. `Abd al-Raḥmān b. Muḥammad Ghūrdu al-Ghalānī al-Tīnbuktī,أحمد بن أحمد بن عبد الرحمان بن محمد غورد الغلاني التنبكتي
1270,Aḥmad b. Aḥmad b. Muḥammad al-Muṣṭafa,أحمد بن أحمد بن محمد المصطفي
1272,Aḥmad b. Aḥmad b. Muḥammad b. `Īsā b. Zarrūq al-Burnusī,‬أحمد بن احمد بن محمد بن عيسى البرنسي‏
1274,Aḥmad b. Aḥmad b. Muḥammad Lūbbū al-Māsinī,أحمد بن أحمد بن محمد لوبو الماسني
1275,Aḥmad b. Aḥmad Zaydān al-Jakanī,أحمد بن أحمد زيدان الجكني
1276,Aḥmad b. Aḥmaddū b. Aḥmad b. al-Fāḍil [Ṿāḍil] b. Ayshār al-Idagfūdī (الإدكفودي) at-Tandaghī,أحمد بن أحمدو بن أحمد بن فاضل بن أيشارالإدكفودي التندغي
1277,Aḥmad b. Aḥmayd and `Alī b. Ahmayd al-Sha`wānī,أحمد بن أحميد وعلي بن أحميد الشعواني
1278,Aḥmad b. al-`Abbās Shahāb al-Dīn al-Shāfi`ī,أحمد بن العباس شهاب الدين الشافعي
1279,Aḥmad b. Muḥammad al-`Āqil al-Abhamī ad-Daymānī,أحمد بن محمد العاقل الديماني الأبهمي
1280,Sīdī Aḥmad b. al-Amīn al-`Alawī ash-Shinqīṭī,سيدي أحمد بن الأمين العلوي الشنقيطي
1283,Aḥmad b. al-Bannā',أحمد البناْ
1285,Abnū Ḥanbal b. al-Bashīr al-Yadmusī,أبنو حنبل بن البشير اليدمسي
1287,Aḥmad b. al-Bashīr b. Muḥammad al-Ḥanshī al-Ghallāwī,أحمد بن البشير بن محمد الحنشي الغلاوي
1289,Aḥmad b. al-Ghumrī al-`Ammānī,أحمد بن الغمري العماني
1291,Aḥmad b. al-Faqīh aṭ-Ṭālib al-Bashīr b. al-Ḥāj al-Hādī al-Idayllbī,أحمد بن الفقيه الطالب البشير بن الحاج الهادي الإديلبي
1292,Aḥmad b. al-Ḥāj al-Amīn al-Ghallāwī,أحمد بن الحاج الأمين الغلاوي
1293,Aḥmad b. al-Ḥāj Ḥimā Allāh b. al-Ḥāj al-Muṣṭafā al-Ghallāwī,أحمد بن الحاج حماه الله بن أحمد بن الحاج المصطفى الغلاوي الأحمدي الشنقيطي
1294,Aḥmad b. al-Ḥasan,أحمد بن الحسن
1295,Aḥmad b. al-Ḥasan al-Jārbardī,أحمد بن الحسن الجاربرْدي‏ ‬
1296,Aḥmad b. al-Ḥasan al-Zajlī al-Mūsawī,أحمد بن الحسن الزجلي الموسوي
1297,Aḥmad b. al-Ḥasan b. `Alī al-Qusnaṭīnī (Qusṭanṭīnī ?),أحمد بن الحسن بن علي القسنطيني (القسطنطيني ؟)
1298,Aḥmad b. al-Ḥasan b. Aḥmad,أحمد بن حسن بن أحمد
1299,Aḥmad b. al-Ḥusayn,أحمد بن الحسين
1300,Aḥmad b. al-Ḥusayn,‬أحمد بن الحسين‏
1301,Aḥmad b. al-Ḥusayn al-Kindī al-Kūfī,أحمد بن الحسين الكندي الكوفي
1302,Aḥmad b. aj-Junayd at-Tandaghī,أحمد بن الجنيد التندغي
1303,Aḥmad b. al-Khalīl,أحمد بن خليل
1304,Aḥmad b. al-Khiḍar,أحمد بن الخضر
1306,Aḥmad b. al-Maḥmūd b. Nāfi` al-Shamsadī,أحمد بن المحمود بن نافع الشمسدي
1307,Aḥmad b. al-Mubārak and Tījānī,أحمد بن المبارك وتيجاني
1308,Aḥmad b. al-MuBārīk b. Bārīk Allāh b. Muḥammad,أحمد بن المبارك بن بارك الله بن محمد
1309,Aḥmad b. al-Mukhtār al-Busātī,أحمد بن المختار البصادي
1310,Aḥmad b. al-Mukhtār al-Tandaghī al-Mālikī,أحمد بن المختار التندغي المالكي
1311,Aḥmad b. al-Mukhtār b. `Umar b. al-Mukhtār,أحمد بن المختار بن عمر بن المختار
1312,ash-Shaykh Aḥmad b. al-Mukhtār b. az-Zwayn at-Tinwājīwī,الشيخ أحمد بن المختار بن الزوين التنواجيوي
1313,Aḥmad b. al-Muṣṭafa,أحمد بن المصطفي
1315,Aḥmad b. al-Muṣṭafa b. `Abd al-Raḥmān b. Muḥammad Kawrad al-Fulānī,أحمد بن المصطفي بن عبد الرحمان بن محمد كورد الفلاني
1316,Aḥmad b. al-Muṣṭafa b. Aḥmad and Muḥammad b. Yūsuf al-Sanūsī,أحمد بن المصطفي بن أحمد ومحمد بن يوسف السنوسي
1317,Aḥmad b. al-Muṣṭafa b. Aḥmad b. al-Muṣṭafa,أحمد بن المصطفي بن أحمد بن المصطفي
1319,Aḥmad b. al-Muṣṭafī,أحمد بن مصطفي
1320,Aḥmad b. al-Qāḍī b. Abī Bakr,أحمد بن القاضي بن أبي بكر
1321,Aḥmad b. al-Ṣaff al-Tandaghī,أحمد بن الصف التندغي
1322,Aḥmad b. al-Ṣāliḥ al-Tandaghī,أحمد بن الصالح التندغي
1323,Aḥmad b. al-Ṣāliḥ b. Sayyid al-Wāfī al-Arawānī,أحمد بن الصالح بن سيد الوافي الأرواني
1324,Aḥmad b. al-Shaykh Khalīl,أحمد بن الشيخ خليل
1325,Aḥmad b. aṭ-Ṭālib Maḥmūd b. Ā`mar al-Idaw`īshī,أحمد بن الطالب محمود بن أعمر الإدوعيشي
1327,Aḥmad b. Alfāgha Muḥammadhan and Aḥmad b. al-Fāl and Aḥmad b. Zayn,أحمد بن الفغ محمذ وأحمد بن الفال وأحمد بن زين
1328,Aḥmad b. Ambrā,أحمد بن امبرا
1329,Aḥmad b. Anbuwa al-Sharīf,أحمد بن انبوي الشريف
1330,Aḥmad b. Anda Ag Muḥammad b. Aḥmad Buryū b. Aḥmad b. Anda Ag Muḥammad,أحمد بن اندغ محمد بن أحمد بريو بن أحمد بن أحمد بن اندغ محمد المحجوبي الولاتي
1331,Aḥmad b. Anjubnān al-Tandaghī,أحمد بن انجبنان التندغي
1332,Aḥmad b. Bāb,‬أحمد بن باب‏‬
1333,Aḥmad b. Bab b. Aḥmad Bāyb al-`Alawī,أحمد بن باب بن أحمد بايب العلوي
1334,Aḥmaddū b. Bbāh [Ḅḅāh] b. Mmīh al-Mālikī al-Aḥmadhan A`dayjī at-Tandaghī,أحمدُّو بن اباه بن اميه المالكي الأحمذن العديجي التندغي
1336,Aḥmad b. Būba,أحمد بن بوب
1337,Aḥmad b. Būl`rrāf al-Taknī,أحمد بن بولأعراف التكني
1338,Aḥmad b. Būlā`rāf al-Taknī (or Aḥmad b. `Alī ?),أحمد بن أبو الأعراف التكني (أو أحمد بن علي؟)
1341,Aḥmad b. Fāris b. Zakariyyā'  al-Qazwīnī  al-Razī,أحمد بن فارس  بن زكرياء القزويني الرازي
1343,Aḥmad b. Farj al-Ishbīlī,أحمد بن فرج الإشبيلي
1344,Aḥmad b. Ghunaym al-Nafrāwī,أحمد بن غنيم النفراوي
1345,Aḥmad b. Ḥabarak,أحمد بن حبرك
1346,Aḥmad b. Ḥabīb Allāh,أحمد بن حبيب الله
1347,Aḥmad b. Ḥijāzī al-Fishnī,أحمد بن حجازي الفشني
1348,Aḥmad b. Ḥusayn,أحمد بن حسين
1349,Aḥmad b. Ibrāhīm al-Ash`arī,أحمد بن إبراهيم الأشعري‏ ‬ ‬ ‬
1350,Aḥmad b. Ibrāhīm al-Dimyāṭī,أحمد بن إبراهيم الدمياطي‏
1351,Aḥmad b. Ibrāhīm al-Naḥḥās al-Dimashqī,أحمد بن إبراهيم النحاس الدمشقي
1352,Aḥmad b. Ibrāhīm b. `Abd al-Raḥmān al-`Alawī,أحمد بن إبراهيم بن عبد الرحمان العلوي
1353,Aḥmad b. Ibrāhīm b. `Abd Allāh Baghayogho al-Wangarī,أحمد بن إبراهيم بن عبد الله بغيغ الونكري
1354,Aḥmad b. Ibrāhīm b. Sīdī Muḥammad as-Sba`ī,أحمد بن إبراهيم بن سيدي محمد السباعي
1355,Aḥmad b. Idrīs,أحمد بن ادريس
1357,Aḥmad b. Idrīs al-Qarāfī al-Ṣanhājī al-Mālikī,أحمد بن ادريس القرافي الصنحاجي المالكي
1358,Aḥmad b. Iḥbayb,أحمد بن إحبيب
1360,Aḥmad b. Khalaf,أحمد بن خلف
1361,Aḥmad b. Khalīl,أحمد بن خليل
1362,Aḥmad b. Kiddāh al-Kumlaylī aj-Jakanī,أحمد بن كداه الكمليلي الجكني
1363,Aḥmad b. Laḥbūs,أحمد بن لحبوس
1365,Aḥmad b. Maḥḥam b. al-`Abbās al-`Alawī,أحمد بن محم بن العباس العلوي
1366,Aḥmad b. Maḥmūd al-Rubaṭā'ī,أحمد بن محمود الربطائي
1367,Aḥmad b. Maḥmūd b. al-Sharīf Muḥammad al-Kabīr,أحمد بن محمود بن الشريف محمد الكبير
1368,Aḥmad b. Makkī al-Ḥasanī al-Ḥamawī,أحمد بن مكي الحسني الحموي
1370,Aḥmad b. Mubarik b. Muḥammad al-Sijilmāsī al-Lamṭī,‬أحمد بن مبارك بن محمد السجلماسي‏ ‬اللمطي‏
1371,Aḥmad b. Muḥammad `Abd Allāh al-Ḥajī,‬أحمد بن محمد بن عبد الله الحاجي
1373,Aḥmad b. Muḥammad `Abd Allāh al-Qalashānī,أحمد بن محمد عبد الله القلشاني
1376,Aḥmad b. Muḥammad `Alī al-Daramī al-Shumunī,أحمد بن محمد علي الدرمي الشمني
1377,Aḥmad b. Muḥammad `Alī al-Quarshī,‬أحمد بن محمد بن علي‏ ‬القرشي‏
1378,Aḥmad b. Muḥammad (Amīr al-Mu'minīn),أحمد بن محمد (أمير المؤمنين)
1380,Aḥmad b. Muḥammad / Nūḥ b. al-Ṭāhir),أحمد بن محمد / نوح بن الطاهر
1381,Aḥmad b. Muḥammad Abī Ya`qūb al-Mallawī,أحمد بن محمد أبي يعقوب الملوي
1382,Aḥmad b. Muḥammad Adā`ū al-Ḥājj,أحمد بن محمد أداعو الحاج
1383,Aḥmad b. Muḥammad Aḥmad al-Daghūghī,أحمد بن محمد أحمد الدغوغي
1384,Aḥmad b. Muḥammad Aknan,أحمد بن محمد أكنن
1385,Aḥmad b. Muḥammad al-'Abadī,‬أحمد بن محمد الأُبَّدي‏
1386,Aḥmad b. Muḥammad al-Amīn al-Ḥanashī at-Tīshītī,أحمد بن محمد الأمين الحنشي التيشيتي
1388,Aḥmad b. Muḥammad al-Amīn b. Sīdi al-Muṣṭafā aj-Jakanī,أحمد بن محمد الأمين بن سيد المصطفي الجكني
1389,Aḥmad b. Muḥammad al-Anṣārī al-Māsinī,أحمد بن محمد الأنصاري الماسني
1390,Aḥmad b. Muḥammad al-Ash`arī,أحمد بن محمد الأشعري
1391,Aḥmad b. Muḥammad al-Barmakī al-Irbilī,أحمد بن محمد البرمكي الإربلي
1392,Aḥmad b. Muḥammad al-Bukhārī,أحمد بن محمد البخاري
1393,Aḥmad b. Muḥammad al-Dabāṭ'ī,‬أحمد بن محمد الدباطائي
1394,Aḥmad b. Muḥammad al-Dajānī al-Qushāshī,أحمد بن محمد الدجاني القشاشي
1395,Aḥmad b. Muḥammad al-Ghallāwī,أحمد بن محمد الغلاوي
1397,Aḥmad b. Muḥammad al-Ḥāfiẓ,أحمد بن محمد الحافظ
1398,Aḥmad b. Muḥammad al-Ḥajī,‬أحمد بن محمد الحاجي‏
1399,Aḥmad b. Muḥammad al-Ḥajī al-`Abdalī an-Najībī,أحمد بن محمد الحاجي العبدلي النجيبي
1401,Aḥmad b. Muḥammad al-Ḥasanī,‬أحمد بن محمد الحسني‏
1403,Aḥmad b. Muḥammad al-Ḥijarī (?),أحمد بن محمد الحجري (?)
1404,Aḥmad b. Muḥammad al-Inkundarī,أحمد بن محمد الإنكندري
1405,Aḥmad b. Muḥammad al-Kanawī,أحمد بن محمد الكنوي
1406,Aḥmad b. Muḥammad al-Khaṭābī,أحمد بن محمد الخطابي
1408,Aḥmad b. Muḥammad b. Muḥammad Sālim al-Majlisī,أحمد بن محمد بن محمد سالم المجلسي
1410,Aḥmad b. Muḥammad al-Maqqarī al-Tilimsānī,أحمد بن محمد المقري التلمساني
1412,Aḥmad b. Muḥammad al-Mukhtār b. Anbāl al-Tīshītī,أحمد بن محمد المختار بن أنباله التيشيتي
1413,Aḥmad b. Muḥammad al-Mukhtār b. Muḥammad al-Ḥanafī,أحمد بن محمد المختار بن محمد الحنفي
1414,Aḥmad b. Muḥammad al-Qaddūrī,أحمد بن محمد القدوري
1416,Aḥmad b. Muḥammad al-Ribāṭī,أحمد بن محمد الرباطي
1417,Aḥmad b. Muḥammad al-Ṣāwī,أحمد بن محمد الصاوي
1418,Aḥmad b. Muḥammad al-Shādhilī,أحمد بن محمد الشاذلي
1419,Aḥmad b. Muḥammad al-Sharīshī al-Ṣalāwī,أحمد بن محمد الشريشي الصلاوي
1420,Aḥmad b. Muḥammad al-Suḥaymī,‬أحمد بن محمد السُحَيْمي‏
1421,Aḥmad b. Muḥammad al-Ṭā'ī al-Miknāsī,أحمد بن محمد الطائي المكناسي
1423,Aḥmad b. Muḥammad al-Tujībī al-Saraqusṭī,أحمد بن محمد التجيبي السرقسطي
1424,Aḥmad b. Muḥammad al-Tūwātī al-Ḥimyarī,أحمد بن محمد التواتي الحميري
1425,Aḥmad b. Muḥammad al-Wanān Abī al-`Abbās,أحمد بن محمد الونان أبي العباس
1426,Aḥmad b. Muḥammad al-Waryandī al-Bādīsī,أحمد بن محمد الوريندي الباديسي
1427,Aḥmad b. Muḥammad al-Waznīdī,أحمد بن محمد الوزنيدي
1428,Aḥmad b. Muḥammad al-Ya`qūbī,أحمد بن محمد اليعقوبي
1429,Aḥmad b. Muḥammad al-Yadālī al-Abyayrī,أحمد بن محمد اليدالي الآبييري
1432,Aḥmad b. Muḥammad al-Zarnūjī,أحمد بن محمد الزرنوجي
1433,Aḥmad b. Muḥammad Albū al-Ya`qūbī,أحمد بن محمد البو اليعقوبي
1434,Aḥmad b. Muḥammad b. `Abd al-Dā`im,أحمد بن محمد بن عبد الدائم
1435,Aḥmad b. Muḥammad b. `Abd al-Karīm b. `Aṭṭā' Allāh al-Iskandarī,أحمد بن محمد بن عبد الكريم بن عطاء الله الإسكندري
1437,Aḥmad b. Muḥammad b. `Abd Rabbih al-Andalusī,أحمد بن محمد بن عبد ربه الأندلسي
1438,Aḥmad b. Muḥammad b. `Alī,أحمد بن محمد بن علي
1440,Aḥmad b. Muḥammad b. `Alī b. Imām,أحمد بن محمد بن علي بن إمام
1441,Aḥmad b. Muḥammad b. `Imād,أحمد بن محمد بن عماد
1442,Aḥmad b. Muḥammad b. `Umar al-Khafājī,أحمد بن محمد بن عمر الخفاجي
1443,Aḥmad b. Muḥammad b. Abī Bakr al-Shāfi`ī al-Qasṭallānī,أحمد بن محمد بن أبي بكر الشافعي القسطلاني
1444,Aḥmad b. Muḥammad b. Abī Bakr al-Sūqī,أحمد بن محمد بن أبي بكر السوقي
1445,Aḥmad b. Muḥammad b. Abī Bakr b. Muḥammad,أحمد بن محمد بن أبي بكر بن محمد
1446,Aḥmad b. Muḥammad b. Abī Bakr b. Muḥammad Asrī,أحمد بن محمد بن أبي بكر بن محمد اسري
1447,Aḥmad b. Muḥammad b. Abī Bakr b. Sa`īd,أحمد بن محمد بن أبي بكر بن سعيد
1448,Aḥmad b. Muḥammad b. Abī Bakr b. Sa`īd Lubbu (?),أحمد بن محمد بن أبي بكر بن سعيد لوبو (?)
1449,Aḥmad b. Muḥammad b. Abī Kaff,أحمد بن محمد بن أبي كف
1450,Aḥmad b. Muḥammad b. Aḥmad al-Dardīr al-`Adawī,أحمد بن محمد بن أحمد الدردير العدوي
1451,Aḥmad b. Muḥammad b. Aḥmad al-Fagh,أحمد بن محمد بن أحمد الفغ
1452,Aḥmad b. Muḥammad b. Aḥmad b. al-Bashīr al-Ghallāwī,أحمد بن محمد بن أحمد بن البشير الغلاوي
1454,Aḥmad b. Muḥammad b. al-Ha'im al-Maqdisī,أحمد بن محمد بن الهائم المقدسي
1456,Aḥmad b. Muḥammad b. al-Imām al-Walātī al-Maḥjūbī,أحمد بن محمد بن الإمام الولاتي المحجوبي
1457,Aḥmad b. Muḥammad b. al-Mukhtār al-Fulānī al-Māsinī,أحمد بن محمد بن المختار الفلاني الماسني
1458,Aḥmad b. Muḥammad b. al-Mukhtār al-Tījānī,أحمد بن محمد بن المختار التيجاني
1459,Aḥmad b. Muḥammad b. al-Mukhtār b. Aḥmad,أحمد بن محمد بن المختار بن أحمد
1460,Aḥmad b. Muḥammad b. Arabshaḥ al-Ḥanafī,أحمد بن محمد بن عربشح الحنفي
1461,Aḥmad b. Muḥammad b. `Ali b. Ḥajar al-Haytamī,أحمد بن محمد بن علي بن حجر الهيتمي
1462,Aḥmad b. Muḥammad b. Ḥanbal,أحمد بن محمد بن حنبل
1463,Aḥmad b. Muḥammad b. Ḥasanī al-Shumunī,أحمد بن محمد بن حسني الشمني
1465,Aḥmad b. Muḥammad b. Ibrāhīm al-Maydānī al-Naysābūrī,أحمد بن محمد بن إبراهيم الميداني النيسابوري
1466,Aḥmad b. Muḥammad b. Iknan al-Sūqī,أحمد بن محمد بن إكنن السوقي
1467,Aḥmad b. Muḥammad b. Khalaf,أحمد بن محمد بن خلف
1468,Aḥmad b. Muḥammad b. Mas`ūd al-Tafjarūtī,أحمد بن محمد بن مسعود التفجروتي
1469,Aḥmad b. Muḥammad b. Mūdī b. `Umar b. Abī Bakr,أحمد بن محمد بن مودي بن عمر بن أبي بكر
1470,Aḥmad b. Muḥammad b. Muḥammad `Abd Allāh al-Hājj,‬أحمد بن محمد بن محمد عبد الله الحاج‏‬
1471,Aḥmad b. Muḥammad b. Muḥammad al-Ghālī,أحمد بن محمد بن محمد الغالي
1472,Aḥmad b. Muḥammad b. Muḥammad b. `Alī b. Imām b. Muḥammad al-Zakī,أحمد بن محمد بن محمد بن علي بن إمام بن محمد الزكي
1473,Aḥmad b. Muḥammad b. Muḥammad b. Ḥanak,أحمد بن محمد بن محمد بن حنك
1474,Aḥmad b. Muḥammad b. Muḥammad b. Muḥammad b. `Uthmān al-Maghribī,أحمد بن محمد بن محمد بن محمد بن عثمان المغربي
1476,Aḥmad b. Muḥammad b. Muḥammad Bīr al-Arawānī,أحمد بن محمد بن محمد بير الأرواني
1477,Aḥmad b. Muḥammad b. Mūsa b. Yūsuf,أحمد بن محمد بن موسى بن‏ ‬يوسف
1478,Aḥmad b. Muḥammad b. Nāṣir,أحمد بن محمد بن ناصر
1479,Aḥmad b. Muḥammad b. Sa`īd al-Dīn al-Taftāzānī,‬أحمد بن محمد بن سعيد الدين التفتازاني‏
1480,Aḥmad b. Muḥammad b. Sa`īd al-`Azīzī,أحمد بن محمد بن سعيد العزيزي
1481,Aḥmad b. Muḥammad b. Sīdi `Umar,أحمد بن محمد بن سيد عمر
1482,Aḥmad b. Muḥammad b. Sīdi `Uthmān,أحمد بن محمد بن سيدعثمان
1483,Aḥmad b. Muḥammad b. Sīdi Muḥammad,أحمد بن محمد بن سيد محمد
1484,Aḥmad b. Muḥammad b. Yūsuf b. Ibrāhīm Fādikī al-Zāghawī,أحمد بن محمد بن يوسف بن إبراهيم فادكي الزاغوي
1486,Aḥmad b. Muḥammad b. Zakariyyā' al-Qayrawānī,أحمد بن محمد بن زكرياء القيرواني
1487,Aḥmad b. Muḥammad b. Zukrī,أحمد بن محمد بن زكري
1488,Aḥmad b. Muḥammad Jūllī b. Muḥammad b. Aḥmad al-Zaghrānī,أحمد بن محمد جولي بن محمد بن أحمد الزغراني
1490,Aḥmad b. Muḥammad Maḥmūd b. al-Afẓal al-Ḥasanī,أحمد بن محمد محمود بن الأفظل الحسني
1491,Aḥmad b. Muḥammada al-Daymānī,أحمد بن محمدا الديماني
1492,Aḥmad b. Muḥummadhun b. aj-Jamad b. Idūmu al-Yadālī,أحمد بن محمذن بن أجٌمد أيدوم اليدالي
1494,Aḥmad b. Muḥammadhan Fāl al-Ḥājī,أحمد بن محمذن فال الحاجي
1495,Aḥmad b. Muḥummadhun Fāl [Ṿāl] b. an-Nīh al-Ya`qūbī,أحمد بن محمذن فال بن النيه اليعقوبي
1496,Aḥmad b. Mūlay al-Bashīr b. Mūlay Ibrāhīm,أحمد بن مولاي البشير بن مولاي إبراهيم
1497,Aḥmad b. Mūsa,أحمد بن موسى
1498,Aḥmad b. Mūsa al-Anṣārī al-Sūqī al-Kallādī (al-Gallādī),أحمد بن موسي الأنصاري السوقي الكلادي
1499,Aḥmad b. Mūsa al-Khayālī,أحمد بن موسى الخيالي‏ ‬
1500,Aḥmad b. Nāṣir al-Dar`ī,أحمد بن ناصر الدرعي
1501,Aḥmad b. Qāsim al-Judhāmī al-Qabāb,أحمد بن قاسم الجذامي القباب
1503,Aḥmad b. Qāsim al-Maqdisī,أحمد بن قاسم المقدسي
1504,Aḥmad b. Ruqāyya,أحمد بن رقاي
1505,Aḥmad b. Sa`īd,أحمد بن سعيد
1506,Aḥmad b. Sa`īd al-`Umarī al-`Uthmānī,أحمد بن سعيد العمري العثماني
1507,Aḥmad b. Sadūm b. Uways al-Ja`farī (?),أحمد بن سدوم بن أويس الجعفري (?)
1509,Aḥmad b. Ṣāliḥ al-Dar`ī,أحمد بن صالح الدرعي
1511,Aḥmad b. Ṣāliḥ al-Maghribī,أحمد بن صالح المغربي
1512,Aḥmad b. Sambā Sīssī al-Fulānī al-Tīnbuktī,أحمد بن سمبا سيسي الفلاني التنبكتي
1513,Aḥmad b. Sani Shirfi,أحمد بن سن شرف
1514,Aḥmad b. Satbār,أحمد بن ستبار
1515,Aḥmad b. Shū`ayb al-Kanawī,أحمد بن شوعيب الكنوي
1516,Aḥmad b. Shū`ayb al-Nasā'ī,أحمد بن شعيب النسائي
1517,Aḥmad b. Sīdi `Abdāl b. Abāt,أحمد بن سيد عبدال بن أبات
1518,Aḥmad b. Sīdi `Uthmān,أحمد بن سيدي عثمان
1519,Aḥmad b. Sīdi Aḥmad b. al-Ḥājj al-Shamshawī,أحمد بن سيد أحمد بن الحاج الشمشوي
1520,Aḥmad b. Sidi Amḥammad b. al-Ṭālib A`l b. al-Amhājir,‬أحمد بن سيد امْحمد بن الطالب اعْلِ‏ ‬بن الاَمْهاجِرْ
1521,Aḥmad b. Sīdi b. al-Ghālī b. Abī Bakr b. Muḥammad,أحمد بن سيد الغالي بن أبي بكر بن محمد
1522,Aḥmad b. Sīdi Muḥammad,أحمد بن سيد محمد
1523,Aḥmad b. Sīdī Muḥammad b. Ḥabat al-Ghāllawī,أحمد بن ‬سيد محمد بن حبت الغلاوي
1524,Aḥmad b. Sulaymān,‬أحمد بن سليمان
1525,Aḥmad b. Sulaymān al-Fūtī al-Ṭūrī al-Jamawī,أحمد بن سليمان الفوتي الطوري الجموي
1529,Aḥmad b. Sulaymān b. Ya`iza al-Jazūlī al-Taghtīnī al-Rasmūkī,أحمد بن سليمان بن يعزي الجزولي التغتيني الرسموكي
1530,Aḥmad b. Tamīm,أحمد بن تميم
1531,Aḥmad b. Tār,أحمد بن تار
1532,Aḥmad b. Turkī al-Manshalīlī,أحمد بن تركي المنشليلي
1533,Aḥmad b. Yaḥya al-Tilimsānī,‬أحمد بن‏ ‬يحيى التلمساني‏
1536,Aḥmad b. Yaḥya al-Wansharīsī,أحمد بن يحيي الونشريسي
1537,Aḥmad b. Yaḥya b. Abī Ḥajalā al-Tilimsānī,أحمد بن يحي بن أبي حجلا التلمساني
1538,Aḥmad b. Yaro b. `Abd al-Qādir,أحمد ير بن عبد القادر
1539,Aḥmad b. Yubbāh (Muḥammadā) b. Muḥummadhun b. Aḥmad b. al-Muṣṭafā at-Tandaghī,أحمد بن يباه (محمدَا) بن محَمَّذِنْ بن أحمد بن المصطفى التندغي
1540,Aḥmad b. Yūsuf al-Sūqī,أحمد بن يوسف السوقي
1541,Aḥmad b. Yūsuf b. Muḥammad al-Ḥalabī al-Shāfi`ī,أحمد بن‏ ‬يوسف بن محمد الحلبي‏ ‬الشافعي‏
1543,Aḥmad b. Yūsuf b. Muḥammad b. Yūsuf al-Fāsī,أحمد بن يوسف بن محمد بن يوسف الفاسي
1545,`Alī b. Muḥammad b. Ḥajar b. al-`Asqalānī,علي بن محمد بن حجر العسقلاني
1546,Aḥmad b. al-Qāsim al-`Ibādī,‬أحمد بن القاسم العبادي
1548,Aḥmad Bāba al-Wā`iẓ al-Kūmāsī,أحمد بابا الواعظ الكوماساوى
1550,Aḥmad Bāba b. `Abd Allāh,أحمد باب بن عبد الله
1551,Aḥmad Bāba b. `Aynaynā al-Āgdāshī al-Ḥasanī,أحمد بابه بن عينينا الأگداشي الحسني
1552,Aḥmad Bāba b. Abī al-`Abbās b. `Umar b. Zayān al-Ḥasanī,أحمد بابه بن أبي العباس بن عمر بن زيان الحسني
1554,Aḥmad Bāba b. Aḥmad b. `Umar b. Muḥammad 'Aqīt al-Tinbuktī,أحمد باب بن أحمد بن عمر بن محمد  أقيت التنبكتي
1562,Aḥmad Bāba b. Alfā Bukkari,أحمد بابا بن ألفا بكر
1563,Aḥmad Bāba b. Amīr al-Mu'minīn,أحمد باب بن أمير المؤمنين
1564,Aḥmaddū Bāba b. `Abd Allāh b. Ḥāmidtu al-Idagbāllī (الإدكبالي) at-Tandaghī,أحمدُّو بابه بن عبد الله بن حامدتو الإدكبالي التندغي
1566,Aḥmad Bāba b. Yūsuf b. Sālim b. Ibrāhīm Fādiga al-Zaghawī,أحمد بابا بن يوسف بن سالم بن إبراهيم فادك الزغوي
1567,Aḥmad Baghayogho al-Wangarī,أحمد بغيغ الونكري
1568,Aḥmad Baghūn,أحمد بغون
1569,Aḥmad Baṣbā al-Sīnighālī,أحمد بصبا السنغالي
1570,Aḥmad Bayba b. Ḥabīb Allāh,أحمد بيب بن حبيب الله
1571,Aḥmad Būjama` al-Ṭarāblusī,أحمد بوجمع الطرابلسي
1572,Aḥmad Dam b. Muḥammad al-Amīn b. Bāradim al-Sakubī,أحمد دم بن محمد الأمين بن باردم السكوبي
1573,Aḥmad Fāl,أحمد فال
1574,Aḥmad Fāl b. Aḥmad Fāl al-`Alawī,أحمد فال بن أحمد فال العلوي
1575,Aḥmad Fāl [Ṿāl] b. al-Muṣṭafa b. Aḥmad Fāl [Ṿāl] b. Sīdī b. Aḥmiddān b. Ashfagha [Atshfagha] Muḥummadhun al-`Alawī,أحمد فال بن المصطفى بن أحمد فال بن سيدي بن احمدان بن أشفغ محمذن العلوي
1576,Aḥmad Ḥamād b. Sīdi Aḥmad,أحمد حامد بن سيد أحمد
1577,Aḥmad Ḥulūlū b. `Abd al-Raḥmān al-Qayrawānī,أحمد حلولو بن عبد الرحمان القيرواني
1578,Aḥmad Imām al-Ḥaramī,أحمد إمام الحرمي
1579,Aḥmad Imām al-Ḥaramī and Sīdi Muḥammad b. al-Mukhtār b. Aḥmad,أحمد أمام الحرمي وسيد محمد بن المختار بن أحمد
1580,Aḥmad Jiddū b. `Alī Ṣāliḥ b. Muḥammad b. Ḥanīn (?),أحمد جدو بن علي صالح بن محمد بن حنين (?)
1581,Aḥmad Kalantaṣar,أحمد كلنتصر
1582,Aḥmad Madān al-Zaqarwī,أحمد مدان الزقروي
1584,Aḥmad Maḥama al-`Abbās,أحمد محمي العبس
1585,Aḥmad Maḥmūd b. `Abd Allāh al-Qaṣrī,أحمد محمود بن عبد الله القصري
1586,Aḥmad Maḥmūd b. `Aydū al-Jakanī,أحمد محمود بن عيدو الجكني
1587,Aḥmad Maḥmūd b. Abraḥām al-`Alawī,أحمد محمود بن أبرحام العلوي
1589,Aḥmad Maḥmūd b. al-Mukhtār b. al-Muhaymīd,أحمد محمود بن المختار بن المحيميد
1590,Aḥmad Maḥmūd b. Alfagha [Atshfagha] Khayrī b. Alfagha [Atshfagha] `Affān al-Arba`īnī at-Tandaghī,أحمد محمود بن ألفغ خيري بن ألفغ عفان الأربعيني التندغي
1591,Aḥmad Maḥmūd b. Ḥabīb Allāh b. .`.R.F.T.(?),أحمد محمود بن حبيب الله
1592,Aḥmad Maḥmūd b. Sīdinā b. Maḥam b. Bāba,أحمد محمود بن سيدنا بن محم بن باب
1593,Aḥmad Maḥmūd b. Aḥmaddu b. Muḥammad (Yiddādda) al-Ḥasanī al-Āgdāshī,أحمد محمود بن أحمدو بن محمد (يِدَّادَّه) الحسني الأگداشي
1594,Aḥmad Mālik Ḥammād,أحمد مالك حماد
1595,Aḥmad Mawlūd b. Ḥamdān,أحمد مولود ابن حمدان
1596,Aḥmad Muḥammad b. Muḥammad al-Khayr,أحمد محمد بن محمد الخير
1597,Aḥmad Naṣr,أحمد نصر
1598,Aḥmad Sālim b. Abī Bakr,أحمد سالم بن أبي بكر
1599,Muḥammad Sālim b. al-Mukhtār b. `Abdī al-Idawdanyuqbī,محمد سالم بن المختار بن عبدي الإدودنيعقبي
1600,Aḥmad Sālim b. as-Sālik b. al-Imām al-Ḥājī,أحمد سالم بن السالك بن الإمام الحاجي
1601,Aḥmad Sālim b. Sīdī Muḥammad al-Abhamī ad-Daymānī,أحمد سالم بن سيد محمد الأبهمي الديماني
1604,Aḥmad Skīraj b. Aḥmad al-`Ayyāshī,أحمد سكيرج بن أحمد العياشي
1605,Aḥmad Tāghīghū,أحمد تاغيغو
1606,Aḥmad Ṭālib,أحمد طالب
1607,Aḥmad Ṭālib b. `Abd al-Raḥmān b. Aḥmad Ṭālib b. Jiddū,أحمد طلب بن عبد الرحمان بن أحمد طلب بن جدو
1609,Aḥmad Tījānī b. Muḥammad Ibrāhīm al-Shinqīṭī,أحمد التجاني بن محمد إبرهيم الشنقيطي
1610,Aḥmad Tirīdā,أحمد تريدا
1611,Aḥmad Tīrnū (Cerno),أحمد تيرنو
1612,Aḥmad Trādīr b. Mūsa,أحمد ترادير بن موسي
1613,Aḥmad Ya`qūb b. Muḥammad Bana`mr,أحمد يعقوب بن محمد بن بنعمر
1614,Aḥmad Zanātī (?),أحمد زناتي (?)
1615,Aḥmad Zarrūq al-Kabrānī,أحمد زروق الكبراني
1616,Aḥmad Zaydān,أحمد زيدان
1617,Aḥmad Zaydān b. al-Ḥājj Aḥmadū D.B.R. (?),أحمد زيدان بن الحاج أحمدو
1619,Aḥmad Dayna b. al-Amīn al-Kumlaylī,أحمد دين بن الأمين الكمليلي
1620,Aḥmadhu b. Ziyyād al-Abhamī ad-Daymānī,أحمذو بن زياد الأبهمي الديماني
1622,Aḥmaddū al-Barāwī b. Muḥummadhun b. Aḥmad Maḥmūd b. Quṭrub ad-Daymānī,أحمدو البراوي بن محمذن بن أحمد محمود بن قطرب الديماني
1623,Aḥmaddu b. `Abd al-Azīz al-Bān`amarī al-Ḥasanī,أحمدو بن عبد العزيز البانعمري الحسني
1624,Aḥmadū b. Aḥbayb al-Yadmusī,أحمدو بن احبيب اليدمسي
1625,Aḥmaddū b. ash-Shaykh Muḥammaddū b. Aḥmadhayya al-Yūsufī al-Ḥasanī,أحمدو بن الشيخ محمدو بن أحمذيَّه اليوسفي الحسني
1626,Aḥmadū b. al-Bukhārī al-Tandaghī,أحمدو بن البخاري التندغي
1627,Aḥmad b. Amīnu b. al-Farra' b. al-Māzirī al-Ishugāni (الإشگاني) at-Tandaghī,أحمد بن أمينو بن الْفَرَّاء بن المازري الإشگاني التَّنْدَغِي
1628,Aḥmadū b. Andjāk al-Sīnighālī,أحمدو بن انجاك السينغالي
1629,Aḥmaddū b. ad-Dahāh al-`Alawī,أحمدُو بن الدهاه العلوي
1630,Aḥmaddū b. Ḥabīb b. az-Zā'id al-Idagfūdī (الإدكفودي) at-Tandaghī,أحمدُّو بن حبيب بن الزائد الإدكفودي التندغي
1631,Aḥmadū b. Ḥanbal al-Ḥasanī,أحمدو بن حنبل الحسني
1632,Aḥmaddu b. ash-Shaykh Muḥammad al-Ḥāfiẓ al-`Alawī,أحمدو بن الشيخ محمد الحافظ العلوي
1633,Aḥmadū b. Muḥammad b. `Abd al-Raḥmān b. Abī Bakr b. Fāti al-Ḥasanī,أحمدو بن محمد عبد الرحمان بن أبي بكر بن فتي الحسني
1634,Aḥmadū b. Muḥammad Ḥabīb Allāh,أحمدو بن محمد حبيب الله
1635,Aḥmaddū b. Muḥammad Maḥmūd b. Fatan ash-Shuqrawī al-Ḥasanī,أحمدو بن محمد محمود بن فتي الشقروي الحسني
1636,Aḥmadū b. Muḥammadu b. Aḥmadhyā al-Ḥasanī,أحمدو بن محمدو بن أحمذيا الحسني
1637,Aḥmadū Fāl al-Tandaghī,أحمدو فال التندغي
1638,Aḥmayat b. al-Shaykh,أحميت بن الشيخ
1639,Akad b. Billīlī al-Tandaghī,اكد بن بليلي التندغي
1640,al-Ḥasan b. Raḥāl b. Aḥmad al-Tadlāwī al-Ma`adānī,حسن بن رحال بن أحمد التدلاوي‏ ‬المعداني‏
1641,Alfā `Abd Allāh and `Abd Allāh Fūdī/ Sidiyya b. al-Mukhtār `Alī and Muḥammad al-Amīn b.Muḥammad al-Kuntī,ألفا عبد الله وعبد الله فودي وسيدي بن المختار علي ومحمد بن الأمين بن محمد الكنتي
1642,Alfā `Īsa,ألفا عيسي
1643,Alfā Aḥmad Kūru,ألفا أحمد كور
1644,Alfā b. Abī Bakr b. Banī,ألفا بن أبي بكر بن بني
1645,Alfā b. al-Mukhtār Dawnakī,ألفا بن المختار دونكي
1646,Alfā Damba Aḥmad al-Fulānī al-Māsinī,ألفا دمب أحمد الفلاني الماسني
1647,Alfā Ḥammāh `Alī Falghankī,ألفا هما علي فلغنكي
1648,Alfā Ḥusayn b. Mūsa,ألفا حسين بن موسي
1649,Alfā Ibrāhīm b. `Alī Falghankī,الفا إبراهيم بن علي فلغنكي
1650,Alfā Ibrāhīm b. Abī Bakr,ألفا ابراهيم بن أبي بكر
1651,Alfā Muḥammad b. Bāba al-Ḥabīb Dakārī,ألفا محمد بن باب الحبيب الدكري
1652,Alfā Muḥammad b. Mubārak,ألفا محمد بن مبارك
1653,Alfā Muntaqī,ألفا منتقى
1654,Alfā Nūh b. Ibrāhīm,ألفا نوح بن إبراهيم
1655,Alfā Nūh b. Muḥammad b. Sīdi Yaḥya,ألفا نوح بن محمد بن سيد يحيي
1656,Alfāgha Mīkhin (?),الفغ ميخن (?)
1657,Almāmī b. Muḥammad Almāmī,المامي بن محمد المامي
1658,Amā b. Afājin,أما بن أفاجن
1660,Amīn b. Amīr al-Ṣaghīr,أمين بن أمير الصغير
1661,Amīn b. Amīr al-Ṣaghīr and Muḥammad `Abd Allāh b. Bāll`amash and Shaykh b. Aḥmad,أمين بن أمير الصغير ومحمد عبد الله بن باللعمش وشيخ بن أحمد
1662,Amīn b. Ḥabīb Allāh,أمين بن حبيب الله
1663,Amīn b. Ḥabilla al-Raqqādī,أمين بن حبيلا الرقادي
1664,Amīn b. Ḥalī al-Kallādī (Gallādī),أمين بن هلي الكلادي
1665,Amīn b. Muḥammad Āskir at-Tāshidbītī,امين بن محمد آسكر التاشدبيتي
1666,Amīn b. Muḥammad al-Amīn b. Muḥammad,امين بن محمد الأمين بن محمد
1667,al-Amīn b. Sīdī Muḥammad ad-Daymānī,الأمين بن سيدي بن محمد الديماني
1668,Amīn b. Muḥammadhan b. Amīn,امين بن محمذن بن امين
1669,Amīn b. Shaykh `Abd Allāh,أمين بن شيخ عبد الله
1671,Amīn Na Bāban `Indā Kanū Yalwa,امين نبابن عندا كنوا يلوا
1672,Amīr `Abd al-Qādir,أمير عبد القادر
1673,Amīr Kāū (Gao),أمير كاو
1674,Amūsan b. Ḥama,أموسن بن حمي
1676,Anbawī b. al-Ṭālib b. `Abd al-Raḥmān al-Walātī,انبوي بن الطالب بن عبد الرحمان الولاتي
1677,Mbūyā b. Muḥammad `Abd Allāh al-Maḥjūbī al-Idayllbī al-Walātī,انبويَا بن محمد عبد الله المحجوبي الإيديلبي
1678,Anda `Abd Allāh (أَندَ عبد الله) b. Aḥmad b. `Abd Allāh (Anda `Abd Allāh) b. ash-Shaykh b. al-Maḥjūb al-Maḥjūbī al-Walātī,أَندَ عبد الله بن أحمد بن عبد الله (اند عبد الله) بن الشيخ بن المحجوب المحجوبي الولاتي
1680,Anjay `Īsa,انجي عيسي
1681,Anṣārī,أنصاري
1682,Anṣārī b. al-Nābigha,أنصاري بن النابغة
1683,Anẓiyyad b. Ḥami Muḥammad al-Amīn b. Ḥāmid,أنظيد بن حمي محمد الأمين بن حامد
1684,Aqfarī (?),أاقفري (?)
1685,Arawānī,أرواني
1686,Arbāb b. `Alī b. `Āwn b. `Amir b. Aṣbaḥ al-Kharṭūmī,أربابه بن علي بن عاون بن عمر بن اصبح الخرطومي
1688,Aṣma`ī al-Mawṣilī,أصمعي الموصلي
1689,Asmā' bint `Uthmān b. Muḥammad Fūdī,أسماء بنت عثمان بن محمد فودي
1691,Athar b. al-Ḥājj `Umar,أثر بن الحاج عمر
1692,Awsak b. Halī al-Kallādī (Gallādī),أوسك بن هلي الكلادي
1693,Awwab b. Khamallās,أواب بن خملاس
1694,Ayy b. Muḥammad al-Ṣāliḥ al-Fulānī,أي بن محمد الصالح الفلاني
1698,Bāba Aḥmad b. Abī Bakr,بابا أحمد بن أبي بكر
1699,Bāba Aḥmad b. al-Bakkam b. Bāba Aḥmad (?),باب أحمد بن البكم بن باب أحمد (?)
1700,Bāba Aḥmad b. Sīdi al-Mukhtār al-Kuntī,بابَه أحمد بن سيدي المختار الكنتي
1701,Bāba al-Ḥabīb b. `Umar Ghāb al-Tīnbuktī,بابا الحبيب بن عمر غاب التنبكتي
1702,Bāba al-Kabīr b. Sīdī Muḥammad al-`Alawī,بابه الكبير بن سيد محمد العلوي
1704,Bāba b. Abī Bakr al-Aḥmadī,باب بن أبي بكر الأحمدي
1705,Bāba b. Aḥḥa,باب بن أح
1707,Bāba b. Aḥmad Bayba b. `Uthmān b. Sīdī Mḥammad b. `Abd ar-Raḥmān al-`Alawī,بابه بن أحمد بيبه بن عثمان بن سيدي امحمد بن عبد الرحمن العلوي
1708,Bāba b. al-Amīn b. Muḥammad b. al-Amīn b. Maḥmūd,بابا بن الأمين بن محمد بن الأمين بن محمود
1710,Bābā b. Khalīl ad-Daymānī,بابا بن خليل الديماني
1711,Bāba b. Maḥmūdan b. Muḥanḍ Bāba b. A`bayd ad-Daymānī,بابه بن محمودن بن مَحَنضْ بابه بن اعْبَيْدْ الديماني
1712,Bāba b. Maḥmūdan b. Maḥanḍ Bāba b. A`bayd al-Daymānī and `Abd Allāh b. Awbak al-Qinānī,باب بن محمودن بن محنض باب بن اعْبَيْدْ الديماني وعبد الله بن أوبك القناني
1713,Bāba b. Muḥammad al-Mahdī,باب بن محمد المهدي
1714,Bāba b. Muḥammad al-Sharīf,باب بن محمد الشريف
1715,Bāba b. Muḥummadhun b. Ḥamdī b. al-Mukhtār b. aṭ-Ṭālib Ajwad al-Ḥājī,بابه بن محمذن بن حمدي بن المختار بن الطالب أجود الحاجي
1716,ash-Shaykh Sīdiyya Bāba b. Sīdi Muḥammad b. ash-Shaykh Sīdiyya al-Intishā'ī al-Abyayrī,الشيخ سيديا بابه بن سيدي محمد بن الشيخ سيديا الآنتشائي الأبييري
1717,Bāba Bīr b. Sīdi,باب بير بن سيد
1718,Bāba Ḥasan,بابا حسن
1719,Bāba Janna b. Yūsuf b. `Abd al-Raḥmān al-Wa`karī al-Karīnsuwī,باب جن بن يوسف بن عبد الرحمان الوعكري الكرينسوي
1720,Bābbah b. Butta al-Majlisī,بابه بن بت المجلسي
1721,Bad b. al-Ḥabīb b. Muḥammad al-Amīn b. al-Munīr,بد بن الحبيب بن محمد الأمين بن المنير
1722,Badawī,بدوي
1723,Badr al-Dīn al-Badawī,بدر الدين البدوي
1726,Badr al-Dīn Maḥmūd b. Aḥmad al-`Ayanī,بدر الدين محمود بن احمد العيني‏
1727,Bbāh [Ḅḅāh] b. Muḥammad al-Amīn al-Lamtūnī,اباه بن محمد الأمين اللمتوني
1728,Bahā' al-Dīn `Abd Allāh b. `Abd al-Rahman,بهاء الدين عبد الله بن عبد الرحمن
1729,Baḥāj al-Sambarī al-Fulānī,بحاج السمبري الفلاني
1730,Bahlūl b. Rashīd al-Ḥijarī al-Ra`aynī,بهلول بن رشيد الحجري الرعيني
1731,Baḥturī,بحتري
1732,Bakkā`ī b. Ḥabīb Allāh b. A`mar al-Kuntī,بكائي بن حبيب الله بن أعمر الكنتي
1733,Bakkār b. Sīdi Ḥayd al-Jabīr,بكار بن سيد حيد الجبير
1734,Bakkār b. Swayd Aḥmad al-Idaw`īshī,بكار بن أسويد أحمد
1736,Bakr b. `Uthmān `Abd Allāh al-Fulānī al-Jalāwī al-Saylānī,بكر بن عثمان عبد الله الفلاني الجلاوي السيلاني
1737,Bakr b. Muḥammad al-Nu`mī,بكر بن محمد النعمي
1739,Balārabī Līmāmin Ni`ima al-Faīḍa,بلاربى ليمامن نعم الفيضة
1740,Ballu Mūdi,بل مود
1741,Bānummu b. Ḥamma Khattār al-Ḥājī al-Wadānī at-Tīshītī,بانمو بن حمه ختار الحاجي الوداني التيشيتي
1742,Bāqīr b. Muḥammad al-Anṣārī,باقر بن محمد الأنصاري
1743,Baqlāwish (?),بقلاوش (?)
1744,al-Barrā' b. Baggī b. Sīdī b. Ḥurma ad-Daymānī,البراء بن بگِّي بن سيدي بن حرمه الديماني
1745,Barakāt b. Aḥmad b. Muḥammad al-`Arūsī,بركات بن أحمد بن محمد العروسي
1746,Bārikaḷḷa [Bārikaḷḷa] b. Muḥummadhun b. Muḥanḍ Bāba ad-Daymānī,بارك الله بن محمذن بن محنض بابه الديماني
1748,Barū Madābū Tīlā,برو مدابوا تيلا
1749,Bāshā Aḥmad b. al-Qāḍī Yaḥya al-Dar`ī,باشا أحمد بن القائد يحيي الدرعي
1750,Bāshā Baḥadu b. al-Qā'id Būbakar al-Rāmī,باشا بحد بن القائد بوبكر الرامي
1751,Bashīr,بشير
1752,Bashīr Aḥmad,بشير أحمد
1754,Bashīr b. al-Mubārak al-Shamshawī,بشير بن المبارك الشمشوي
1755,Bashīr b. al-Ṭālib `Abd Allāh,بشير بن الطالب عبد الله
1756,Bashīr b. Mbārigī al-Yadmusī al-Shamshawī,بشير بن امباركي اليدمسي الشمشوي
1759,Baskarī,بسكري
1760,Bawbba [Ḅawḅḅa] b. Māhī b. al-Baytūr al-Yadālī,ابوبا بن ماهي بن البيتور اليدالي
1761,Bayān b. `Alī al-Arhūnī,بيان بن علي الأرهوني
1763,Buddāh b. al-Būṣayrī at-Tandaghī,بداه بن البوصيري التندغي
1764,Biddāh b. Bū al-Tandaghī al-Mālikī,بداه بن بو التندغي المالكي
1765,Bihrām,بهرام
1766,Bihrām al-Mālikī,بهرام المالكي
1767,Bihrām b. `Abd Allāh al-Mālikī al-Damīrī,بهرام بن عبد الله المالكي‏ ‬الدميري‏
1769,Bihrām b. `Alī al-Damīrī,بهرام بن علي الدميري
1770,Binyāmīn b. Muḥammad b. `Uthmān,بنيامين بن محمد بن عثمان
1771,Bishr b. Ḥājjar,بشر بن حجر
1772,Baṣrī,بصري
1773,Baydārī,بيداري
1774,Boubou Hama,بوبو هما
1775,Būbakr b. Sīdi Ḥayd al-Jabīrī,بوبكر بن سيد حيد الجبيري
1776,Būbakr Sīdi,بوبكر سيد
1777,Bukhār Tannūd,بخار تنود
1778,Bukhārī b. Aḥmad,بخاري بن أحمد
1779,Bukhturī b. al-Mughīra al-Qurashī,بختري بن المغيرة القرشي
1780,Bulal b. Budubudu,بلل بن بدبد
1781,Bulīmī,بليمي
1782,Būnannā b. aṭ-Ṭālib Akhyār al-Qalqamī,بوننا بن الطالب اخيار القلقمي
1783,Burhāni al-Shādhilī,برهاني الشاذلي
1784,"Burnū, scholar (from Bornu)",علم في برنو
1785,Buṭrus b. Būlus b. `Abd Allāh al-Bustānī,بطرس بن بولس بن عبد الله البستاني
1786,Būya Aḥmad b. ash-Sharīf al-Mukhtār b. Bū`asrīya at-Tīshītī,بويا أحمد بن الشريف المختار بن بوعسريه التيشيتي
1788,ad-Dāh b. Aḥmad Maḥmūd b. al-Mukhtār b. al-Hayba al-Intishā'ī,الداه بن أحمد محمود بن المختار بن الهيبه الإنتشائي
1790,ad-Danabja b. Mu`āwiyya al-Arba`īnī at-Tandaghī,الدنبجة بن أحمد محمود بن معاوية الأربعيني التندغي
1791,Dāṭī (?),داطي (?)
1792,Ṭatakā (?),طتكا
1794,Dāwud b. `Umar al-Anṭākī,داود بن عمر الأنطاكي
1796,Dāwud b. Muḥammad b. Dāwud al-Rajrājī al-Jazūlī,داود بن محمد بن داود الرجراجي الجزولي
1797,Ḍayf Allāh b. Muḥammad b. Aḥmad b. Abba al-Mazmarī,ضيف الله بن محمد بن أحمد بن أب المزمري
1798,"Dingharāī, disciples of",دنغراي ،تلاميذ
1799,Dyayja b. `Abd Allāh b. Ḥabīb Allāh [Ḥabībaḷḷā] al-Kumlaylī,إدييج بن عبد الله بن حبيب الله الكمليلي
1800,"Tīnbuktī, eminant of",أعيان تنبكتي
1801,Faḍl b. al-Ḥasan Amīn al-Dīn al-Ṭabarsī,فضل بن الحسن امين الدين الطبرسي
1802,Fāhim Maḥmūd b. Muḥammad,فاهم محمود بن محمد
1803,Fakkū b. Bāba,فكو بن بابا
1804,Fāliḥ b. Muḥammad b. `Abd Allāh al-Ẓāhirī,فالح بن محمد بن عبد الله الظاهري
1805,Faqīh b. Ibrāhīm,فقيه بن إبراهيم
1806,Farāghmīn,فراغمين
1807,Farāj b. Qāsim b. Aḥmad b. Lubbu al-Andalusī,فراج بن قاسم بن أحمد بن لب الأندلسي
1808,Fasrī (al-Fāsī ?),فسري (فاسي ؟)
1809,Fatī b. al-Ḥājj b. Sīdi Aḥmad Lakhlīfia al-`Alawī,فتي بن الحاج بن سيد أحمد لخليفة العلوي
1810,Fāṭima al-Filālī bint Alfā Ibrāhīm,فاطمة الفلالي بنت ألفا إبراهيم
1811,Fattaḥ,فتح
1812,Fattāh b. Muḥammad b. al-Khāqān al-Qaysī,فتح بن محمد بن خاقان القيسي
1813,Fityān al-Islām Organization,منظمة فتيان الإسلام
1814,French Captain,فرنسي القبطان
1815,"French official, Governor of Tinbuktu",فرنسي كلنل حاكم دائرة تيمبكتو
1816,French official in Tinbuctu,حاكم الفرنسي لدائرة تمبكتو
1817,"French official, Commandant Bakel",فرنسي كماندان باكيل
1818,"French official, Governor, St. Louis",فرنسي حاكم سينت لويس
1819,"French official, Le Petit, Lt.",فرنسي ملازم فرنسي
1822,French official: Gallieni,فرنسي جاليني
1823,French: Louis Zouke (?),فرنسي لويس زوك
1824,Fūtī (sic),فوتي (آه)
1826,Gambū Tīla,غمبو تيلا
1827,Garrāy b. Aḥmad Yūra ad-Daymānī,گراي بن أحمد يوره الديماني
1828,Garba,غرب
1832,Ghāllī b. al-Mukhtār Fāl [Ṿāl] b. Aḥmad Talmūd al-Busātī,غالي بن المختار فال بن أحمد تلمود البساتي
1834,Gharb b. `Abd Allāh al-Janāwī,غرب بن عبد الله الجناوي
1835,Gharīr,غرير
1836,Ghaylān b. `Uqba al-`Adawī,غيلان بن عقبة العدوي
1837,Ghayrughu Aḥmad al-Ṭāhir,غيرغ أحمد الطاهر
1838,Ghumin b. Būba,غمن بن بوب
1839,Glaygīm b. Mutālī al-Tandaghī,اكليكم بن متالي التندغي
1840,Ḥind b. Sīdī Aḥmad b. Ḥind al-Bārtaylī [al-Ḅārittaylī],حند بن سيدي أحمد بن حند البارتلي
1841,Hābay b. `Abd Allāh al-Qabītalī,هابي بن عبد الله القبيتلي
1842,Ḥabīb,حبيب
1843,Ḥabīb al-Raḥmān,حبيب الرحمان
1844,Ḥabīb Allāh [Ḥabībaḷḷā] b. al-Amīn b. al-Ḥāj ash-Shuqrawī al-Ḥasanī,حبيب الله بن الأمين بن الحاج الشقروي الحسني
1845,Ḥabīb Allāh b. al-Mukhtār al-Ḥasanī,حبيب الله بن المختار الحسني
1846,Ḥabīb Allāh [Ḥabībaḷḷā] b. al-Qāḍī al-Idyaydbī,حبيب الله بن القاضي الإيجيجبي
1847,Ḥabib Allāh b. Jamāl al-Ḥasanī,حبيب الله بن جمال الحسني
1848,Ḥabīb Allāh [Ḥabībaḷḷā] b. al-Mukhtar b. Sīdī Aḥmad al-Kuntī,خبيب الله بن المختار بن سيدي أحمد الكنتي
1849,Ḥabīb b. al-Ṭālib Bābakr al-Ūshī,حبيب بن الطالب بابكر الأوسي
1850,Ḥabīb b. Awsi al-Ṭā'ī,حبيب بن أوس الطائي‏ ‬‬
1851,Ḥabīb b. Maḥmūd al-Anṣārī,حبيب بن محمود الأنصاري
1852,Ḥabīb b. Sīdī Muḥammad al-Idayllbī,حبيب بن سيدي محمد الإديلبي
1853,Ḥabīb b. Muḥammad b. al-Ḥabīb,حبيب بن محمد بن الحبيب
1854,Ḥabīb b. Sa`d b. al-Ḥājj al-Inkundarī,حبيب بن سعد بن الحاج الإنكندري
1855,Ḥabīb b. Sa`d b. al-Ḥājj al-Inkundarī and Muḥammad b. Maḥmūd,حبيب بن سعد بن الحاج الإنكندري ومحمد بن محمود
1856,Ḥaḍānī,حضاني
1857,al-Hādī b. Muḥamdī b. Sīdī `Abd Allāh al-`Alawī,الهادي بن محمدي بن سيد عبد الله العلوي
1858,Hādī Muḥammad Mirḥāb,هادي محمد مرحاب
1859,Hādīru Binjī and Na`ibi Sulaymān Wālī,خضر بنجي ونائبي سليمان والي
1860,Ḥaḍramī b. Muḥammad al-Fāḍl al-Qalqamī,حضرمي بن محمد الفضل القلقمي
1861,Ḥaḍramī b. Muḥammad al-Mukhtār al-Jakanī,حضرمي بن محمد المختار الجكني
1862,`Abd Allāh b. Muḥammad al-Mishrī b. al-Ḥāj al-`Alawī,عبد الله بن محمد المشري بن الحاج العلوي
1863,Ḥājj `Abd Allāh b. Sa`īd Ghiṭāṭū (Gidado),حاج عبد الله بن سعيد غطاطو
1864,Ḥājj `Īsa Idrīs al-Qādirī,حاج عيسى إدريس القادري
1865,Ḥājj `Umar b. Abī Bakr al-Kuntī,حاج عمر بن أبي بكر الكنتي
1867,Ḥājj `Umar b. Abī Bakr of Kete Krakye,حاج عمر بن ابى بكر
1868,Ḥājj `Uthmān,حاج عثمان
1869,al-Ḥāj b. as-Sālik b. Faḥfu [Vaḥvu] al-Massūmī,الحاج بن السالك بن فحفو المسومي
1870,Ḥājj b. al-Saqaf,حاج بن السقف
1871,Ḥājj b. Sa`īd al-Baydarī,حاج بن سعيد البيدري
1872,Ḥājj Ibn Dunb Mālik,حاج ابن دنب مالك
1873,Ḥājj Ibrāhīm b. al-Ḥājj Bākarī,حاج إبراهيم بن الحاج باكري
1874,Ḥājj Ibrāhīm Ghushaynuj,حاج ابراهيم غشينج
1875,Ḥājj Muḥammad,حاج محمد
1876,Ḥājj Muḥammad al-`Alūshī,حاج محمد العلوشي
1877,Ḥājj Muḥammad al-Ḥanīd,حاج محمد الحنيد
1878,Ḥājj Muḥammad al-Muṣṭafa,حاج محمد المصطفى
1879,Ḥājj Muḥammad al-Zarydān,حاج محمد الزريدان
1880,Ḥājj Muḥammad b. al-Marābaṭ Yaḥya,حاج محمد بن السيد المرابط يحيي
1881,Ḥājj Muḥammad b. Muḥammad al-Munīr al-Mālikī,حاج محمد بن محمد المنير المالكى
1882,Ḥājj Muḥammad b. Sulaymān,حاج محمد بن سليمان
1884,Ḥājj Muḥammad Marhabā al-`Umawī al-Saghanūghū,حاج محمد مرحبا العموي السغنوغو
1885,Ḥājj Ṣāliḥ,حاج صالح
1886,Ḥājj Thānī b. Mu`alam al-Ḥasan,حاج الثانى بن معلم حسن
1887,Hakku b. Ibrāhīm al-Kallādī (Gallādī),حك بن إبراهيم الكلادي
1888,Ḥamād b. Aḥmad b. Muḥammad al-Ṣaghīr al-Wāfī,حمد بن أحمد بن محمد الصغير الوافي
1890,Ḥammād b. al-Amīn al-Majlisī al-Būḥamdī,حماد بن الأمين  المجلسي البوحمدي
1891,Ḥamdān Sa`yyid,حمدان سعيد
1892,Ḥamdān Yaghūn,حمدان يغون
1893,Ḥamdi `Al b. `Alī,حمد عال بن علي
1894,Ḥamdīn b. `Abd al-Raḥmān al-Fāsī,حمدين بن عبد الرحمان الفاسي
1895,Ḥamdūn b. al-Raḥmān b. al-Ḥājj,حمدون بن الرحمان بن الحاج
1896,Ḥamdūn b. Muḥammad Bannānī,حمدون بن محمد بناني
1897,Hamhamā b. Sala al-Sūqī,همهما بن سله السوقي
1898,Ḥamī b. Muḥammad al-Ṭāhir b. Sīdi `Alī,حمي بن محمد الطاهر بن سيد عالي
1899,Ḥamīd b. `Abd Allāh,حميد بن عبد الله
1900,Ḥamīd b. Aḥmad b. Muḥammad,حامد بن أحمد بن محمد
1901,Ḥamīd b. al-Shaykh Aḥmad b. Muḥammad b. Abī Bakr b. Sa`īd,حامد بن الشيخ أحمد بن محمد بن أبي بكر بن سعيد
1902,Ḥamīd b. Muḥammad Ibrāhīm,حامد بن محمد إبراهيم
1903,Ḥamīd Bāba b. Alfā May b. `Umar,حامد بابا بن ألفا مي بن عمر
1904,Ḥamīdin b. al-Ḥabīb,حامدين بن الحبيب
1905,Ḥāmidun b. Muḥummadhun b. Muḥanḍ Bāba al-Bārikī ad-Daymānī,حامدن بن محمذن بن محنض بابه الباركي الديماني
1906,Ḥāmisu Yādūdū Funtūa,حامس يادودو فنتوا
1907,Ḥamk al-Ghayraghī,حمك الغيرغي
1908,Ḥamma al-Amīn al-Kuntī,حم الأمين الكنتي
1909,Ḥamma b. al-Aswad,هم بن الأسود
1910,Ḥamma b. al-Ṭāhir al-Anṣārī,حم بن الطاهر الأنصاري
1911,Ḥammā b. Bādi al-Kuntī,هما بن بادي الكنتي
1912,Ḥamma b. Ḥammu,حم بن حم
1913,Ḥāmma b. Muḥammad al-Amīn,حام بن محمد الأمين
1914,Ḥamma Muḥammad Dadab,حم محمد ددب
1915,Ḥammād,حماد
1916,Ḥammād (and Kalil),حماد (و خليل )
1918,Ḥammād b. al-Kash al-Raqqādī,حماد بن الكش الرقادي
1919,Ḥammād b. al-Khalīl al-Jubahī,حماد بن الخليل الجبهي
1920,Ḥammād b. Ibrāhīm al-Anṣārī al-Sūqī,حماد بن إبراهيم الأنصاري السوقي
1921,Ḥammād b. Muḥammad al-Sūqī,حماد بن محمد السوقي
1922,Ḥammād b. Muḥammad b. Ibrāhīm,حماد بن محمد بن إبراهيم
1923,Ḥammād b. Muḥammad Quṭbu,حماد بن محمد بن قطب
1924,Ḥammād b. Ṣāliḥ,حماد بن صالح
1925,Ḥammād b. Sīdi al-Mukhtār,حماد بن سيد المختار
1928,Ḥima Allāh [Ḥmāhaḷḷa] b. Aḥmaddū b. al-Imām Aḥmad al-Ḥasanī at-Tīshītī,حمى الله بن أحمدُّو بن الإمام أحمدْ الحسني التيشيتي
1930,Ḥammāt b. Ḥammtāl al-Anṣārī,حمات بن حمتال الأنصاري
1931,Ḥamza b. `Abd al-Qādir,حمزة بن عبد القادر
1932,Ḥamza b. al-Ḥājj b. Aḥmad al-Tūwātī,حمزة بن الحاج بن أحمد التواتي
1933,Ḥamza b. Jibril b. `Alī al-Fazzānī,حمزة بن جبريل بن علي الفزاني
1934,Ḥanka b. `Abd al-Qādir b. Muḥammad al-Amīn b. Ayyi,حنك بن عبد القادر بن محمد الأمين بن أي
1935,Ḥarāzī,حرازي
1936,Ḥārith b. Asad al-Muḥāsibī,حارث بن سعد المحاسبي
1937,Hārūn al-Rashid al-`Abbāsī / Mūsa al-Raḍī al-`Alawī,هارون الرشيد العباسي و موسي الرضي العلوي
1938,Hārūn al-Rashid b. Muḥammad al-Thānī al-Kanawī,هارون الرشيد بن محمد الثاني الكنوي
1939,Hārūn b. Alī, هارون بن علي
1940,Hārūn b. Bāba b. Sīdī Muḥammad b. ash-Shaykh Sīdiyya al-Intishā'ī al-Abyayrī,هارون  بن بابه بن سيدي محمد بن الشيخ سيديَّا الآنتشائي الأبييري
1941,Hārūn b. Muḥammad,هارون بن محمد
1942,Hasām al-Dīn al-Shāfi`ī,حسام الدين الشافعي
1944,al-Ḥasan b. Mas`ūd al-Yūsī al-Marrākushī,الحسن بن مسعود اليوسي
1945,Ḥasan `Aẓīm Gura,حسن عظيم كر
1946,Ḥasan al-`Adawī,حسن العدوي
1947,Ḥasan al-`Adawī al-Ḥamzāwī,حسن العدوي الهمزاوي
1948,Ḥasan al-Ādamī,حسن الآدمي
1949,Ḥasan al-Baṣrī,حسن البصري
1950,Ḥasan al-Maghribī,حسن المغربي
1951,Ḥasan b. `Alī,حسن بن علي
1952,Ḥasan b. `Alī al-Iṣfahānī al-Ṭughrā'ī,حسن بن علي الإصفهاني الطغرائي
1953,Ḥasan b. `Alī al-Kafrāwī,حسن بن علي الكفراوي
1954,Ḥasan b. `Alī al-Qāsim,حسن بن علي القسم
1955,Ḥasan b. `Alī al-Zarhūnī,حسن بن علي الزرهوني
1956,Ḥasan b. `Attiya al-Wansharīsī (?),حسن بن عطية الونشريسي (?)
1957,Ḥasan b. `Umar Alfa Kiri b. Ibrahim al-Salghawī (attribution),حسن بن عمر ألفا كري بن إبراهيم سلغوي
1958,al-Ḥasan b. Aghbuddī az-Zaydī at-Tīshītī,الحسن بن آغبدي الزيدي التيشيتي
1959,Ḥasan b. Abā,حسن بن ابا
1960,Ḥasan b. Abī al-Qāsim b. Bādīs,حسن بن أبي القاسم بن باديس
1961,Ḥasan b. Aḥmad,حسن بن أحمد
1962,Ḥasan b. Aḥmad b. al-Sīrī b. al-Ḥasan b. al-Amīn,حسن بن أحمد بن السيري بن الحسن بن الأمين
1963,Ḥasan b. al-Amān b. al-Baṣīr,حسن بن الأمان بن البصير
1964,Ḥasan b. al-Ḥāfiẓ al-Sbā`ī,حسن بن الحافظ السباعي
1965,Ḥasan b. al-Ḥusayn,حسن بن الحسين
1967,Ḥasan b. al-Ḥusayn b. al-Haytham al-Hāshimī al-Baghdādī,حسن بن الحسين بن الهيثم الهاشمي البغدادي
1968,Ḥasan b. al-Sayid,حسن بن السيد
1969,al-Ḥasan Dam b. Muḥammad al-Fūtī,حسن بن الشريف بن الحسن السغنوغو
1970,Ḥasan b. al-Thamalaj,حسن بن الثملج‏ ‬
1971,Ḥasan b. Badamāṣī,حسن بن بدماسي
1972,Ḥasan b. Hānī' al-Ḥakmī,حسن بن هاني ء الحكمي
1973,Ḥasan b. Maḥmūd al-Anṣārī,حسن بن محمود الأنصاري
1974,Ḥasan b. Mālik, حسن بن مالك
1975,Ḥasan b. Mbārik al-Zubaydī,حسن بن مبارك الزبيدي
1976,Ḥasan b. Muḥammad al-Barī al-Mālikī,حسن بن محمد البري المالكي
1977,Ḥasan b. Muḥammad b. Aḥmad al-Kallādī (Gallādī),حسن بن محمد بن أحمد الكلادي
1978,Ḥasan b. Muḥammad b. al-Ḥusayn al-Nīsābūrī,حسن بن محمد بن الحسين النيسابوري‏ ‬
1980,Ḥasan b. Muḥammad b. al-Ḥusayn al-Ṣāghānī,حسن بن محمد بن الحسين الصغاني
1981,Ḥasan b. Muḥammadhan b. `Abd al-Dāyim,حسن بن محمذ بن عبد الدايم
1982,Ḥasan b. Qāsim al-Murādī,حسن بن قاسم بن المرادي
1984,Ḥasan b. Thābit,حسان بن ثابت
1985,Ḥasan b. Yusuf b. Muṭhhar al-Ḥillī al-`Allāma,حسن بن‏ ‬يوسف بن مطهر الحلي‏ ‬العلامة
1987,al-Ḥasan b. Zayn b. Sīdi Slaymān al-Gunānī,الحسن بن زين بن سيد اسليمان الگناني
1988,Ḥasan Bāshā ibn `Alā' al-Dīn `Alī al-Rūmī,حسن باشا ابن علاء الدين علي‏ ‬الرومي‏ ‬
1989,Ḥasan Dam b. Muḥammad al-Fūtī,حسن دم بن محمد الفوتي
1990,Ḥasanā Aḥmad Ṣūfī,حسنا أحمد صوفي
1991,Ḥasanī b. Muḥammad Yaḥya al-Walātī,حسني بن محمد يحيي الولاتي
1992,Hāshim b. `Abd al-`Azīz al-Muḥammadī,هاشم بن عبد العزيز المحمدي
1993,Ḥātaya b. Ibrāhīm,حتاي بن إبراهيم
1994,Ḥatī b. Sīdi `Alī,حتي بن سيد عالي
1995,Ḥātim b. al-Yābūs al-Tadmakī,حاتم بن اليابوس التدمكي
1996,Ḥawḍī,حوضي
1997,Ḥayd b. al-Ḥājj `Umar,حيد بن الحاج عمار
1998,Ḥaymidda b. Anjubnān al-Idagfūdī at-Tandaghī,حيمده بن انجبنان الإدگفودي التندغي
1999,Hibat Allāh b. al-Qādī Najm al-Dīn al-Jahanī,هبة الله بن القاضي‏ ‬نجم الدين الجهني‏
2000,Hibat Allāh b. Salāma a al-Baghdādī,هبة الله بن سلامة البغدادي
2001,Ḥifāẓ Abū `Īsa,حفاظ أبو عيسي
2002,Ḥifyānī,حفياني
2003,Hishām b. Muḥammad al-Kalbī,هشام بن محمد الكلبي
2004,Humām b. Ghālib al-Tamīmī,همام بن غالب التميمي
2005,Ḥumayd al-Qurṭubī and `Uthmān Sa`īd Yūsuf al-Ilibīrī,حميد القرطبي وعثمان سعيد الألبيري
2006,Humburī,همبري
2007,Ḥusayn Aḥmad,حسين أحمد
2008,Ḥusayn b. `Abd Allāh,حسين بن عبد الله
2009,Ḥusayn b. `Abd Allah al-`Askurī,‬حسين بن عبد الله العسكري‏
2010,Ḥusayn b. `Alī b. Ṭalḥa al-Rajrājī al-Shawshawī al-Simlālī,حسين بن علي‏ ‬بن طلحة الرجراجي‏ ‬الشوشوي‏ ‬السملالي‏
2014,Ḥusayn b. Ḥasan b. Ṭāhir,حسين بن حسن بن طاهر
2015,Ḥusayn b. Ibrāhīm,حسين بن إبراهيم
2016,Ḥusayn b. M`ayin al-Dīn al-Mybadī,حسين بن معين الدين الميبدي‏
2017,Ḥusayn b. Maḥama,حسين بن محم
2018,Ḥusayn b. Maḥmūd,حسين بن محمود
2021,Ḥusayn b. Mas`ūd b. Muḥammad al-Baghawī,حسين بن مسعود بن محمد البغوي
2022,Ḥusayn b. Muḥammad al-Ḥasan al-Diyārbakrī,حسين بن محمد الحسن الدياربكري
2023,Ibn `Ubayd Qāsim b. Salām, ابن عبيد قاسم بن سلام
2024,Ibn `Abbās Ṣall,ابن عباس صل
2025,Ibn `Abd Allāh al-Sanūsī,ابن عبد الله السنوسي
2026,Ibn `Abd Allāh Muḥammad al-Walātī,ابن عبد الله محمد الولاتي
2027,Abnū `Abdam b. ‘Abd Allāh al-Fāḍilī ad-Daymānī,أبنو عبدم بن عبد الله الفاضلي الديماني
2028,Ibn `Āl,ابن عال
2029,Ibn `Aṭiyya Muḥammad b. `Alī al-Ḥārithī al-Makkī,ابن عطية محمد بن علي الحارثي المكي
2030,Ibn `Aṭṭa' Allāh al-Jawzāmī,ابن عطاء الله الجوزامي
2031,Ibn `Aynayn al-Ḥasanī,ابن عينين الحسني
2032,Ibn `Īsa,ابن عيسي
2033,Ibn `Umar b. Muḥammad al-Kabīr b. al-Bashīr,ابن عمر بن محمد الكبير بن البشير
2037,Ibn Abī Zayd al-Qayrawānī,ابن أبي زيد القيرواني
2038,Ibn Aḥmad al-Lamtūnī,ابن أحمد اللمتوني
2039,Ibn Akḥat,ابن أكحت
2040,Ibn al-`Abbās,ابن عباس
2041,Ibn al-`Alīm al-Zajūlī,ابن العالم الزجولي
2042,Ibn al-`Amād,ابن العماد
2043,Ibn al-`Atīq b. Aḥmad b. Muḥammad al-Mukhtār and Muhammd `Abd Allāh b. Sīdi `Uthmān,ابن العاتف بن أحمد بن محمد المختار ومحمد عبد الله بن سيد عثمان ابن الإمام عبد الله
2044,Ibn al-Battā,ابن البتا
2045,Ibn al-Jawzī al-Ḥanafī,ابن الجوزي الحنفي
2046,Ibn al-Nasāj, ابن النساج
2047,Ibn al-Qāsim,ابن القاسم
2048,Ibn al-Qāsim Sulṭān b. `Alī,ابن القاسم سلطان بن علي
2049,Ibn al-Shaḥna,ابن الشحنة
2050,Ibn al-Shāyim,ابن الشايم
2051,Ibn al-Shaykh Aḥmad b. al-Shaykh,ابن الشيخ أحمد بن الشيخ
2052,Ibn b. Muḥammad b. Ẓafar,ابن محمد بن ظفر
2055,Ibn Bashīr,‬ابن بشير
2056,Ibn Batlaf al-Mūrītānī,ابن بتلف الموريتاني
2057,Ibn bint Aḥmad al-Rifā`ī,ابن بنت أحمد الرفاعي
2059,Ibn Burhān al-Dīn al-Yamānī,ابن برهان الدين اليمني
2060,Ibn Burhān al-Tamīmī al-Baṣrī,ابن برهان التميمي البصري
2061,Ibn Fallāḥ,ابن فلاح
2063,Ibn Ḥāzim,ابن حازم
2064,Ibn Hishām b. Muḥammad,ابن هشام بن محمد
2065,Ibn Jabīr,ابن جبير
2066,Ibn Kamāl Bāshā,ابن كمال باشا
2067,Ibn Kāwī,ابن كاوي
2068,Ibn Khalikān,ابن خلكان
2069,Ibn Kunān al-Kuntī,ابن كنان الكنتي
2071,Ibn Mālik Būakyī,ابن الملك بوكي
2072,Ibn Maqara`,ابن مقرع
2074,Ibn Mas`ūd al-Dar`ī,ابن مسعود الدرعي
2075,Ibn Muḥammad Akkinna b. Muḥammad al-Bashīr,ابن محمد أكن بن محمد البشير
2076,Ibn Muḥammad al-Anṣārī al-Tīnbuktī,ابن محمد الأنصاري التنبكتي
2077,Ibn Muḥammad al-Bār,ابن محمد البار
2078,Ibn Muḥammad b. Abī Ṭālib,ابن محمد بن أبي طالب
2079,Ibn Muḥammad b. Atallā al-Anṣārī,ابن محمد بن أتلي الأنصاري
2080,Ibn Muḥammad b. Sulaymān,ابن محمد بن سليمان
2082,Ibn Mutālī and Zayn b. Ajmad and Bābaha b. Muhammad b. Aḥmad and Muḥammad b. al-Imām b. al-Bukhārī and Muḥammad al-Sālim b. al-Shīn al-Ḥasanī,ابن متالي وزين بن اجمد وببها بن محمذن بن أحمد ومحمد بن الإمام بن البخاري ومحمد السالم بن الشين الحسني
2083,Ibn Nājī (?),ابن ناجي (؟)
2084,Ibn Qarqamāshī al-Ḥanafī,ابن قرقماشي الحنفي
2085,Ibn Sa`īd al-Jakanī al-Mālikī,ابن سعيد الجكني المالكي
2086,Ibn Sharḥibīl,ابن شرحبيل
2087,Ibn Sharīf al-Randi al-Andalusī,ابن شريف الراندي الأندلسي
2088,Ibn Sīdi `Alī,ابن سيد عالي
2089,Ibn Ubb,ابن أب
2090,Ibn Wafā al-Bayḍāwī,ابن وفا البيضاوي
2091,Ibn Yaḥya,ابن يحيي
2092,Ibn Yaḥẓīah,ابن يحظيه
2093,Ibn Yāmūn,ابن يامون
2094,Ibn Yūnis,ابن يونس
2096,Ibrāhīm,إبراهيم
2100,Ibrāhīm Abī Bakr b. `Abd Allāh b. Mūsa al-Tilimsānī,إبراهيم أبو بكر بن عبد الله بن موسي التلمساني
2101,Ibrāhīm al-Hasan,إبراهيم الحسن
2102,Ibrāhīm al-Ḥusaynī,‬إبراهيم الحسيني
2103,Ibrāhīm al-Kābarī,إبراهيم الكابري
2104,Ibrāhīm al-Mu`aẓim Muḥammad al-Thāmin,إبراهيم المعظم محمد ثامن
2105,Ibrāhīm al-Mubārak b. `Īsa,إبراهيم المبارك بن عيسي
2106,Ibrāhīm al-Rayyāḥī,إبراهيم الرياحي
2107,Ibrāhīm as-Sbā`ī,إبراهيم السباعي
2108,Ibrāhīm al-Taymī,إبراهيم التيمي
2109,Ibrāhīm al-Watarī,إبراهيم الوتري
2110,Ibrāhīm b. `Abd al-Qādir,إبراهيم بن عبد القادر
2111,Ibrāhīm b. `Abd al-Qādir al-Tūnisī,إبراهيم بن عبد القادر التونسي
2113,Ibrāhīm b. `Abd al-Raḥman al-Gharnāṭī,‬إبراهيم بن عبد الرحمن الغرناطي‏
2114,Ibrāhīm b. `Abd Allāh b. Aḥmad,إبراهيم بن عبد الله بن أحمد
2116,Ibrāhīm b. `Abd Allāh Niyās al-Kawlakhī,إبراهيم بن عبد الله انياس الكولخي
2120,Ibrāhīm b. `Alī Aghīghī (Agege),إبراهيم بن علي اغيغي
2121,Ibrāhīm b. `Alī b. Muḥammad b. Farḥūn al-Ya'marī al-Andalusī,إبراهيم بن علي بن محمد بن فرحون اليعمري أندلسي
2122,Ibrāhīm b. `Umar b. Muḥammad,إبراهيم بن عمر بن محمد
2123,Ibrāhīm b. Abī Bakr al-Anṣārī al-Tilimsānī al-Sabtī,إبراهيم بن أبي بكر الأنصاري التلمساني السبتي
2124,Ibrāhīm b. Abī Bakr b. Muḥammad al-Filālī,إبراهيم بن أبي بكر بن محمد الفلالي
2125,Ibrāhīm b. Aḥmad al-Kalsūkī,إبراهيم بن أحمد الكلسوكي
2126,Ibrāhīm b. Aḥmad b. Muḥammad al-Sarāwī al-Jabawī,إبراهيم بن أحمد بن محمد السراوي الجبوي
2127,Ibrāhīm b. al-Fagh Ghiṭāṭū (Gidado),إبراهيم بن الفغ غطاطو
2128,Ibrāhīm b. al-Ḥājj `Abd Allāh,إبراهيم بن الحاج عبد الله
2129,Ibrāhīm b. al-Ḥasanī,إبراهيم بن الحسني
2130,Ibrāhīm b. al-Mukhtār,إبراهيم بن المختار
2131,Ibrāhīm b. al-Qāḍī Abī Bakr,إبراهيم بن القاضي أبي بكر
2132,Ibrāhīm b. al-Qāsim al-Salālī,إبراهيم بن القاسم السلالي
2133,Ibrāhīm b. al-Qāsim al-Sīllī,إبراهيم بن القاسم السيلي
2134,Ibrāhīm b. al-Ṭālib Aḥmad al-Ṣūfī,إبرهيم بن الطلب أحمد الصوفي
2136,Ibrāhīm b. Bāba b. Sīdī Muḥammad b. ash-Shaykh Sīdiyya al-Intisha'ī al-Abyayrī,إبراهيم بن بابه بن سيدي محمد بن الشيخ سيديَّا الآنتشائي الأبييري
2137,Ibrāhīm b. Ḥamza b. Mas`ūd al-`Adranawī,‬إبراهيم بن حمزة بن مسعود الأَدْرَنَوي‬
2138,Ibrāhīm b. Hārūn,إبراهيم بن هارون
2139,Ibrāhīm b. Ḥasan al-Kurdī al-Kūrānī,إبراهيم بن حسن الكردي الكوراني
2141,Ibrāhīm b. Hilāl b. `Alī al-Ṣanhājī al-Sijilmāsī,إبراهيم بن هلال بن علي الصنهاجي السجلماسي
2142,Ibrāhīm b. Ibrāhīm b. Ḥasan al-Lāqanī,إبراهيم بن إبراهيم بن حسن اللقاني
2143,Ibrāhīm b. Ismā`īl,إبراهيم بن إسماعيل
2144,Ibrāhīm b. Ismā`īl b. Aḥmad al-Lawātī al-`Ajdābī,إبراهيم بن إسماعيل بن أحمد اللواتي الأجدابي
2145,Ibrāhīm b. Isma`īl b. al-Ṭarāblusī,إبراهيم بن اسماعيل بن احمد بن عبد الله الطرابلسي‏
2146,Ibrāhīm b. Ismā`īl b. Muahmmad al-Tarāwīlī and Ibrāhīm b. Ismā`īl b. Aḥmad al-Lawātī al-`Ajdābī,إبراهيم بن إسماعيل بن محمد التراويلي وإبراهيم بن إسماعيل بن أحمد اللواتي الأجدابي
2148,Ibrāhīm b. Mar`ī b. `Aṭiyya al-Shabrakhītī al-Miṣrī,إبراهيم بن مرعي بن عطية الشبرخيتي المصري
2151,Ibrāhīm b. Mas`ūd b. Sa`īd al-Ilibīrī,إبراهيم بن مسعود بن سعيد الالبيري
2152,Ibrāhīm b. Muḥammad,إبراهيم بن محمد
2153,Ibrāhīm b. Muḥammad al-Awwal b. Muḥammad al-Thānī al-Mallāwī,إبراهيم بن محمد الاول بن محمد الثاني الملاوي
2154,Ibrāhīm b. Muḥammad al-Qayṣarī,إبراهيم بن محمد القيصري
2155,Ibrāhīm b. Muḥammad al-Ṣāliḥ b. Yunus,إبراهيم بن محمد الصالح بن يونس
2156,Ibrāhīm b. Muḥammad al-Wālī b. Muḥammad Runfa,إبراهيم بن محمد الولي بن محمد رنف
2158,Ibrāhīm b. Muḥammad b. Aḥmad al-Bājūrī,‬إبراهيم بن محمد بن أحمد الباجوري‏
2160,Ibrāhīm b. Muḥammad b. al-Ḥājj al-Sulṭānī,إبراهيم بن محمد بن الحاج السلتاني
2161,Ibrāhīm b. Muḥammad b. Alfā Sirsir,إبراهيم بن محمد بن ألفا سرسر
2162,Ibrāhīm b. Muḥammad b. Isḥāq al-Anṣārī,إبراهيم بن محمد بن إسحاق الأنصاري
2164,Ibrāhīm b. Muḥammad b. Ismā`īl,إبراهيم بن محمد بن إسماعيل
2165,Ibrāhīm b. Muḥammad b. Mūsa al-Dārī al-Fūtī,إبراهيم بن محمد بن موسي الداري الفوتي
2166,Ibrāhīm b. Muḥammad Bakū b. Muḥammad al-Mallāwī,إبراهيم بن محمد باقو بن محمد الملاوي
2167,Ibrāhīm b. Mūsa al-Lakmī al-Shāṭibī,‬إبراهيم بن موسى اللخمي‏ ‬الشاطبي‏
2168,Ibrāhīm b. Nājim,إبراهيم بن ناجم
2169,Ibrāhīm b. Sa'id,إبراهيم بن سعيد
2170,Ibrāhīm b. Sīdi al-Mukhtār b. `Abd Allāh,إبراهيم بن سيد المختار بن عبد الله
2171,Ibrāhīm b. Yūsuf Maytamā,إبراهيم بن يوسف ميتما
2172,Ibrāhīm b.`Alī al-Madanī,إبراهيم بن علي‏ ‬المدني‏
2173,Ibrāhīm b.`Umar al-Anṣarī,‬إبراهيم بن عمر الأنصاري‏ ‏
2175,Ibrāhīm b.`Umar b. Ibrāhīm al-Ja`barī,‬إبراهيم بن عمر بن إبراهيم الجعبري‏
2176,Ibrāhīm Bā` b. Muḥammad,إبراهيم باء بن محمد
2177,"Ibrāhīm Bā` b. Muḥammad Faghī Kanū (Fagge, Kano)",إبراهيم باء بن محمد فغي كنو
2178,Ibrāhīm Balārabī b. Hārūn Jīgha,إبراهيم بلاربي بن هارون جيغ
2179,Ibrāhīm Dābū (second amir of Kano),إبراهيم دابو
2180,Ibrāhīm Janbī Yirī (Jangebiri ?),إبراهيم جنبي يرى
2181,Ibrāhīm Michael Sida (translator),إبراهيم ميكائيل سيدا (ترجمة)
2182,Ibrāhīm Ṣārif,إبراهيم صارف
2183,Ibrāhīm Ṭūrī b. Sīkū Ṭūrī (Toure b. Sekou Toure),إبراهيم توري بن سيكو توري
2184,Ibrāhīm Yāya,إبراهيم ياي
2185,Idabaltana,إدبلتنت
2186,"Idaw `Alī and Laghlāl, representatives",ممثلو من قبيلتي ادوعلي و لغلال
2187,Idrīs,إدريس
2188,Idrīs al-Hilālī al-Fāsī,إدريس الهلالي الفاسي
2189,Idrīs b. `Abd Allāh al-Wadghīrī,إدريس بن عبد الله الودغيري
2191,Idrīs b. Ibrāhīm al-Ḥīḥī,إدريس بن إبراهيم الحيحي
2193,Idrīs b. Khālid b. Muḥammad, إدريس بن خالد بن محمد
2194,Idrīs Kinātī,إدريس كناتي
2195,Idūmū b. `Abdātī b. Muḥammad Faḍl al-Qalqamī,إدومو بن عبداتي بن محمد فضل القلقمي
2196,Iflān (?),إيفلان (?)
2197,Imām `Abd al-Qādir,إمام عبد القادر
2198,Imām `Umar Kundī b. `Umar and Ḥājj Muḥammad b. al-Muṣṭafa,إمام عمر الكندى بن عمر وحاج محمد بن المصطفى
2199,Imām Aḥmad Abī al-`Abbās,إمام أحمد عبي العباس
2200,Imām al-Ḥādīth al-Kashnāwī,إمام الحديث الكشناوي [منسوب له]
2201,Imām al-Ḥājj `Abd Allāh Qūddūs b. al-Ḥājj al-Ḥasan,إمام الحاج عبد الله قودوس بن الحاج الحسن
2202,Imām al-Māsinī,إمام الماسني
2203,Imām b. al-`Abbās Aḥmad b. `Alī al-Birnī,إمام بن العباس أحمد بن علي البرني
2204,Imām b. al-Hādī Muḥammad b. Ya`qūb al-Bundukī,إمام بن الهادي محمد بن يعقوب البندكي
2205,Imām b. al-Ḥājj,إمام بن الحاج
2206,Imām b. al-Muṣṭafa,إمام بن المصطفي
2207,Imām b. Hātam al-`Āmalī al-Mālaqī,إمام بن ابي‏ ‬حاتم العاملي‏ ‬المالقي
2208,Imām b. Mānāh al-Jakanī,إمام بن ماناه الجكني
2209,Imām b. Muḥammad Arkī,إمام بن محمد أركي
2211,al-Imām b. Sīdi al-Muttaqī b. al-Mahdī b. Aḥmad ash-Sharīf al-Wadānī,الإمام بن سيد المتقي بن المهدي بن أحمد الشريف الوداني
2212,Imām Hāshimī,إمام هاشمي
2213,Imām Yūsuf b. Imām Jābī Qāsamī,إمام يوسف بن إمام جابى قاسمى
2214,Imān,إمان
2215,Imru' al-Qays b. Ḥujr / Abū `Umarū Shaybānī / Nābigha / Zuhayr b. Abī Salma / `Antara b. Shaddād al-`Absī / `Alqama,إمرؤ القيس بن حجروأبو عمرو الشيبانى ونابغة وزهير بن أبى سلمة وعنترة بن شداد وعلقمة
2218,Imru' al-Qays b. Ḥujr b. al-Ḥārith al-Kindī,امرؤ القيس بن حجر بن الحارث الكندي
2219,Imru' al-Qays b. Ḥujr b. al-Ḥārith al-Kindī / Ziyād b. Mu`āwiya al-Dhubyānī,امرؤ القيس بن حجر الحارث الكندي /زياد بن معاوية الذبياني (النابغة)
2220,Isḥāq b. Bāba b. Sīdi Muḥammad al-Abyayrī al-Intishā'ī,إسحاق بن باب بن سيد محمد الإنتشائي
2221,Isḥāq b. Ibrāhīm,إسحاق بن إبراهيم
2222,Ismā`īl Abū Bakr,إسماعيل أبو بكر
2223,Ismā`īl al-Ḥasanī,إسماعيل الحسني
2224,Ismā`īl b. `Abd Allāh,إسماعيل بن عبد الله
2225,Ismā`īl b. `Abd Allāh al-Kurdufānī,إسماعيل بن عبد الله الكردفاني
2226,Ismā`īl b. `Abd Allāh al-Wālī,إسماعيل بن عبد الله الولي
2227,Ismā`īl b. `Alī b. Mahmūd b. Muḥammad b. `Umar al-Aywabī,إسماعيل بن علي‏ ‬بن محمود بن محمد بن عمر الأيوبي‏ ‬
2229,Ismā`īl b. Abī Bakr al-Maqqarī al-Shāwurī,إسماعيل بن أبي بكر المقري الشاوري
2230,Ismā`īl b. Aḥmad al-Ḥalabī,إسماعيل بن احمد الحلبي‏ ‬
2231,Ismā`īl b. al-Ḥusayn b. Abī al-Fatḥ b. Abī Sinān,إسماعيل بن الحسين بن أبي الفتح بن أبي سنان
2232,Ismā`īl b. al-Imām al-Qura,إسماعيل بن الإمام القري
2233,Ismā`īl b. al-Maqqarī al-Yamānī,إسماعيل بن المقري اليماني
2235,Ismā`īl b. al-Qāsim al-Qālī al-Baghdādī,إسماعيل بن القاسم القالي البغدادي
2236,Ismā`īl b. Bāba b. Sīdī Muḥammad b. ash-Shaykh Sīdiyya al-Intishā'ī al-Abyayrī,إسماعيل بن بابه بن سيدي محمد بن الشيخ سيديَّا الآنتشائي الأبييري
2237,Ismā`īl b. Ḥammād al-Jawharī al-Fārābī,‬إسماعيل بن حماد الجوهري‏ ‬الفارابي‏‬
2241,Ismā`īl b. Ḥamza,إسماعيل بن حمزة
2242,Ismā`īl b. Khalaf,إسماعيل بن خلف
2243,Ismā`īl b. Muḥammad Sa`īd al-Qādirī,إسماعيل بن محمد سعيد
2244,Ismā`īl b. Wadī`a Allāh,إسماعيل بن وديعة الله
2245,Ismā`īl Muḥammad Ibrāhīm al-Hawsāwī,إسماعيل محمد إبراهيم الحوساوي
2246,Ismā`īlī,إسماعيلي
2247,Ivor Wilks,
2248,Iyās Abū Ghannām,إلياس أبو غنام
2249,Ja`far al-Ṣādiq / Sa`īd b. al-Musayyab,جعفر الصادق / سعيد بن المسيب
2250,Ja`far b. al-Mahdī al-Ḥasanī an-Ni`māwī,جعفر بن المهدي بن مولاي عبد الله النعماوي
2251,Ja`far b. al-Ṣādiq,جعفر بن الصادق
2252,Ja`far b. Ḥasan b. `Abd al-Karīm al-Barzanjī,جعفر بن حسن بن عبد الكريم البرزنجي
2253,Ja`far b. Idrīs al-Ḥasanī al-Kattānī,جعفر بن ادريس الحسني الكتاني
2254,Ja`far b. Isḥāq al-Zakzakī,جعفر بن إسحاق الزكزكي
2256,Jābir b. Ḥayyān,جابر بن حيان
2257,Jājī al-Zaghrānī,جاجي الزغراني
2258,Jājī al-Zaghrānī (and others),جاجي الزغراني وآخرون
2259,Jakanī,جكني
2261,Jalāl al-Dīn `Abd al-Raḥīm b. Ḥasan Asnawī,جمال الدين عبد الرحيم بن حسن الأسنوي‏ ‬
2262,Jalāl al-Dīn Muḥammad,جمال الدين محمد ‬
2263,Jamā` Aykalād (?),جماعة أيكلاد (?)
2264,Jāmi` al-Dīn al-Adabī,جامع الدين الأدبي
2265,Janna b. Muḥammad al-Kabīr,جن بن محمد الكبير
2266,Jarīr,جرير
2267,Jibrīl b. `Abd Allāh Baūchī al-Kanawī,جبريل بن عبد الله بوثي الكنوي
2268,Jibrīl Muḥammad b. Nūḥ b. Yūsuf,جبريل محمد بن نوح بن يوسف
2269,Jidd b. Ḥamād,جد بن همد
2270,Jidd b. Muḥammad al-Mukhtār b. al-Ṭāhir b. Sīdi `Alī b. al-Najīb,جد بن محمد المختار بن الطاهر بن سيد عال بن النجيب
2271,Jiddū b. `Abd Allāh,جدو بن عبد الله
2272,Junayd b. Muḥammad al-Bukhārī,جنيد بن محمد البخاري
2275,Kallādī (Gallādī),كلادي
2276,Kamarā b. Aḥmad al-Wālī,كمرا بن أحمد الوالي
2277,Kanhānī Muḥammad b. Aknan b. Wanfadas (?),كنهاني محمد بن أكنن بن ونفدس (?)
2278,Kannā bint Bāba Sharaf al-Ḥasan,كنا بنت بابا شرف الحسن
2279,Karamuku Bakārī b. al-Ḥasan Timitī (attribution),كرمكو بكارى بن حسن التمتي
2280,Karamuku Kāsāwā,كرمكو كاساوا
2281,"Karamukū Maqām b. Mūsa al-Ghughuruwī (Gogorowin, Ivory Coast)",كرمكو مقام بن موسى الغغروى
2282,Karim b. Ādam,كرم [كذا] بن آدم
2284,Kāshif al-Karab b. Baybbiyya al-Idagfūdī at-Tandaghī,كاشف الكرب بن بيبيا الإدگفودي التندغي
2285,Kaygham,كيغم
2286,Khāḍr b. Muḥammad b. `Uthmān b. al-Ṭālib Ṣiddīq,خاضر بن محمد بن عثمان بن الطالب صديق
2288,Khalaf b. Abī al-Qāsim Muḥammad al-Azdī,خلف بن ابي‏ ‬القاسم محمد الأزدي‏
2290,Khalaf b. Ibrāhīm al-Shadāwī,خلف بن إبراهيم الشداوي
2291,Khālid,خالد
2292,Khālid al-Mūsa,خالد الموسي
2296,Khālid b. `Abd Allāh al-Azharī al-Jirjāwī,خالد بن عبد الله الأزهري‏ ‬الجرجاوي‏ ‬‏
2297,Khālid b. `Abd Allāh b. al-Ḥasan,خالد بن عبد الله بن الحسن
2298,Khālid b. `Alī b. Mūsa al-Sūqī,خالد بن علي بن موسي السوقي
2299,Khālid b. Aḥmad b. Khālid al-Balawī,خالد بن أحمد بن خالد البلوي
2300,Khālid b. Mūsa b. Murtaghhān,خالد بن موسي بن مرتغهان
2301,Khālid Balwasawī,خالد بلوسوي
2302,Khalaf b. Abī al-Qāsim b. Sulaymān al-Azdī al-Qayrawānī al-Barāthi`ī, خلف بن أبي القاسم بن سليمان الأزدي القيرواني البراذعي
2304,Khalīfa b. `Īsa,خليفة بن عيسي
2305,Khalīfa b. Aḥmad,خليفه بن أحمد
2306,Khalīfa b. al-Muṣṭafa / Ḥamādi b. al-Khalīl,خليفة بن المصطفي / حمادي بن الخليل
2307,Khalīl,خليل
2308,Khalīl b. `Abd al-Ra'ūf,خليل بن عبد الرؤوف
2309,Khalīl b. `Abd Allāh,خليل بن عبد الله
2310,Khalīl b. Ḥamīd al-Ḍarīr,خليل بن حامد الضرير
2312,Khalīl b. Isḥāq al-Mālikī al-Miṣrī,خليل بن إسحاق المالكي المصري
2313,Khalīl b. Ya`qūb al-Mālikī,خليل بن يعقوب المالكي
2314,Khaṭīb al-Naḥwī,خطيب النحوي
2315,Khaṭīb Muḥammad b. al-Ḥājj `Abd al-Raḥmān,خاطب محمد بن الحاج عبد الرحمان
2316,Khattār b. `Abd al-Qādir b. al-Ḥasan,ختار بن عبد القادر بن الحسن
2318,Khiḍr b. Ḥammād al-Kallādī (Gallādī),خضر بن حماد الكلادي
2319,Kiddu b. Bāba Sa`īd b. al-Ḥājj b. Ismā`īl Yaru al-Fulānī,كد بن بابا سعيد بن الحاج بن اسمعيل ير الفلاني
2320,Killādī b. Sīdi Aḥmad al-Arawānī,كلادي بن سيد أحمد الأرواني
2321,Kuntī,كنتي
2322,Kuthayr b. `Abd al-Raḥmān al-Khuzā`ī,كثير بن عبد الرحمان الخزاعي
2323,Liḥbīb b. Muḥammad al-Muṣṭafa,لحبيب بن محمد المصطفي
2324,M`aqir b. Ismā`īl b. al-Ḥusayn al-Shaybānī,معقر بن إسماعيل بن الحسين الشيباني
2325,M.R.D.M. Muḥammad,م. ر.د. م. محمد
2326,Ma`ād b. Ḥayl,معاد بن حيل
2327,Ma`mūn b. Muḥammadhan al-Sūfī,معمون بن محمذن السوفي
2328,ash-Shaykh Mā' al-`Aynayn b. Muḥammad Fāḍl [Ṿāḍil] al-Qalqamī,الشيخ ماء العينين بن الشيخ محمد فاضل القلقمي
2330,Madān al-Khayyāṭ b. Abī Kūnākī,مدان الخياط بن أبي كوناكي
2331,Madān Muḥammad al-Akḥal,مدان محمد الأكحل
2332,Mādugū,مادغو
2333,Mādyūr Sīssī  (Cissé),ماديور سيسى
2334,Maḥanḍ b. `Abd Allāh b. al-Amīn,محنض بن عبد الله بن الأمين
2335,Muḥanḍ b. Maynnīn al-Abhamī ad-Daymānī,محنض بن مينين الأبهمي الديماني
2336,Maḥanḍ Bāba,محنض باب
2337,Muḥanḍ Bāba b. A`bayd al-Bārikī ad-Daymānī,محنض بابه بن اعبيد الباركي الديماني
2339,Maḥanḍ Bāba b. Amīn b. Ḥāmidun al-Daymānī,محنض باب بن امين بن حامدن الديماني
2341,Mahdī b. al-Ma'mun al-Ḥasanī (cf. Mahdī b. al-Ma'mun b. al-Mahdī b. Marwān b. Ismā`īl al-Ḥasanī al-Filālī),مهدي بن المأمون الحسني (مهدي بن المأمون بن المهد بن مروان بن إسماعيل الحسني الفلالي ؟)
2342,Mahdī b. al-Ma'mun b. al-Mahdī b. Marwān b. Ismā`īl al-Ḥasanī al-Filālī,مهدي بن المأمون بن المهد بن مروان بن إسماعيل الحسني الفلالي
2343,Maḥfūẓ,محفوظ
2345,al-Maḥjūb b. `Uthmān b. Muḥammad `Abd Allāh b. al-Maḥjūbī,المحجوب بن عثمان بن محمد عبد الله بن المحجوبي
2346,Maḥjūb b. `Uthmān b. Muḥammad `Abd Allāh b. al-Maḥjūbī / D.B.D. al-`Inaya / Aḥmad b. Barakat Allāh),محجوب بن عثمان بن محمد عبد الله بن المحجوبي / د.ب.د. العناي  / أحمد بن بركة الله
2350,Maḥjūb b. al-Imām al-Walātī,محجوب بن الإمام الولاتي
2351,Maḥjūb b. Sadat,محجوب بن سدات
2352,Maḥmūd,محمود
2353,Maḥmūd Ajmānī,محمود اجماني
2354,Maḥmūd al-Luṭfī,محمود اللطفي
2355,Maḥmūd b. `Alī Alfā,محمود بن علي ألفا
2356,Maḥmūd b. `Umar al-Abyayrī,محمود بن عمر الآبييري
2357,Maḥmūd b. `Umar,محمود بن عمر
2358,Maḥmūd b. `Umar al-Zamakhsharī al-Khawārzamī,محمود بن عمر الزمخشري الخوارزمي‏
2361,Maḥmūd b. `Umar b. Muḥammad Aqīt al-Tīnbuktī,محمود بن عمر بن محمد أقيت التنبكتي
2362,Maḥmūd b. Abba,محمود بن أب
2363,Maḥmūd b. Abba b. al-Ṭālib Muḥammad,محمود بن آبه بن الطالب محمد
2364,Maḥmūd b. Abī Bakr,محمود بن أبي بكر
2365,Maḥmūd b. Abī Bakr al-Urmawī,محمود بن أبي بكر الأرموي
2366,Maḥmūd b. Abī Bakr Dh. b. k. t.,محمود بن أبي بكر دح. ب. ك. ت.
2367,Maḥmud b. Aḥmad al-Fāriyābī,محمود بن أحمد بن الفاريابي‏ ‬
2368,Maḥmūd b. al-Faḍl,محمود بن الفضل
2369,Maḥmūd b. al-Imām,محمود بن الإمام
2370,Maḥmūd b. al-Shaykh Muḥammad Salghawī,محمود بن الشيخ محمد سلغوي
2371,Maḥmūd b. Khālid al-Kallādī (Gallādī),محمود بن خالد الكلادي
2372,Maḥmūd b. Khiyār,محمود بن خيار
2373,Maḥmūd b. Muḥammad,محمود بن محمد
2374,Mahmūd b. Muḥammad al-Rāzī al-Taḥtānī,محمود بن محمد الرازي‏ ‬ ‬التحتاني
2376,Maḥmūd b. Muḥammad al-Ṣāliḥ b. `Abd al-Raḥmān al-Ḥasanī al-Ṣa`ūghī,محمود بن محمد الصالح بن عبد الرحمان الحسني الصعوغي
2377,Maḥmūd b. Muḥammad al-Sanūsī,محمود بن محمد السنوسي
2378,Maḥmūd b. Muḥammad al-Ṭāhir al-Sīdi `Alī,محمود بن محمد الطاهر السيد عالي
2379,Maḥmūd b. Muḥammad b. Abī Bakr b. Aḥmad Ag Ad al-Ṣaghīr,محمود بن محمد بن أبي بكر بن أحمد أك آد الصغير
2380,Maḥmūd b. Muḥammad b. Aḥmad b. Sulaymān al-Fūtī al-Ṭūrī al-Silawī (?),محمود بن محمد بن أحمد بن سليمان الفوتي الطوري السلوي (?)
2381,Maḥmūd b. Muḥammad b. Muḥammad Baghayogho,محمود بن محمد بن محمد بغيغ
2382,Maḥmūd b. Muḥammad Bello b. Aḥmad al-Sūdānī al-Bawshī al-Qādirī, محمود بن محمد بلّ بن أحمد السوداني البوشي القادري 
2383,Maḥmūd b. Muḥammad Lughūḍ b. Aḥmad ag Āddā,محمود بن محمد لموض بن أحمد أج أدا
2384,Maḥmūd b. Ṣāliḥ b. Muḥammad Wangarī,محمود بن صالح بن محمد ونكري
2385,Maḥmūd Ghāru,محمود غارو
2386,Maḥmūd Ka`ti b. al-Mutawakkil al-Karmanī,محمود كعت بن المتوكل الكرمني
2387,Maḥraz b.Yaḥya Qawrānmūdā,محرز بن يحيي قورانمودا
2388,Mai Yāqi,مي ياق
2389,Mājā Bān Kū,ماجا بان كا
2390,Majd al-Dīn b. al-Mahdī al-Anṣārī,مجد الدين بن المهدي الأنصاري
2391,Mākī Shuwaykah,ماكي شويكة
2392,Malā Ḥanafī,ملا حنفي
2393,Mālam Mājī Ḥubbārīn Shaykh,مالم ماجي حبارين شيخ
2394,Mālam Ṣadī Sumayla,مالم صدي سميل
2396,Mālik b. `Abd al-Raḥmān al-Maṣmūdī al-Mālaqī al-Andalusī,مالك بن عبد الرحمان المصمودي المالقي الأندلسي
2397,Mālik b. `Uthmān,مالك بن عثمان
2398,Mālik b. `Uthmān al-Ḥājj,مالك بن عثمان الحاج
2399,Mālik b. `Uthmān b. Mu`ādh b. `Alī b. Yūsuf Sy,مالك بن عثمان بن معاذ بن علي بن يوسف سي
2401,Mālik b. Anas al-Aṣbaḥī,مالك بن أنس الأصبحي
2403,Mālik b. Muḥammad al-Ka`ajājī al-Māsinī,مالك بن محمد الكعجاجي الماسني
2404,Mālik b. Muḥammad b. Alfā Muḥammad b. Abī Bakr b. Mūdī b. Qāsim al-Kawjājī,مالك بن محمد بن ألفا محمد بن أبي بكر بن مود بن قاسم الكوجاجي
2405,Mālik b. Wahhāb al-Shabalī,مالك بن وهاب الشبلي
2406,Malmud b. Faraj,ملمد بن فرج
2407,Malqīsūb b. Aḥmad Mawlūd,ملقيسوب بن أحمد مولود
2408,Māma b. Buwa,مام بن بوي
2409,Mamma al-Qāḍī / Sīdi al-Kalsūkī / Sīdi al-Mukhtār al-Kuntī,مم القاضي/سيد الكلسوكي/الشيخ سيد المختار الكنتي
2410,Mamma b. Aḥlawn b. Aksaf al-Nashhārī,مم بن أحلون بن أكسف النشهاري
2412,Mamma b. Aḥmad,مم بن أحمد
2413,Māmmūn al-Ya`qūbī,مامون اليعقوبي
2414,Māmmūn b. Muḥammadhan al-Ṣūfī al-Ya`qūbī,مامون بن محمذن الصوفي اليعقوبي
2415,Mānī al-Tandaghī,ماني التندغي
2416,Mani K.D. Shaykh Ibrāhīm,مان ك.د. شيخ إبراهيم
2417,Manṣūr Ayagi,منصور اياغ
2418,Manṣūr b. Muḥammad al-Zarwalī al-Awjailī,منصور بن محمد الزرولي الأجلي
2420,Manṣūr b. Muḥammad b. Manṣūr al-Awjailī,منصور بن محمد بن منصور الأجلي
2421,Marmūz al-Ṭanṭarānī al-Baghdādī,مروز الطنطراني البغدادي
2422,Marwān b. `Abd Allāh b. Aḥmad Ḥājj,مروان بن عبد الله بن أحمد حاج
2423,al-Marwānī b. Muḥammad Yaḥyā al-Walātī ad-Dāwudī,المرواني بن محمد يحيى الولاتي الداودي
2424,Mas`ūd Adhān al-Mankaqūdhī al-Rūmī,مسعود أذان منكقوذي‏ ‬الرومي
2425,Mas`ūd b. Aḥmad Jāmu` (?),مصود بن أحمد جامؤ (?)
2426,Mas`ūd b. al-Ḥasan,مسعود بن الحسن
2427,Mas`ūd b. Ḥasan b. Abī Bakr al-Fūtī,مسعود بن حسن بن أبي بكر الفوتي
2428,Masīḥ b. Ḥakīm,مسيح بن حكيم
2430,Massūmī,مسومي
2431,Maytaḍā b. Aḥmad al-Ghadāmisī,متيضا بن أحمد الغدامسي
2432,Mawdu b. `Āwdū,مود بن عاود
2433,Mawlūd b. `Abd al-Wahhāb,مولود بن عبد الوهاب
2434,Mawlūd b. Aḥmad aj-Jawād al-Ya`qūbī,مولود بن أحمد الجواد اليعقوبي
2435,Mawlūd b. Aḥmad b. Maḥmūd b. al-Mukhtār,مولود بن أحمد بن محمود بن المختار
2436,Mawlūd b. al-Ḥammād al-Idayllbī,مولود بن آل حماد الإديلبي
2437,"Mawlūd b. al-Ḥammād al-Idayllbī / Ja`far b. al-Mahdī / `Abd al-Raḥmān b. Nūḥ al-Jakanī, et al.)",مولود بن آل حماد الإديلبي / جعفر بن المهدي / عبد الرحمان بن نوح الجكني / محمد يحيي بن أب )
2438,Mawlūd b. Harz,مولود بن حرز
2439,Mawlūd b. Muḥammad,مولود بن محمد
2440,Mawlūd b. Muḥammad b. Sīdi Muḥammad,مولود بن محمد بن سيدي محمد
2441,Mawlūd b. Sīdi b. Aḥmad,مولود بن سيد بن أحمد
2442,Maylūd b. al-Mukhtār Khay al-Bārikī ad-Daymānī,ميلود بن المختار خي الباركي الديماني
2443,Maymī b. al-Mukhtār b. al-Amīn al-Bazaydī,ميمي بن البخاري بن الأمين البزيدي
2444,Maymūn b. Ḥammād,ميمون بن حماد
2445,Maymūn b. Qays al-Bakrī,ميمون بن قيس البكري
2446,Mḥammad b. Aḥmad Yūra ad-Daymānī,امحمد بن أحمد يوره الديماني
2447,Mḥammad b. Muḥammad al-Amīn b. Muḥummadhun (Ābba) b. al-Mukhtār al-Ya`qūbī,امحمد بن محمد الأمين بن محمذن (أبٌ) بن المختار اليعقوبي
2448,Mhand b. Muḥammad `Abd Allāh al-Tāshidbītī,امحند بن محمد عبد الله التاشدبيتي
2449,Mīr Sa`yidī,مير السعيدي‏
2450,Mu`adh b. Yaḥya al-Murtajī,معاذ بن يحيى المرتجي
2451,Mu`taṣim b. `Abd al-Raḥīm al-Bukhārī,معتصم بن عبد الرحيم البخاري
2452,Mu`tazz bi-Allāh (?),مؤتز بالله (?)
2453,Mubārak b. Muḥammad al-Qarāfī,مبارك بن محمد القرافي
2454,Mubārak b. Muḥammad al-Shaybānī al-Jazarī,مبارك بن محمد الشيباني الجزري
2455,Mubārak Kaygham,مبارك كيغم
2456,Mūdi `Abd al-Raḥmān,مود عبد الرحمان
2457,Mūdi b. `Āwdu b. Muḥammad,مود بن عاود بن محمد
2458,Mūdi b. Muḥammad,مود بن محمد
2459,Mūdi Kasawawā,مود كسووا
2460,Mūdi Sāju b. Bāba Yurū al-Fulānī,مود ساج بن بابا يرو الفلاني
2461,Mūdi Sifīkin Kanū (Kano),مود سفيكن كنوا
2463,Mughalṭāy b. Qalīj b. `Abd Allāh al-Bakjarī al-Ḥikrī al-Ḥanafī,مغلطاي بن قليج بن عبد الله البكجري الحركي الحنفي
2464,Mughnī,مغني
2465,Muḥamdī b. Sīdī `Abd Allāh al-`Alawī,بدي بن سيدينا العلوي
2471,Muḥammad  `Aynūma b. Muḥammad `Ayasāmī al-Ghaydamī al-Barnāwī,محمد عينوم بن محمد عيسامي الغيدمي البرناوي
2472,Muḥammad `Abd al-Fattāh Ibrāhīm,محمد عبد الفتاح إبراهيم
2473,Muḥammad `Abd al-Ḥayyi al-Kattānī al-Fāsī,محمد عبد الحي الكتاني الفاسي
2474,Muḥammad `Abd al-Ḥayy b. Sīdi Aḥmad b. aṣ-Ṣabbār al-Majlisī,محمد عبد الحي بن سيدي أحمد بن الصبار المجلسي
2475,Muḥammad `Abd al-Karīm b. Muḥammad b. Abī Bakr al-Tūwātī al-Zajlāwī,محمد عبد الكريم بن محمد بن أبي بكر التواتي الزجلاوي
2476,Muḥammad `Abd al-Ra`ūf b. al-Munāwī al-Ḥaddādī,محمد عبد الرعوف بن المناوي الحدادي
2477,Muḥammad `Abd al-Raḥmān al-Kharshī,محمد عبد الرحمان الخرشي
2478,Muḥammad `Abd ar-Raḥmān b. as-Sālik al-`Alawī,محمد عبد الرحمن بن السالك العلوي
2479,Muḥammad `Abd ar-Raḥmān b. Bāba al-Ḥasanī,محمد عبد الرحمن بن بابه الحسني
2480,Muḥammad `Abd ar-Raḥmān b. Abī Bakr b. Fatan ash-Shuqrawī al-Ḥasanī,محمدعبد الرحمن بن أبي بكر بن فتي الشقروي الحسني
2481,Muḥammad `Abd al-Raḥmān b. Ḥamīdām al-Bārtaylī,محمد عبد الرحمان بن حميدام البارتيلي
2482,Muḥammad `Abd al-Raḥmān b. Maḥmūd b. al-Rabbānī al-Tandaghī,محمد عبد الرحمان بن محمود بن الرباني التندغي
2483,Muḥammad `Abd ar-Raḥmān b. Muḥammad as-Sālim at-Tandaghī,محمد عبد الرحمن بن محمد السالم التندغي
2484,Muḥammad `Abd al-Raḥmān b. Mūlāy Aḥmad,محمد عبد الرحمان بن مولاي أحمد
2485,Muḥammad `Abd al-Wadūd b. `Abd al-Mālik al-Abyayrī,محمد عبد الودود بن عبد الملك الإبيري
2486,`Abd al-Wadūd b. Ḥammayh al-Abyayrī,عبد الودود بن حميه الأبييري
2487,Muḥammad `Abd al-Wahhāb b. Muḥammad al-Amīn al-Qalqamī,محمد عبد الوهاب بن محمد الأمين القلقمي
2488,Muḥammad `Abd al-Walātī al-Baghdādī (?),محمد عبد الولاتي البغدادي (؟)
2489,Muḥammad `Abd Allāh,محمد عبد الله
2490,Muḥammad `Abd Allāh al-Bakrī,محمد عبد الله البكري
2491,Muḥammad `Abd Allāh al-Mawlūdī,محمد عبد الله المولودي
2492,Muḥammad `Abd Allāh b. `Abd al-Qādir b. Muḥammad Sālim al-Majlisī,محمد عبد الله بن عبد القادر بن محمد سالم المجلسي
2493,Muḥammad `Abd Allāh b. `Abd al-Razzāq,محمد عبد الله بن عبد الرزاق
2494,Muḥammad `Abd Allāh b. `Umar b. Muḥammad b. Bāba al-Aḥmadī al-Maḥjūbī,محمد عبد الله بن عمر بن محمد بن بابا الأحمدي المحجوبي
2495,Muḥammad `Abd Allāh b. Abī Bakr al-Kuntī,محمد عبد الله بن أبي بكر الكنتي
2496,Muḥammad `Abd Allāh b. Abī Bakr al-Ṣiddīq,محمد عبد الله بن أبي بكر الصديق
2497,Muḥammad `Abd Allāh b. Aghshummamt al-Majlisī,محمد عبد الله بن اغشممت المجلسي
2498,Muḥammad `Abd Allāh b. Aḥmad al-Kalsūkī,محمد عبد الله بن أحمد الكلسوكي
2499,Muḥammad `Abd Allāh b. Aḥmad b. Būlā`arāf al-Taknī,محمد عبد الله بن أحمد بن بولأعراف التكني
2500,Muḥammad `Abd Allāh b. Aḥmad Wāqaf,محمد عبد الله بن أحمد واقف
2501,Muḥammad `Abd Allāh b. Muḥammaddu b. Aḥmadhayya al-Yūsufī al-Ḥasanī,محمد عبد الله بن محمدو بن أحمذيه اليوسفي الحسني
2503,Muḥammad `Abd Allāh b. al-Ghallāwī,محمد عبد الله بن الغلاوي
2504,Muḥammad `Abd Allāh b. al-Ḥarshī al-`Alawī,محمد عبد الله بن الحرشي العلوي
2505,Muḥammad `Abd Allāh b. al-Imām,محمد عبد الله بن الأمام
2506,Muḥammad `Abd Allāh b. al-Imām al-`Alawī,محمد عبد الله بن الإمام العلوي
2507,Muḥammad `Abd Allāh b. an-Nūnnū al-Ya`qūbī al-Mūsawī,محمد عبد الله بن النونو اليعقوبي الموسوي
2508,Muḥammad `Abd Allāh b. Muḥammad al-Mukhtār al-Mūsawī al-Ya`qūbī,محمد عبد الله بن محمد المختار اليعقوبي الموسوي
2510,Muḥammad `Abd Allāh b. Bubakar b. al-Bashīr al-Ghallāwī,محمد عبد الله بن ببكر بن البشير الغلاوي
2511,Muḥammad `Abd Allāh b. Maḥḥam (Muḥammad) al-`Alawī,محمد عبد الله بن محم (محمد) العلوي
2512,Muḥammad `Abd Allāh b. Maḥanḍ,محمد عبد الله بن محنض
2513,Muḥammad `Abd Allāh b. Mālik,محمد عبد الله بن مالك
2514,Muḥammad `Abd Allāh b. Muḥammad Āskir al-Ghallāwī at-Tāshidbītī,محمد عبد الله بن محمد آسكر الغلاوي التاشدبيتي
2516,Muḥammad `Abd Allāh b. Muḥammad al-Amīn al-Majlisī,محمد عبد الله بن محمد الأمين المجلسي
2517,Muḥammad `Abd Allāh b. Muḥammad al-Miknāsī,محمد عبد الله بن محمد المكناسي
2520,Muḥammad `Abd Allāh b. Sīdi and `Abd Allāh al-`Alawī,محمد عبد الله بن سيد وعبد الله العلوي
2522,Muḥammad `Abd Allāh b. Yiddādda al-Ḥasanī,محمد عبد الله بن يداده الحسني
2523,Muḥammad `Abd Allāh b. Zaydān,محمد عبد الله بن زيدان
2524,Muḥammad `Abd Allāh b. Zaydān b. Ghāllī b. al-Mukhtār Fāl [Ṿāl] al-Busātī,محمد عبد الله بن زيدان بن غالي بن المختار فال البساتي
2525,Muḥammad `Ābid,محمد عابد
2526,Muḥammad `Alī,محمد عالي
2527,Muḥammad `Alī b. `Abd al-Wadūd al-Mubāraki al-Shamshawī,محمد علي بن عبد الودود المباركي الشمشوي
2528,Muḥammad `Alī b. Ḥabīb Allāh [Ḥabībaḷḷā] al-Ya`qūbī,محمد علي بن حبيب اليقوبي
2529,Muḥammad `Alī b. Ḥammāh al-Anṣārī,محمد علي بن حام الأنصاري
2530,Muḥammad `Alī b. Ibrāhīm,محمد علي بن إبراهيم
2531,Muḥammad `Alī b. Muḥammad `Allan b. Ibrāhīm al-Bakrī,محمد علي بن محمد علان بن إبراهيم البكري
2532,Muḥammad `Alī b. Muḥammad Quṭub,محمد عالي بن محمد قطب
2533,Muḥammad `Alī b. an-Ni`ma al-Majlisī,محمد عالي بن النعمه المجلسي
2534,Muḥammad `Ālī b. Sīdī al-Alfagha Ḥayballī,محمد عالي بن سيدي الألفغ حيبلي
2536,Muḥammad `Alī b. Sanūs al-Sanūsī al-Khaṭābī,محمد علي بن سنوس السنوسي الخطابي
2538,Muḥammad `Alwān b. al-Sayyid b. Ḥusnayn al-Jawsaqī,محمد علوان بن السيد بن حسنين الجوسقي
2539,Muḥammad `Amūsh,محمد عموش
2540,Muḥammad `Awād al-Sandabūsṭī,محمد عواد السندبسطي
2541,Muḥammad `Azīz b. Aḥmad al-`Alīm,محمد عزيز بن أحمد العالم
2542,Muḥammad `Ubayd Allāh b. Abī Bakr al-Ṣiddīq al-Bārtaylī,محمد عبيد الله بن أبي بكر الصديق البرتلي
2543,Muḥammad `Umar b. Muḥammad,محمد عمر بن محمد
2544,Muḥammad `Umar b. Muḥammad al-Inkundarī,محمد عمر بن محمد الإنكندري
2545,Muḥammad `Umar Bambā,محمد عمر بمبا
2546,Muḥammad `Uthmān b. Aghshummamt al-Majlisī,محمد عثمان بن أغشممت المجلسي
2547,Muḥammad Āskar al-Tāshidbītī,محمد آسكر التاشدبيتي
2548,Muḥammad,محمد
2549,Muḥammad b. Muḥammad al-Najim b. Muḥammad al-Sakandarī,محمد‏ ‬بن محمد‏ النجم ‬بن محمد السكندري‏
2550,Muḥammad and `Abd Allāh,محمد وعبد الله
2552,Muḥammad Abba al-Maghribī,محمد أب المغربي
2553,Muḥammad Abba b. Muḥammad Atkan,محمد أب بن محمد أتكن
2555,Muḥammad Abī al-Dārayn,محمد أبي الدارين
2556,Muḥammad Abī Bakr al-Baghdādī,محمد أبي بكر البغدادي
2557,Muḥammad Abī Madyan,محمد أبي مدين
2558,Muḥammad Abī Muḥammad,محمد أبي محمد
2559,Muḥammad Ag Ḥattī al-Anṣārī,محمد أك حتي الأنصاري
2560,Muḥammad Ag Inlabash Ag al-Shaykh,محمد أك أنلبش أك الشيخ
2561,Muḥammad Aghlas b. al-Yamān,محمد أغلس بن اليمان
2564,Muḥammad Aḥmad,محمد أحمد
2565,Muḥammad Aḥmad Atallā b. Muḥammad al-Ṭāhir al-Anṣārī,محمد أحمد أتلي بن محمد الطاهر الأنصاري
2566,Muḥammad Aḥmad b. `Abd al-Ḥayyi al-Intābī,محمد أحمد بن عبد الحي الانتابي
2567,Muḥammad Aḥmad b. `Abd Allāh al-Dunqulāwī,محمد أحمد بن عبد الله الدنقلاوي
2568,Muḥammad `Abd ar-Raḥmān b. Maḥmūd b. ar-Rabbānī al-Arba`īnī at-Tandaghī,محمد عبد الرحمن بن محمود بن الرباني الأربعيني التندغي
2570,Muḥammad Aḥmad b. Muhamamd al-Amīn,محمد أحمد بن محمد الأمين
2571,Muḥammad Aḥmad b. Muḥammad,محمد أحمد بن محمد
2572,Muḥammad Aḥmad b. Muḥammad al-Faqīh,محمد أحمد بن محمد الفقيه
2574,Muḥammad Aḥmad b. Muḥammad b. Ḥabīb Allāh,محمد أحمد بن محمد بن حبيب الله
2578,Muḥammad Aḥmad Marjān,محمد أحمد مرجان
2579,Muḥammad Aknan b. al-Rashīd,محمد أكنن بن الرشيد
2580,Muḥammad Aknan b. Amkat,محمد أكنن بن أمكت
2581,Muḥammad Aknan b. Muḥammad al-Bashīr al-Sūqī,محمد أكنن بن محمد البشير السوقي
2583,Muḥammad al-`Ābid b. `Alī al-Anṣārī,محمد العابد بن علي الأنصاري
2584,Muḥammad al-`Ābid b. Muḥamad b. `Alī b. Aḥmad,محمد العابد بن محمد بن علي بن أحمد
2588,Muḥammad al-`Āqib b. Māyāba aj-Jakanī,محمد العاقب بن مايابي الجكني
2589,Muḥammad al-`Āqib b. Baytār aj-Jakanī,محمد العاقب بن بيتار الجكني
2590,Muḥammad al-`Arabī  al-Fāsī,محمد العربي الفاسي
2592,Muḥammad al-`Arabī b. Akūla,محمد العربي بن أكولا
2593,Muḥammad al-`Arabī b. al-Sā'iḥ,محمد العربي بن السائح
2594,Muḥammad al-`Arabī b. al-Ṭayyib al-Qādirī al-Ḥasanī al-Fāsī,محمد العربي بن الطيب القادري الحسني الفاسي
2595,Muḥammad al-`Arabī b. Muḥammad b. `Abd al-Wāsi`,محمد العربي بن محمد بن عبد الواسع
2596,Muḥammad al-`Arabī b. Muḥammad b. al-Sā'iḥ al-Sharqī al-`Umarī,محمد العربي بن محمد بن السائح الشرقي العمري
2597,Muḥammad al-`Ashīr b. Shu`ayb,محمد العاشر بن شعيب
2598,Muḥammad al-A`mas,محمد الأعمس
2599,Muḥammad al-Aghẓaf b. al-Ṭālib A`l,محمد الأغظف بن الطالب أعل
2601,Muḥammad al-Amīn,محمد الأمين
2602,Muḥammad al-Amīn al-Azharī,محمد الأمير الأزهري
2603,Muḥammad al-Amīn al-Kānamī,محمد الأمين الكانمي
2604,Muḥammad al-Amīn al-Ṭāhir,محمد الأمين الطاهر
2605,Muḥammad al-Amīn b `Umar al-Wālī,محمد الأمين بن عمر الوالي
2606,Muḥammad al-Amīn b. `Abd al-Qādir b. Muḥammad Sālim al-Majlisī,محمد الأمين بن عبد القادر بن محمد سالم المجلسي
2608,Muḥammad al-Amīn b. `Abd al-Wahhāb al-Fulānī al-Ḥawḍī,محمد الأمين بن عبد الوهاب الفلاني الحوضي
2609,Muḥammad al-Amīn b. `Abd al-Wahhāb al-Mālikī,محمد الأمين بن عبد الوهاب المالكي
2610,Muḥammad al-Amīn b. `Abd al-Wahhāb al-Mūritānī,محمد الأمين بن عبد الوهاب الموريتاني
2611,Muḥammad al-Amīn b. `Abd al-Wahhāb al-Qalqamī,محمد الأمين بن عبد الوهاب القلقمي
2612,Muḥammad al-Amīn b. `Abd al-Wahhāb b. al-Ṭālib al-Amīn,محمد الأمين بن عبد الوهاب بن الطالب الأمين
2614,Muḥammad al-Amīn b. `Uthmān b. Muḥammad Quṭub,محمد الأمين بن عثمان بن محمد قطب
2615,Muḥammad al-Amīn b. 'Awaj al-Bilālī,محمد الأمين بن أوج البلالي
2617,Muḥammad al-Amīn b. Abī al-Ma`ālī al-Ya`qūbī,محمد الأمين بن أبي المعالي اليعقوبي
2618,Muḥammad al-Amīn b. Abī Bakr al-Inkundarī,محمد الأمين بن أبي بكر الإنكندري
2619,Muḥammad al-Amīn b. Aḥmad,محمد الأمين بن أحمد
2621,Muḥammad al-Amīn b. Aḥmad b. Aḥṣiya,محمد الأمين بن أحمد بن أحصيت
2622,Muḥammad al-Amīn b. Aḥmad b. al-Shaykh,محمد الأمين بن أحمد بن الشيخ
2623,Muḥammad al-Amīn b. Aḥmad Bāba,محمد الأمين بن أحمد بابا
2624,Muḥammad al-Amīn b. Aḥmad Zaydān aj-Jakanī al-Ibrāhimī al-Mahẓarī,محمد الأمين بن أحمد زيدان الجكني الإبراهيمي المحظري
2625,Muḥammad al-Amīn b. al-Amjad b. al-Shaykh,محمد الأمين بن الأمجد بن الشيخ
2627,Muḥammad al-Amīn b. al-Amjad b. al-Tījānī al-Ghāwi al-Bāghunī,محمد الأمين بن الامجد بن التجاني الغاوي البغوني
2628,Muḥammad al-Amīn b. al-Ḥusayn,محمد الأمين بن الحسين
2629,Muḥammad al-Amīn b. al-Ḥusayn b. Ayyi,محمد الأمين بن الحسين بن آي
2630,Muḥammad al-Amīn b. al-Ma`zūz al-Mālikī at-Tandaghī,محمد الأمين بن المعزوز المالكي التندغي
2631,Muḥammad al-Amīn b. al-Madān b. `Abd al-Qādir b. `Affān,محمد الأمين بن المدان بن عبد القادر بن عفان
2632,Muḥammad al-Amīn b. al-Mukhtār,محمد الأمين بن المختار
2634,Muḥammad al-Amīn b. al-Shaykh Ag al-Shaykh,محمد الأمين بن الشيخ أك الشيخ
2635,Muḥammad al-Amīn b. al-Shaykh Aḥmad,محمد الأمين بن الشيخ أحمد
2636,Muḥammad al-Amīn b. al-Ṭālib `Abd al-Wahhāb,محمد الأمين بن الطالب عبد الوهاب
2637,Muḥammad al-Amīn b. Alfā Aḥmad,محمد الأمين بن ألفا أحمد
2638,Muḥammad al-Amīn b. Antalaman,محمد الأمين بن أنتلمن
2639,Muḥammad al-Amīn b. Ay al-Sūqī,محمد الأمين بن آي السوقي
2640,Ḥimmayn Muḥammad al-Amīn b. Baddī b. Sīdīnā b. Alfagha [Atshfagha] Sīd Aḥmad al-`Alawī,حمًين محمد الأمين بن بدًي سيدينا بن الفغ سيد أحمد بن محمد بن القاظي العلوي
2641,Muḥammad al-Amīn b. Bārīk ad-Dāwudī,محمد الأمين بن بارك الداودي
2642,Muḥammad al-Amīn b. Bāy al-Sūqī,محمد الأمين بن باي السوقي
2643,Muḥammad al-Amīn b. Fāl b. al-Wāfī,محمد الأمين بن فال بن الوافي
2644,Muḥammad al-Amīn b. Ḥamād b. Ibrāhīm al-Agādī,محمد الأمين بن حامد بن إبراهيم الأكادي
2645,Muḥammad al-Amīn b. Hamhamā b. Ṣālaḥ al-Sūqī,محمد الأمين بن همهما بن سله السوقي
2647,Muḥammad al-Amīn b. Ḥāmīd al-Fulānī,محمد الأمين بن حميد الفلاني
2648,Muḥammad al-Amīn b. Khlīfa al-Ābbayrī,محمد الأمين بن اخليفه الآبيري
2650,Muḥammad al-Amīn b. aṭ-Ṭālib b. Khṭūr al-Ḥājī,محمد الأمين بن الطالب بن اخطور الحاجي
2651,Muḥammad al-Amīn b. Khṭūr al-Jakanī,محمد الأمين بن اخطور الجكني
2653,Muḥammad al-Amīn b. Muḥammad al-Mukhtār b. Aḥmad Nūḥ aj-Jakanī,محمد الأمين بن محمد المختار بن أحمد نوح الجكني
2654,Muḥammad al-Amīn b. Muḥammad al-Mukhtār al-Jakanī and Muḥammad Yaḥya b. Sālima al-Walātī al-Kuntī,محمد الأمين بن محمد المختار الجكني ومحمد يحيي بن سليمة الولاتي وسيد محمد بن عابدين الكنتي
2655,Muḥammad al-Amīn b. Muḥammad al-Qalqamī,محمد الأمين بن محمد القلقمي
2656,Muḥammad al-Amīn b. Muḥammad b. al-Mukhtār al-Fulānī,محمد الأمين بن محمد بن المختار الفلاني
2657,Muḥammad al-Amīn b. Muḥammad b. al-Ṭālib A`mar,محمد الأمين بن محمد بن الطالب أعمر
2658,Muḥammad al-Amīn b. Muḥammad b. Ḥabīb Allāh,محمد الأمين بن محمد بن حبيب الله
2659,Muḥammad al-Amīn b. Muḥammad b. Takrur,محمد الأمين بن محمد بن تكرور
2660,Muḥammad al-Amīn b. Sanba (Samba?),محمد الأمين بن سنبة
2661,Muḥammad al-Amīn b. Sīdi Muḥammad b. Bārīk,محمد الأمين بن سيد محمد بن باريك
2662,Muḥammad al-Amīn b. `Umar Mālik al-Fūtī, محمد الأمين بن عمر مالك الفوتي
2663,Muḥammad al-Amīn b. Mūsa,محمد الأمين بن موسي
2664,Muḥammad al-Amīn Sālim b. Ya`qūb Bambā,محمد الأمين سليم بن يعقوب بمبا
2665,Muḥammad al-Anṣārī al-Tīnbuktī,محمد الأنصاري التنبكتي
2668,Muḥammad al-Badamāṣī,محمد البدماصي
2669,Muḥammad al-Baktūb,محمد البكتوب
2670,Muḥammad al-Bashīr,محمد البشير
2672,Bashīr b. `Alī b. Muḥammad b. Dādda al-Mukhtārī,بشير بن علي بن محمد بن داد المختاري
2673,Muḥammad al-Bashīr b. al-`Abd,محمد البشير بن العبد
2674,Muḥammad al-Bashīr b. al-`Iyyd al-Jakanī,محمد البشير بن العيد الجكني
2675,Bashīr b. al-Ḥāj al-Hādī al-Idayllbī,بشير بن الحاج الهادي الإديلبي
2677,Muḥammad al-Bashīr b. Muḥammad al-Barkawī,محمد البشير بن محمد البكوي
2678,Muḥammad al-Bashshār,محمد البشار
2679,Muḥammad al-Biblāwī al-Miṣrī,محمد الببلاوي المصري
2680,Muḥammad al-Bu`umrāni al-Sūsī,محمد البعمراني السوسي
2681,Muḥammad al-Bukhārī b. Aḥmad b. `Uthmān, محمد البخاري بن أحمد بن عثمان
2682,Muḥammad al-Fagh b. Muḥammad Ibrāhīm al-Kallādī (Gallādī),محمد الفغ بن محمد إبراهيم الكلادي
2684,Muḥammad al-Faqīh b. `Abd Allāh b. Wadī`a Allāh,محمد الفقيه بن عبد الله ابن وديعة الله
2686,Muḥammad al-Faqīh Ḥukku,محمد الفقيه حك
2687,Muḥammad al-Fatī b. Muḥammad al-Qānī b. Muḥammad Thānī.,محمد الفتى بن محمد القانى بن محمد الثانى
2688,Muḥammad al-Ghālī b. Muḥammad Inuwa Shams al-Dīn,محمد الغالي بن محمد إنو شمس الدين
2689,Muḥammad al-Ghānī b. Muḥammad Thānī,محمد الغني بن محمد ثاني
2690,Muḥammad al-Hābī al-Tījānī,محمد الهابي التجاني
2691,Muḥammad al-Ḥabīb b. Sa`īd al-Kandarī,محمد الحبيب بن سعيد الكندري
2692,Muḥammad al-Hādī b. `Umar b. Sa`īd,محمد الهادي بن شيخ عمر بن سعيد
2693,Muḥammad al-Hādī b. `Umar b. Sa`īd and Muḥammad al-`Aqīb and Muḥammad al-Maḥī,محمد الهادي بن عمر بن سعيد ومحمد العقيب ومحمد الماحي
2694,Muḥammad al-Hādī b. al-Ṭālib Surku al-Arawānī,محمد الهادي بن الطالب سرك الأرواني
2695,Muḥammad al-Hādī b. Mawlūd Fal,محمد الهادي بن مولود فال
2696,Muḥammad al-Hādī b. Muḥammad b. Sīdi `Abd Allāh al-`Alawī,محمد الهادي بن محمد بن سيد عبد الله العلوي
2697,Muḥammad al-Ḥaḍramī b. `Ubayd al-Jakanī,محمد الحضرمي بن عبيد الجكني
2698,Muḥammad al-Ḥāfiẓ al-Sharīf al-Ghallāwī,محمد الحافظ الشريف الغلاوي
2700,Muḥammad al-Ḥāfiẓ b. `Abd al-Laṭif b. Sālim al-Tījānī,محمد الحافظ بن عبد اللطيف بن سالم التجاني
2701,Muḥammad al-Ḥāfiẓ b. Aḥmad al-Tandaghī,محمد الحافظ بن أحمد التندغي
2702,Muḥammad al-Ḥajūjī,محمد الحجوجي
2703,Muḥammad al-Ḥasan al-Kūrī,محمد الحسن الكوري
2704,Muḥammad al-Ḥasan b. Aḥmadū al-Khadīm al-Ya`qūbī,محمد الحسن بن أحمدُّو الخديم اليعقوبي
2705,Muḥammad al-Ḥasan b. Ḥammāh b. Muḥammad Yaḥya,محمد الحسن بن حماه بن محمد يحيي
2706,Muḥammad al-Ḥasan b. Isḥāq,محمد الحسن بن إسحاق
2707,Muḥammad al-Ḥasan b. Muḥammad b. al-Imām al-Gulālī aj-Jakanī,محمد الحسن بن محمد بن الإمام الگلالي الجكني
2708,Muḥammad al-Ḥasan b. Muḥammad al-Muṣṭafa al-Anṣārī,محمد الحسن بن محمد المصطفي الأنصاري
2709,Muḥammad al-Ḥasan b. Muḥammad b. Aḥmad b. Muḥammad b. Mālik al-Tūwātī,محمد الحسن بن محمد بن أحمد بن محمد بن مالك التواتي
2710,Muḥammad al-Ḥasan b. Muḥammad Yaḥyā b. Muḥammad al-Mukhtār al-Walātī,محمد الحسن بن محمد يحيي بن محمد المختار الولاتي
2711,Muḥammad al-Ḥasan b. Sīdī b. Muḥammad Mbārak,محمد الحسن بن سيد بن محمد امبارك
2712,Muḥammad al-Ḥasan b. Tamlīkhā ( تمليخا) at-Tāggāṭī,محمد الحسن بن تمليخا التاگاطي
2714,Muḥammad al-Hāshim b. Ishdaī,محمد الهاشم بن إشدي
2715,Muḥammad al-Hāshimī b. Aḥmad b. Sa`īd al-Fūtī,محمد هاشمي بن أحمد بن سعيد الفوتي
2716,Muḥammad al-Hāshimī b. Muḥammad al-Manṣūr,محمد الهاشمي بن محمد المنصور
2717,Muḥammad al-Huddu,محمد الهدد
2718,Muḥammad al-Ḥusayn b. Abī Bakr b. Abū Bakr b. Akād,محمد الحسين بن أبي بكر بن أبو بكر بن أكاد
2719,Muḥammad al-Imām b. Muḥammad b. al-Suyūṭī al-Tīnbuktī,محمد الإمام بن محمد بن السيوطي التنبكتي
2720,Muḥammad al-Jāmi`,محمد الجامع
2721,Muḥammad al-Janānī,محمد الجناني
2722,Muḥammad al-Jawharī b. al-Qāḍī Aḥmad,محمد الجوهري بن القاضي أحمد
2723,Muḥammad al-Jawjī,محمد الجوجي
2724,Muḥammad al-Jayid b. Sayid,محمد الجيد بن سيد
2725,Muḥammad al-Jayid b. Ya`qūb,محمد الجيد بن يعقوب
2726,Muḥammad al-Jazūlī,محمد الجزولي
2727,Muḥammad al-Jumu`a b. Mammā al-Tārqī al-Inkundarī,محمد الجمعة بن مما التارقي الإنكندري
2728,Muḥammad al-Kābarī b. Abī Bakr b. `Alī b. Mūsa,محمد الكابري بن أبي بكر بن علي بن موسي
2729,Muḥammad al-Kabīr b. Aḥmad b. Muḥammad al-`Abbās al-`Alawī,محمد الكبير بن أحمد بن محمد العباس العلوي&nbsp;
2730,Muḥammad al-Kabīr b.Muḥammad al-Thānī,محمد الكبير بن محمد الثاني
2731,Muḥammad al-Khaḍir b. Ḥabīb,محمد الخضر بن حبيب
2732,Muḥammad al-Khaḍir b. Māyāba aj-Jakanī al-Yūsufī,محمد الخضر بن مايابى الجكني اليوسفي
2733,Muḥammad al-Khalif b. Zayn al-`Ābidīn,محمد الخليف بن زين العابدين
2734,Muḥammad al-Khalīfa b. `Ābidīn,محمد الخليفه بن عابدين
2735,Muḥammad al-Khalīfa b. al-Muṣṭafa al-Sīdi `Alī,محمد الخليفة بن المصطفي السيد عالي
2736,Muḥammad al-Khalīfa b. Muḥammad b. Aḥmad,محمد الخليفه بن محمد بن أحمد
2738,Muḥammad al-Khāmis b. Abī Bakr b. `Alī al-`Arabī,محمد الخامس بن أبي بكر بن علي العربي
2740,Muḥammad al-Khamis b. Shu`ayb al-Kanawī,محمد الخامس بن شعيب الكنوي
2741,Muḥammad al-Khaṭīb al-Shirbīnī,محمد الخطيب الشربيني
2742,Muḥammad al-Kurdūdī,محمد الكردودي
2743,Muḥammad al-Mā'mūn b. Muḥammad al-Ḥafṣī,محمد المأمون بن محمد الحفصي
2744,Muḥammad al-Mahdī,محمد المهدي
2745,Muḥammad al-Mahdī al-Anṣārī,محمد المهدي الأنصاري
2746,Muḥammad al-Mahdī b. `Abd Allāh,محمد المهدي بن عبد الله
2748,`Abd al-Raḥmān b. Muḥammad al-Mahdī b. Yūsuf al-Fāsī,عبد الرحمان بن محمد المهدي بن يوسف الفاسي
2749,Muḥammad al-Mahdī b. Muḥammad al-Wazzānī,محمد المهدي بن محمد الوزاني
2750,Muḥammad Maḥfuẓ b. Muḥammad al-Amīn at-Tinwājīwī,محمد محفوظ بن محمد الأمين التنواجيوي
2751,Muḥammad al-Makkī al-Marrākushī,محمد المكي المراكشي
2752,Muḥammad al-Makkī b. `Azzūz,محمد المكي بن عزوز
2753,Muḥammad al-Makkī b. `Umar b. Sa`īd,محمد المكي بن عمر بن سعيد
2754,Muḥammad al-Makkī b. Ṭālib,محمد المكي بن طالب
2755,Muḥammad al-Makkī b. Ṭālib and Aḥmad al-Tījānī,محمد المكي بن طالب وأحمد التيجاني
2756,Muḥammad al-Malqisun b. Aḥmad Mawlūd,محمد الملقيسون بن أحمد مولود
2757,Muḥammad al-Manzilī al-Tūnisī,محمد المنزلي التونسي
2758,Muḥammad al-Mawlūd,محمد المولود
2759,Muḥammad al-Mawlūd and Ḥamād b. Muḥammad,محمد المولود وحماد بن محمد
2760,Muḥammad al-Mawlūd b. Muḥammad,محمد مولود بن محمد
2761,Muḥammad al-Mawlūd b. Muḥammad `Uthmān al-Janāwī,محمد المولود بن محمد عثمان الجناوي
2762,Muḥammad al-Māzirī,محمد المازري
2763,Muḥammad al-Miknāsī al-Fāsī,محمد المكناسي الفاسي
2765,Muḥammad al-Mubārik,محمد المبارك
2766,Muḥammad al-Mubārik b. al-Ṭālib Aḥmad b. Muḥammad b. `Abd Allāh,محمد المبارك بن الطالب أحمد بن محمد بن عبد الله
2767,Muḥammad al-Mubārik b. Māgha,محمد المبارك بن ماغ
2769,Muḥammad al-Mukhtār b. `Alī b. al-Najīb,محمد المختار بن علي بن النجيب
2770,Muḥammad al-Mukhtār b. `Umar al-Amlīhī,محمد المختار بن عمر الأمليهي
2771,Muḥammad al-Mukhtār b. Abī Sayf,محمد المختار بن أبي سيف
2772,Muḥammad al-Mukhtār b. Aḥmad,محمد المختار بن أحمد
2773,Muḥammad al-Mukhtār b. Aḥmaddū b. Mbālla at-Tīshītī,محمد المختار بن أحمدُّو بن انباله التيشيتي
2774,Muḥammad al-Mukhtār b. al-Mahdī b. al-Ṭāhir al-Anṣārī,محمد المختار بن المهدي بن الطاهر الأنصاري
2775,Muḥammad al-Mukhtār b. al-Maḥmadī,محمد المختار بن المحمدي
2776,Muḥammad al-Mukhtār b. al-Ṭālib,محمد المختار بن الطالب
2777,Muḥammad al-Mukhtār b. Bāzayd al-Ya`qūbī al-A`māmī al-Ya`qūbī,محمد المختار بن بزيد اليعقوبي الأعمامي اليعقوبي
2778,Muḥammad al-Mukhtār b. Bilbillāh al-Ya`qūbī,محمد المختار بن بلبلاه اليعقوبي
2779,Muḥammad al-Mukhtār b. Hūd,محمد المختار بن حود
2780,Muḥammad al-Mukhtār b. Ibrāhīm b. Iribīh,محمد المختار بن إبراهيم بن إربيه
2781,Muḥammad al-Mukhtār b. Jawād al-Anṣārī,محمد المختار بن جواد الأنصاري
2783,Muḥammad al-Mukhtār b. Māmil,محمد المختار بن مامل
2784,Muḥammad al-Mukhtār b. Muḥammad Aḥmad Bānna al-Arawānī,محمد المختار بن محمد أحمد بان الأرواني
2786,Muḥammad al-Mukhtār b. Muḥammad al-Ḥabīb al-Fulānī,محمد المختار بن محمد الحبيب الفلاني
2787,Muḥammad al-Mukhtār b. Muḥammad al-Marzūqī,محمد المختار بن محمد المرزوقي
2788,Muḥammad al-Mukhtār b. Muḥammad al-Rikābī al-Ḥawḍī and Muḥammad Bāba al-Zayn b. al-Ṣiddīq al-Raqqādī,محمد المختار بن محمد الركابي الحوضي ومحمد بابا الزين بن الصديق الرقادي
2789,Muḥammad al-Mukhtār b. Muḥammad al-Ṭāhir b. al-Najīb,محمد المختار بن محمد الطاهر بن النجيب
2790,Muḥammad al-Mukhtār b. Muḥammad b. Aḥmad b. Muḥammad al-Amīn b. Bānna,محمد المختار بن محمد بن أحمد بن محمد الأمين بن بان
2791,Muḥammad al-Mukhtār b. Muḥammad b. al-Wālī,محمد المختار بن محمد بن الوالي
2792,Muḥammad al-Mukhtār b. Muḥammad b. Muḥammad al-Ṣāliḥ b. Muḥammad b. Muḥammad,محمد المختار بن محمد بن محمد الصالح بن محمد بن محمد
2793,al-Mukhtār b. Abbū al-Walātī,المختار بن أبو الولاتي
2794,Muḥammad al-Mukhtār b. Sa`īd,محمد المختار بن سعيد
2795,Muḥammad Mukhtār (Fatan) b. Sīdi `Abd Allāh (Sīdīnā) al-`Alawī,محمد مختار (فتى) بن سيدي عبد الله (سيدينا) العلوي
2796,Muḥammad al-Mukhtār b. Sīdi `Alī,محمد المختار بن سيد عالي
2797,Muḥammad al-Mukhtār b. Sīdi Aḥmad Lahbib,محمد المختار بن سيد أحمد لحبيب
2798,Muḥammad al-Mukhtār b. Sīdi Muḥammad,محمد المختار بن سيد محمد
2799,Muḥammad al-Munīr,محمد المنير
2800,Muḥammad al-Muntagha b. Aḥmad b. `Umar al-Fūtī,محمد المنتغي بن أحمد بن عمر الفوتي
2801,Muḥammad al-Mūsa al-Kabarī al-Kunārī,محمد الموسي الكبري الكناري
2802,Muḥammad al-Muṣṭafa,محمد المصطفي
2803,Muḥammad al-Muṣṭafa b. `Abd Allāh al-Inkundarī,محمد المصطفي بن عبد الله الإنكندري
2804,Muḥammad al-Muṣṭafa b. Aḥalūn al-Taktantī,محمد المصطفي بن أحلون التكتنتي
2805,Muḥammad al-Muṣṭafā b. Sīdī Muḥammad b. an-Nada al-Idyaydbī,محمد المصطفى بن سيدي محمد بن الندى الإديجبي
2806,Muḥammad al-Muṣṭafa b. Bubi,محمد المصطفي بن بوبي
2807,Muḥammad al-Muṣṭafa b. Ḥammād al-Kallādī (Gallādī),محمد المصطفي بن حماد الكلادي
2808,Muḥammad al-Muṣṭafa b. Muḥammad al-Thānī,محمد المصطفى بن محمد الثاني
2809,Muḥammad al-Muṣṭafa Kāmal al-Amīn b. Sa`d,محمد المصطفى كامل الأمين بن سعد
2810,Muḥammad al-Nābigha b. `Abd al-Laṭif,محمد النابغة بن عبد اللطيف
2811,Muḥammad an-Nābigha b. A`mar al-Ghallāwī,محمد النابغة بن أعمر الغلاوي
2812,Muḥammad al-Najīb b. Muḥammad al-Anuṣamānī,محمد النجيب بن محمد الأنصماني
2819,Muḥammad al-Nāṣir b. Muḥammad al-Mukhtār b. Muḥammad Nāṣir al-Dīn al-Kabarī al-Kanawī,محمد الناصر بن محمد المختار بن محمد ناصر الدين الكبري الكنوي
2820,Muḥammad al-Nāṣir Kabarā,محمد الناصر كبرا
2821,Muḥammad al-Nāwidī b. al-Ṭālib b. Saūda,محمد الناودي بن الطالب بن سودة
2822,Muḥammad al-Naẓīf al-Marrākushī,محمد النظيف المراكشي
2823,Muḥammad al-Qābisī,محمد القابسي
2824,Muḥammad al-Qālī b. al-Shaykh,محمد القالي بن الشيخ
2825,Muḥammad al-Qāsim al-Ṣanhājī,محمد بن القاسم الصنهاجي
2826,Muḥammad al-Qayrawānī,محمد القيرواني‏
2827,Muḥammad al-Rābi`,محمد الرابع
2828,Muḥammad al-Rābi` Surāqa Jarrā,محمد الرابع سراقة جرا
2829,Muḥammad al-Raḥma b. Muḥammad al-Khalīl,محمد الرحمة بن محمد الخليل
2830,Muḥammad al-Ṣabbān,محمد الصبان
2833,Muḥammad b. A`mar b. Sīdi Muḥammad b. Sīdi al-Mukhtār al-Kuntī,محمد بن أعمر بن سيد محمد بن سيد المختارالكنتي
2834,Muḥammad al-Ṣaghīr b. Aḥmad al-Bakkā`ī al-Kuntī,محمد الصغير بن أحمد البكائي الكنتي
2835,Muḥammad al-Ṣaghīr b. Ibrāhīm al-Fūtī,محمد الصغير بن إبراهيم الفوتي
2836,Muḥammad al-Ṣaghīr b. Ibrāhīm b. `Umar al-Dārī,محمد الصغير بن إبراهيم بن عمر الداري
2837,Muḥammad al-Ṣaghīr b. Muḥammad al-Miknāsī al-Dukālī,محمد الصغير بن محمد المكناسي الدكالي
2839,Muḥammad al-Ṣaghīr b. Muḥammad b. `Abd Allāh al-Ifrānī al-Marrākushī,محمد الصغير بن محمد بن عبد الله الايفراني المراكشي
2840,Muḥammad al-Ṣaghīr Sulaymān,محمد الصغير سليمان
2841,Muḥammad al-Ṣāliḥ,محمد الصالح
2842,Muḥammad al-Ṣāliḥ al-Būḥinī,محمد الصالح البوحني
2845,Muḥammad al-Ṣāliḥ b. `Abd al-Raḥmān al-Awjailī,محمد الصالح بن عبد الرحمان الأوجلي
2846,Muḥammad al-Ṣāliḥ b. al-Aswad b. al-Walī Muḥammad al-Sūqī,محمد الصالح بن الأسود بن الولي محمد السوقي
2847,Muḥammad al-Ṣāliḥ b. Maḥmūd b. Khūna,محمد الصالح بن محمود بن خون
2848,Muḥammad al-Ṣāliḥ b. Muḥammad al-Muṣṭafa b. Muḥammad al-Amīn,محمد الصالح بن محمد المصطفي بن محمد الأمين
2849,Muḥammad al-Sālik,محمد السالك
2850,Muḥammad as-Sālik b. Khayy (خي) b. `Ammār at-Tinwājīwī,محمد السالك بن خي بن عمار التنواجيوي
2851,Muḥammad al-Sālik b. Khayyi al-Tinwājīwī and Amīn Hawlī al-Kallādī (Gallādī),محمد السالك بن خي التنواجيوي وأمين هولي الكلادي
2852,Muḥammad al-Sālik b. Khayyi al-Tinwājīwī and Muḥammad b. al-Khalīl,محمد السالك بن خي التنواجيوي ومحمد بن الخليل
2853,Muḥammad al-Sālim b. al-Shaykh b. Muḥammad al-Sālim,محمد السالم بن الشيخ بن محمد السالم
2854,Muḥammad al-Sanūsī b. Aḥmad Zarrūq al-Fulānī,محمد السنوسي بن أحمد زروق الفلاني
2855,Muḥammad al-Sanūsī b. al-Muṣṭafa,محمد السنوسي بن المصطفي
2856,Muḥammad al-Sanūsī b. Ibrāhīm,محمد السنوسي بن إبراهيم
2857,Muḥammad al-Sanūsī b. Ibrāhīm al-Ghānī,محمد السنوسي بن إبراهيم الغاني
2858,Muḥammaddin ash-Shafīq b. Muḥammad (Maymmih) b. al-Maḥbūbī al-Yadālī,محمدٌن بن محمد (ميمٌيه) بن المحبوبي اليدالي
2859,Muḥammad al-Shayāwī Ghiṭāṭū Mūdibū,محمد الشياوي غطاطو مودبو
2861,Muḥammad al-Shaykh b. Sīdi Maḥmūd b. Muḥammad al-Rāḍī,محمد الشيخ بن سيدي محمود بن محمد الراضي
2862,Muḥammad al-Shuṭayhī,محمد الشطيهي
2863,Muḥammad al-Ṣūfī,محمد الصوفي
2864,Muḥammad al-Tahāḍ al-Madanī Kanūn,محمد التهاض المدني كنون
2865,Muḥammad al-Ṭāhir,محمد الطاهر
2868,Muhammad al-Ṭāhir b. `Abd al-Mu`ti,محمد الطاهر بن عبد المعطي
2869,Muḥammad al-Ṭāhir b. (Muhammad) `Ashūr,محمد الطاهر بن‏ (‬محمد‏) ‬عاشور‏
2870,Muḥammad al-Ṭāhir b. Aḥmad Addāh al-Anṣārī,محمد الطاهر بن أحمد أداه الأنصاري
2871,Muḥammad al-Ṭāhir b. al-Ḥasan,محمد الطاهر بن الحسن
2872,Muḥammad al-Ṭāhir b. al-Qāḍī Mahi b. Muḥammad al-Ṭāhir,محمد الطاهر بن القاضي حمي بن محمد الطاهر
2873,Muḥammad al-Ṭāhir b. al-Shaykh Ibrāhīm,محمد الطاهر بن الشيخ إبراهيم
2874,Muḥammad al-Ṭāhir b. Bāba Sharaf,محمد الطاهر بن باب شرف
2876,Muḥammad al-Ṭāhir b. Ibrāhīm,محمد الطاهر بن إبراهيم
2877,Muḥammad al-Ṭāhir b. Ibrāhīm b. al-Ḥasan b. al-Hādī b. `Alī b. al-Najīb,محمد الطاهر بن إبراهيم بن الحسن بن الهادي بن علي بن النجيب
2878,Muḥammad al-Ṭāhir b. Muḥammad Aḥmad al-Anṣārī,محمد الطاهر بن محمد أحمد الأنصاري
2879,Muḥammad al-Ṭāhir b. Muḥammad Aḥmad Andāy,محمد الطاهر بن محمد أحمد أنداي
2880,Muḥammad al-Ṭāhir b. Muḥammad Aḥmad b. Muḥammad,محمد الطاهر بن محمد أحمد بن محمد
2881,Muḥammad al-Ṭālib b. Ibrāhīm,محمد الطالب بن إبراهيم
2882,Muḥammad al-Ṭalsam,محمد الطلسم
2883,Muḥammad al-Tāsi` b. `Alīm Muḥammad al-Thānī,محمد التاسع بن عالم محمد الثاني
2884,Muḥammad al-Taslīm b. `Abd al-Qādir,محمد التسليم بن عبد القادر
2885,Muḥammad al-Ṭayyb b. Aḥmad b. Yūsuf b. Aḥmad al-Sharīf al-`Alamī,محمد الطيب بن أحمد بن يوسف بن أحمد الشريف العلمي
2886,Muḥammad al-Thālith Līman Zārīa,محمد الثالث ليمن ثي زاريا
2887,Muḥammad al-Thānī,محمد الثاني
2888,Muḥammad al-Thānī b. `Alī,محمد الثاني بن علي
2889,Muḥammad al-Thānī b. Abī Bakr b. Muḥammad al-Kanawī,محمد الثاني بن أبي بكر بن محمد الكتوي
2894,Muḥammad al-Thānī b. al-Ḥasan b. Muḥammad Dikkū,محمد الثاني بن حسن  بن محمد دكو
2896,Muḥammad al-Tūdī al-Mālikī,محمد التودي المالكي
2898,Muḥammad al-Ṭughūghī b. Muḥammad Inālbush al-Sūqī,محمد الطغوغي بن محمد إنالبش السوقي
2901,Muḥammad al-Wālī b. Sulaymān al-Fulānī al-Bāghirmāwī al-Barnāwī,محمد الوالي بن سليمان بن الفلاني الباغرماوي البرناوي
2902,Muḥammad al-Wālī Mūdī Sukkutū (Sokoto),محمد الوالي مود سكتو
2903,Muḥammad al-Yadālī b. al-Mukhtār b. Maḥḥam Sa‘īd al-Yadālī,محمد اليدالي بن المختار بن محم سعيد اليدالي
2904,Muḥammad al-Yamānī,محمد اليماني
2905,Muḥammad al-Zaharī b. al-Muṣṭafa al-Ghumrāwī, محمد الزهري بن مصطفى الغمراوي
2906,Muḥammad al-Zayn al-`Alawī,محمد زين العلوي
2907,Muḥammad al-Zubaydī,محمد الزبيدي
2908,Muḥammad Amalan b. Muḥammad Aḥmad,محمد أملن بن محمد أحمد
2909,Muḥammad Ambārik al-Imbaṭūnī,محمد امبارك الإمبطوني
2910,Muḥammad Mbārīk b. Ḥabīb Allāh [Ḥabībaḷḷā] b. al-Amīn al-Lamtūnī,محمد امبارك بن حبيب الله بن الأمين اللمتوني
2911,Muḥammad Anday,محمد أندي
2912,Muḥammad Atamma b. Aḥmad al-Kanawī al-Aghdasī,محمد اتمي بن أحمد الكنوي الاغدسي
2913,Muḥammad Awj,محمد أوج
2914,Muḥammad Awwal b. Muḥammad al-Thānī,محمد اول بن محمد الثاني
2915,Muḥammad Ayyūb,محمد أيوب
2916,Muḥammad b. `Abd al-`Azīz,محمد بن عبد العزيز
2917,Muḥammad b. `Abd al-`Azīz al-Lakhmī,محمد بن عبد العزيز الاخمي
2919,Muḥammaddu an-Nābigha b. ash-Shaykh Muḥammaddu al-Arba`īnī at-Tandaghī,محمدُّو النابغة بن الشيخ محمدو الأربعيني التندغي
2923,Muḥammad b. `Abd al-Dā'im b. `Abd al-Ghafūr,محمد بن عبد الدائم بن عبد الغفور
2924,Muḥammad b. `Abd al-Fattāḥ al-Shāfi`ī al-Malawī,محمد بن عبد الفتاح الشافعي‏ ‬الملوي‏ ‬
2926,Muḥammad b. `Abd al-Ghanī al-Ardbīlī,محمد بن عبد الغني‏ ‬الأردبيلي
2927,Muḥammad b. `Abd al-Hādī al-Sindī,محمد بن عبد الهادي السندي
2928,Muḥammad b. `Abd al-Jaīl al-Tunisī,محمد بن عبد الجليل التنسي
2929,Muḥammad b. `Abd al-Karim al-Maghīlī al-Tilimsāni,محمد بن عبد الكريم المغيلي التلمساني
2932,Muḥammad b. `Abd al-Karīm al-Shahrastānī,محمد بن عبد الكريم الشهرستاني
2933,Muḥammad b. `Abd al-Mālik,محمد بن عبد الملك
2935,Muḥammad b. `Abd al-Mun`im al-Jawharī,محمد بن عبد المنعم الجوهري
2936,Muḥammad b. `Abd al-Qādir b. `Alī al-Fāsī,محمد بن عبد القادر بن علي الفاسي
2939,Muḥammad b. `Abd al-Qādir b. al-Ḥabīb,محمد بن عبد القادر بن الحبيب
2940,Muḥammad b. `Abd al-Raḥīm al-Māzinī al-Qaysī al-Gharnāṭī,محمد بن عبد الرحيم المازني القيسي الغرناطي
2942,Muḥammad b. `Abd al-Raḥmān,محمد بن عبد الرحمان‏
2943,Muḥammad b. `Abd al-Raḥmān al-`Alqami b. al-Shāfi`ī,محمد بن عبد الرحمان العلقمي‏ ‬الشافعي‏
2944,Muḥammad b. `Abd al-Raḥmān al-Bakrī al-Ṣiddīqī,محمد بن عبد الرحمان البكري الصديقي
2946,Muḥammad b. `Abd al-Raḥmān al-Barnāwī,محمد بن عبد الرحمان البرناوي
2947,Muḥammad b. `Abd al-Raḥmān al-Dimashqī al-Ṣafādī,محمد بن عبد الرحمان الدمشقي الصفادي
2950,Muḥammad b. `Abd al-Raḥmān al-Ḥamdhānī,محمد بن عبد الرحمان الهمذاني
2951,Muḥammad b. `Abd al-Raḥmān al-Ḥasanī,محمد بن عبد الرحمان الحسني
2952,Muḥammad b. `Abd al-Raḥmān al-Khaṭābī,محمد بن عبد الرحمان الخطابي
2953,Muḥammad b. `Abd al-Raḥmān al-Marrākushī,محمد بن عبد الرحمان المراكشي
2955,Muḥammad b. `Abd al-Raḥmān al-Mas`ūdī,محمد بن عبد الرحمان المسعودي
2956,Muḥammad b. `Abd al-Raḥmān al-Qazwīnī,محمد بن عبد الرحمان القزويني
2957,Muḥammad b. `Abd al-Raḥmān al-Shāfi`ī,محمد بن عبد الرحمان الشافعي‏ ‬
2958,Muḥammad b. Muḥammad b. al-Haṭṭāb al-Maliki al-Ru`aynī al-Ṭarāblusī,محمد بن محمد‎ ‬بن الحطاب المالكي الرعيني الطرابلسي
2960,Muḥammad b. `Abd al-Raḥmān b. `Alī al-Ḥawḍī,محمد بن عبد الرحمان بن علي الحوضي
2961,Muḥammad b. `Abd al-Raḥmān b. `Umar b. Muḥammad b. `Abd Allāh b. Salama al-Ḥabashī,محمد بن عبد الرحمان بن عمر بن محمد بن عبد الله بن سلمة الحبشي
2963,Muḥammad b. `Abd al-Raḥmān b. Abī Bakr al-Ṣiddīq,محمد بن عبد الرحمان بن أبي بكر الصديق
2965,Muḥammad b. `Abd al-Raḥmān b. Mūlāy Muḥammad Aḥmad b. Mūlāy al-Bashīr,محمد بن عبد الرحمان بن مولاي محمد أحمد بن مولاي البشير
2967,Muḥammad b. `Abd al-Raḥmān b. Yūsuf al-Miknāsī,محمد بن عبد الرحمان بن يوسف المكناسي
2969,Muḥammad b. `Abd al-Salām al-Bannānī,محمد بن عبد السلام البناني‏ ‬
2970,Muḥammad b. `Abd al-Salām b. Yūnis,محمد بن عبد السلام بن‏ ‬يونس‏
2971,Muḥammad b. `Abd al-Ṣamid al-Mālikī al-Tandaghī,محمد بن عبد الصمد المالكي التندغي
2975,Muḥammad b. `Abd Allāh al-`Alawī,محمد بن عبد الله العلوي
2977,Muḥammad b. `Abd Allāh al-Abharī,محمد بن عبد الله الابهري
2978,Muḥammad b. `Abd Allāh al-Barka (?),محمد بن عبد الله البركة
2980,Muḥammad b. `Abd Allāh al-Barnāwī al-Badāwī, محمد بن عبد الله البرناوي البداوي
2981,Muḥammad b. `Abd Allāh ad-Daymānī,محمد بن عبد الله الديماني
2982,Muḥammad b. `Abd Allāh al-Dimashqī,محمد بن عبد الله الدمشقي‏ ‬
2983,Muḥammad b. `Abd Allah al-Fulānī al-Ba`āwī, عبد الله بن محمد بن سالم أحمد الفلاني البعاوي
2984,Muḥammad b. `Abd Allāh al-Karīm,محمد بن الشيخ عبد الله الكريم
2987,Muḥammad b. `Abd Allāh al-Kharshī al-Mālikī al-Miṣrī,محمد بن عبد الله الخرشي المالكي المصري
2991,Muḥammad b. `Abd Allāh al-Khazrajī,محمد بن عبد الله الخزرجي
2992,Muḥammad b. `Abd Allāh al-Ma`āfirī al-Mālikī,محمد بن عبد الله المعافري المالكي
2993,Muḥammad b. `Abd Allāh al-Maqqarī,محمد بن عبد الله المقري
2994,Muḥammad b. `Abd Allāh al-Qunānī al-Būtilimītī,محمد بن عبد الله القناني البوتلميتي
2995,Muḥammad b. `Abd Allāh al-Salmānī al-Andalusī,محمد بن عبد الله السلماني الأندلسي
2996,Muḥammad b. `Abd Allāh b. Maḥḥam at-Tandaghī,محمد بن عبد الله بن محم التندغي
2997,Muḥammad b. `Abd Allāh al-Warzāzī al-Dar`ī al-Ṭitwānī,محمد بن عبد الله الورزازي الدرعي التطواني
2999,Muḥammad b. `Abd Allāh al-Ya`qūbī (d. 1985-6),محمد بن عبد الله اليعقوبي
3000,Muḥammad b. `Abd Allāh al-Zamūrī,محمد بن عبد الله الزموري‏ ‬
3001,Muḥammad b. `Abd Allāh Awbak,محمد بن عبد الله أوبك
3002,Muḥammad b. `Abd Allāh b. `Umar al-Yafranī al-Miknāsī,محمد بن عبد الله بن عمر اليفرني‏ ‬المكناسي‏ ‬
3003,Muḥammad b. `Abd Allāh b. Abī Bakr al-Ṣiddīq b. al-Aghyas,محمد بن عبد الله بن أبي بكر الصديق بن الأغياس
3004,Muḥammad b. `Abd Allāh b. Ḥusayn,محمد بن عبد الله بن حسين
3005,Muḥammad b. `Abd Allāh b. Ḥusayn al-Ṭaṣfāwī,محمد بن عبد الله بن حسنين الطصفاوي
3010,Muḥammad b. `Abd Allāh b. Manẓūr,محمد بن عبد الله بن منظور
3011,Muḥammad b. `Abd Allāh b. Muḥammad b. Andawḍḍa al-Maḥjūbī,محمد بن عبد الله بن محمد بن اندوضٌ المحجوبي
3013,Muḥammad b. `Abd Allāh b. Niyās al-Kawlakhī,محمد بن عبد الله نياس الكولخي
3014,Muḥammad b. `Abd Allāh b. Nuḥ al-Barnāwī al-Kashnāwī,محمد بن عبد الله بن نوح البرناوي الكشناوي
3017,Muḥammad b. `Abd Allāh Ishbīlī,محمد بن عبد الله الإشبيلي
3019,Muḥammad b. `Abd b. al-Ṭālib Muḥammad Aḥmad,محمد بن عبد بن الطالب محمد أحمد
3020,Muḥammad b. `Abdal,محمد بن عبدل
3021,Muḥammad b. `Abdūna,محمد بن عبدون
3022,Muḥammad b. `Al,محمد بن عال
3023,Muḥammad b. `Al al-Anṣārī,محمد بن عال الأنصاري
3024,Muḥammad b. `Āl b. al-Mukhtār,محمد بن عال المختار
3031,Muḥammad b. `Alī Abhūl,محمد بن علي أبهول
3032,Muḥammad b. `Alī al-`Awfī,محمد بن على العوافى
3033,Muḥammad b. `Alī al-Bābakīr,محمد بن علي‏ ‬البابكير
3034,Muḥammad b. `Alī al-Biṭrādī al-Baṭṭū'ī,محمد بن علي البطرادي البطوئي
3035,Muḥammad b. `Alī al-Fishtālī,محمد بن علي الفشتالي
3037,Muḥammad b. `Alī al-Kharūbī,محمد بن علي الخروبي
3038,Muḥammad b. `Alī al-Miṣrī al-Ḥanafī,محمد بن علي‏ ‬المصري‏ ‬الحنفي‏ ‬
3039,Muḥammad b. `Alī al-Miṣrī al-Tūzī,محمد بن علي المصري التوزي
3041,Muḥammad b. `Alī al-Ṣabbān,محمد بن علي الصبان
3042,Muḥammad b. `Alī al-Shāṭabī al-Andalusī,محمد بن علي الشاطبي الأندلسي
3043,Muḥammad b. `Alī b. `Abd Allāh al-Mawṣilī,محمد بن علي بن عبد الله الموصلي
3045,Muḥammad b. `Alī b. `Arabī al-Ḥātimī al-Ṭā'ī,محمد بن علي بن عربي الحاتمي الطائي
3048,Muḥammad b. `Alī b. `Umar b. `Alī al-Ghazāwī al-Fāsī,محمد بن علي بن عمر بن علي الغزاوي الفاسي
3049,Muḥammad b. `Alī b. `Uthmān al-Fallātī,محمد بن علي بن عثمان الفلاتي
3050,Muḥammad b. `Alī b. al-Shabbat al-Tawzarī,محمد بن علي بن الشبت التوزري
3051,Muḥammad b. `Alī b. al-Ṭālib al-Sharīf al-Sbā`ī al-Ghadāmisī,محمد بن علي بن الطالب الشريف السباعي الغدامسي
3052,Muḥammad b. `Alī b. Ḥama Ballu B.L.ṭ u`u b. Ghamd (...),محمد بن علي بن حم بل ب ل طع بن غامد …
3053,Muḥammad b. `Alī b. Mālam Yaqub,محمد بن علي بن مالم يعقوب
3054,Muḥammad b. `Alī b. Muḥammad al-Shawkānī,محمد بن علي بن محمد الشوكاني
3055,Muḥammad b. `Alī b. Qunbu,محمد بن علي بن قنب
3056,Muḥammad b. `Alī b. Sa`īd al-Anṣārī al-Marsī,محمد بن علي بن سعيد الأنصاري المرسي
3057,Muḥammad b. `Alī b. Salāma al-Wānawghī (?),علوم: فلك (؟)
3058,Muḥammad b. `Alī b. Wahhāb al-Qushayrī (?),محمد بن علي وهاب القشيري (?)
3059,Muḥammad b. `Alī b.Habt Allāh,محمد بن علي‏ ‬بن هبة الله‏‏ ‬
3060,Muḥammad b. `Alī Majānā al-Sīnighālī,محمد بن علي مجانا السنغالي
3061,Muḥammad b. `Aṭiyya b. Ibrāhīm,محمد بن عطية بن إبراهيم
3062,Muḥammad b. `Ibādī al-`Adawī,محمد بن عبادة العدوي‏ ‬
3063,Muḥammad b. `Īsa b. Aṣbagh al-Azdī al-Qurṭubī,محمد بن عيسي بن اصبغ الازدي القرطبي
3064,Muḥammad b. `Īsa b. Sawra al-Tirmidhī,محمد بن عيسي بن سورة الترمذي
3069,Muḥammad b. `Umar al-Fulānī al-Shinqīṭī,محمد بن عمر الفلاني الشنقيطي
3070,Muḥammad b. `Umar al-Fūtī,محمد بن عمر الفوتي
3071,Muḥammad b. `Umar al-Ghadāmisī,محمد بن عمر الغدامسي
3073,Muḥammad b. `Umar al-Wāqadī,محمد بن عمر الواقدي‏ ‬
3074,Muḥammad b. `Umar b. `Abd al-`Azīz b. Abī Maḥallī,محمد بن عمر بن عبد العزيز بن أبي محلي التلمساني
3075,Muḥammad b. `Umar b. `Uthmān al-Fishtālī,محمد بن عمر بن عثمان الفشتالي
3076,Muḥammad b. `Umar b. Aḥmad b. `Uzīz al-Sijistānī al-`Uzīzī,محمد بن عمر بن أحمد بن عزيز السجستاني العزيزي
3078,Muḥammad b. `Umar b. Baḥraq al-Ḥaḍramī,محمد بن عمر بن بحرق الحضرمي
3079,Muḥammad b. `Umar b. Ibrāhīm al-Filālī,محمد بن عمر بن إبراهيم الفلالي
3080,Muḥammad b. `Umar b. Ibrāhīm al-Malāllī al-Tilimsānī,محمد بن عمر بن إبرهيم الملالي التلمساني
3081,Muḥammad b. `Umar b. Muḥammad b. Dalla al-Murjī al-Sūdānī al-Mālikī,محمد بن عمر بن محمد بن دلة المرجي السوداني المالكي
3082,Muḥammad b. `Umar Dakar,محمد بن عمر دكره
3083,Muḥammad b. `Uthmān al-Anṣārī,محمد بن عثمان العنصاري
3084,Muḥammad b. `Uthmān al-Ḥaḍramī,محمد بن عثمان الحضرمي
3085,Muḥammad b. `Uthmān al-Sarsī,محمد بن عثمان السرسي
3086,Muḥammad b. `Uthmān b. Aḥmad al-Baghūnī al-Ūshī,محمد بن عثمان بن أحمد البغوني الأوسي
3087,Muḥammad b. `Uthmān b. Bāsif,محمد بن عثمان بن باسيف
3088,Muḥammad b. `Uthmān Imām Mīga b. Muḥammad,محمد بن عثمان إمام ميغ بن محمد
3089,Muḥammad b. `Uthmān Sūsī,محمد بن عثمان سوسي
3090,Muḥammad b. Abawa b. (??) al-Akhtīrī al-Ḥasanī,محمد بن آبوَّه بن (ْ؟؟) لأختيري الحسني
3093,Muḥammad b. 'Abd al-Rahman al-Barnāwī, محمد بن عبد الرحمن البرناوي
3094,Muḥammad b. 'Ajājī Aḥmad b. `Uthmān, محمد بن أجاجي أحمد بن عثمان
3095,Muḥammad b. 'Akkah,محمد بن آكاه
3096,Muḥammad b. Ā`mar al-Ghallāwi al-Shinqīṭī,محمد بن أعمر الغلاوي‏ ‬الشنقيطي‏
3097,Muḥammad b. Ubb b. Aḥmad b. `Uthman al-Muzammirī al-Tūwātī,محمد بن آب بن أحمد بن عثمان المزمري التواتي
3100,Muḥammad b. Abī al-Khayr al-Ḥasanī al-Armayūnī,محمد بن أبي الخار الحسني العرميوني
3101,Muḥammad b. Abī al-Qāsim al-Nāwī,محمد بن أبى القاسم الناوى
3103,Muḥammad b. Abī al-Qāsim al-Sijilmāsī al-Ribāṭī,محمد بن أبي القاسم السجلماسي الرباطي
3106,Muḥammad b. Abī Bakr,محمد بن أبي بكر
3107,Muḥammad b. Abī Bakr Maī Tafsīrī,محمد بن أبي بكر مي تفسير
3108,Muḥammad b. Abī Bakr al-Barnāwī,محمد بن أبي بكر البرناوي
3109,Muḥammad b. Abī Bakr al-Khabayṣī,محمد بن ابي‏ ‬بكر الخبيصي‏ ‬
3110,Muḥammad b. Abī Bakr al-Rāzī,محمد بن أبي بكر الرازي
3111,Muḥammad b. Abī Bakr b. `Abd al-`Azīz al-Kinānī al-Ḥamawī,محمد بن أبي بكر بن عبد العزيز الكناني الحموي
3112,Muḥammad b. Abī Bakr b. `Abd al-Qādir al-Rāzī,محمد بن أبي بكر بن عبد القادر الرازي
3113,Muḥammad b. Abī Bakr b. `Abd Allāh,محمد بن أبي بكر بن عبد الله
3114,Muḥammad b. Abī Bakr b. `Umar al-Damāmīnī al-Iskandarī,محمد بن أبي بكر بن عمر الدماميني الإسكندري
3115,Muḥammad b. Abi Bakr b. `Umar al-Makhzūmī al-Damāmīnī,محمد بن ابي‏ ‬بكر بن عمر المخزومي‏ ‬الدماميني‏ ‬
3116,Muḥammad b. Abī Bakr b. Abī al-Qāsim al-Tūwātī,محمد بن أبي بكر بن أبي القاسم التواتي
3119,Muḥammad b. Abī Bakr b. Aḥmad b. Akād (Agād),محمد بن أبي بكر بن أحمد بن أكاد
3120,Muḥummadhun b. Abī Bakr b. Aḥmad Bāba b. `Abd Allāh at-Tandaghī,محمذن بن أبي بكر بن أحمدٌ باب بن عبد الله التندغي
3123,Sīdī Muḥammad b. Abī Bakr b. Hāshim al-Ghallāwī,سيدي محمد بن سيدي أبي بكر بن الهاشم الغلاوي
3124,Muḥammad b. Abī Bakr b. al-Muṣṭafa al-Qādirī al-Sukkutī, محمد بن أبي بكر بن المصطفي القادري السكتي
3125,Muḥammad b. Abī Bakr b. Ayūb al-Zar`ī al-Dimashqī,محمد بن أبي بكر بن ايوب الزرعي الدمشقي
3126,Muḥammad b. Abī Bakr b. Muḥammad,محمد بن أبي بكر بن محمد
3127,Muḥammad b. Abī Bakr b. Muḥammad al-Barnāwī,محمد بن أبي بكر بن محمد البرناوي
3128,Muḥammad b. Abī Bakr b. Sa`īd b. Aḥmad al-Sanūsī,محمد بن أبي بكر بن سعيد بن أحمد السنوسي
3130,Muḥammad b. Abī Ja`far,محمد بن أبي جعفر
3131,Muḥammad b. Abī Jamā`a al-Hiṭṭī,محمد بن ابي‏ ‬جماعة الهيطي‏
3132,Muḥammad b. Abū Madyana b. ash-Shaykh Aḥmadu b. Slaymān al-Bārikī ad-Daymānī,محمد بن أبو مدين بن الشيخ أحمدو بن سليمان الباركي الديماني
3133,Muḥammad b. Ādam b. `Uthmān,محمد بن آدم بن عثمان
3134,Aḥmaddū b. Ḥbayyib al-Yadmusī,أحمدو بن احْبَيِّبْ اليدمسي
3137,Muḥammad b. Aḥmad (d.520/1126-7),محمد بن أحمد
3138,"Muḥammad b. Aḥmad (""Ghadād Mu'addab"")",محمد بن أحمد
3139,Muḥammad b. Aḥmad al-Kansūsī al-Qurashī al-Marrākushī,محمد بن أحمد الكنسوسي القرشي المراكشي
3140,Muḥammad b. Aḥmad al-`Alūshī and Muḥammad b. `Alī b. al-Mukhtār b. Maḥmūd al-`Alūshī,محمد بن أحمد العلوشي ومحمد بن علي بن المختار بن محمود العلوشي
3142,Muḥammad b. Aḥmad al-`Anānī al-Miknāsī,محمد بن أحمد العناني‏ ‬المكناسي‏
3144,Muḥammad b. Aḥmad al-`Aqalī,محمد بن أحمد العقلي‏ ‬
3145,Muḥammad b. Aḥmad al-Azqam,محمد بن أحمد الأزقم
3146,Muḥammad b. Aḥmad al-Bakkā'ī b. Muḥammad b. al-Mukhar al-Kuntī,محمد بن أحمد البكاي بن محمد الكنتي
3147,Muḥammad b. Aḥmad al-Bashīr (?),محمد بن أحمد البشير (؟)
3148,Muḥammad b. Aḥmad al-Buhuwatī al-Janbalī,محمد بن أحمد البُهُوتي‏ ‬الجنبلي‏ ‬ ‬‬
3150,Muḥammad b. Aḥmad al-Dalā'ī,محمد بن أحمد الدلائي‏ ‬
3152,Muḥammad b. Aḥmad al-Fāsī al-Maydanī (?),محمد بن أحمد الفاسي الميداني (?)
3153,Muḥammad b. Aḥmad al-Ghadāmisī,محمد بن أحمد الغدامسي
3154,Muḥammad b. Aḥmad al-Ḥanafī al-`Ayanī,محمد بن أحمد الحنفي العيني
3155,Muḥammad b. Aḥmad al-Ḥasanī,محمد بن أحمد الحسني
3156,Muḥammad b. Aḥmad al-Hawwārī,محمد بن أحمد الهوّاري‏ ‬
3157,Muḥammad b. Aḥmad al-Ḥuḍaykī al-Sūsī,محمد بن أحمد الحُضَيْكي‏ ‬السوسي‏ ‬
3158,Muḥammad b. Aḥmad al-Inkundarī,محمد بن أحمد الإنكندري
3160,Muḥammad b. Aḥmad al-Khalīl b. Abbakar b. Babān,محمد بن أحمد الخليل اببكر بن ببان
3161,Muḥammad b. Aḥmad al-Khuwayyī,محمد بن أحمد الخُوَيِّي‏ ‬ ‬
3163,Muḥammad b. Aḥmad al-Maḥalī al-Shāfi`ī,محمد بن أحمد المحلي الشافعي
3168,Muḥammad b. Aḥmad al-Mālikī,محمد بن أحمد المالكي
3169,Muḥammad b. Aḥmad al-Marābiṭ al-Adwazī al-Simlālī,محمد بن أحمد المرابط الادوزي السملالي
3170,Muḥammad b. Aḥmad al-Maṣmūdī,محمد بن أحمد المصمودي
3171,Muḥammad b. Aḥmad al-Mawṣilī al-Maqarī al-Ḥanbalī,محمد بن أحمد الموصلي‏ ‬المقري‏ ‬الحنبلي‏
3172,Muḥammad b. Aḥmad al-Sā'iḥ, محمد بن أحمد السائح
3175,Sīdī Muḥammad b. Muḥammad aṣ-Ṣaghīr b. Anbūja al-`Alawī at-Tīshītī,سيدي محمد بن محمد الصغير بن انبوجه العلوي التيشيتي
3177,Muḥammad b. Aḥmad al-Shakātī (?),محمد بن أحمد الشكاتي‏(‬؟‏)‬
3179,Muḥammad b. Aḥmad al-Simlālī,محمد بن أحمد السملالي
3180,Muḥammad b. Aḥmad al-Tījānī,محمد بن أحمد التيجاني
3181,Muḥammad b. Aḥmad b. `Abd al-Raḥmān al-Anṣārī al-Sāḥilī al-Mālaqī,محمد بن أحمد بن عبد الرحمان الأنصاري الساحلي المالقي
3182,Muḥammad b. Aḥmad b. `Abd Allāh al-Tūnisī,محمد بن أحمد بن عبد الله التونسي
3183,Muḥammad b. Aḥmad b. `Alī al-Sharīf al-Tilimsānī,محمد بن أحمد بن علي الشريف التلمساني
3186,Muḥammad b. Aḥmad b. `Alī b. Jābir al-Hawwārī al-Andalusī,محمد بن أحمد بن علي بن جابر الهواري الأندلسي
3187,Muḥammad b. Aḥmad b. `Alī b. Zahwān (?) al-Ḥawshī,محمد بن أحمد بن علي‏ ‬بن زهوان(؟‏) ‬الحوشي
3189,Muḥammad b. Aḥmad b. 'Isa b. al-Jalāb al-Mālikī,محمد بن أحمد بن عيسي بن الجلاب المالكي
3190,Muḥammad b. Aḥmad b. Aḥmad,محمد بن أحمد بن أحمد
3191,Muḥammad b. Aḥmad b. al-Muṣṭafa al-Ābbayrī,محمد بن أحمد بن المصطفي الإبياري
3192,Muḥammad b. Aḥmad b. al-Shaykh,محمد ابن أحمد بن الشيخ
3193,Muḥammad b. Aḥmad b. al-Wannās al-Wisrī,محمد بن أحمد بن الوناس الوسري
3194,Muḥammad b. Aḥmad b. Ghāzī al-`Uthmānī al-Miknāsī,محمد بن أحمد بن غازي العثماني المكناسي
3195,Muḥammad b. Aḥmad b. Ḥabīb al-Shamshawī al-Ya`qūbī,محمد بن أحمد بن حبيب الشمشوي اليعقوبي
3197,Muḥammad b. Aḥmad b. Hishām al-Lakhmī,محمد بن أحمد بن هشام اللخمي
3200,Muḥammad b. Aḥmad b. Juzay al-Kalbī al-Gharnāṭī,محمد بن أحمد بن جزي الكلبي الغرناطي
3201,Muḥammad b. Aḥmad b. Muḥammad b. Abī Bakr Baghayoghu al-Wangarī al-Ghallāwī,محمد بن أحمد بن محمد بن ابي بكر بغيغو الغلاوي
3202,Muḥammad b. Aḥmad b. Marzūq al-Tilimsānī,محمد بن أحمد بن مرزوق التلمساني
3203,Muḥammad b. Aḥmad b. Muḥammad,محمد بن أحمد بن محمد
3205,Muḥammad b. Aḥmad b. Muḥammad al-`Alawī,محمد بن أحمد بن محمد العلوي
3206,Muḥammad b. Aḥmad b. Muḥammad al-Daqāq,محمد بن أحمد بن محمد الدقاق
3207,Muḥammad b. Aḥmad b. Muḥammad al-Mālikī al-Fāsī,محمد بن أحمد بن محمد المالكي الفاسي
3209,Muḥammad b. Aḥmad b. Muḥammad b. `Abd Allāh al-Yaḥyaī,محمد بن أحمد بن محمد بن عبد الله بن‏ ‬يحيى
3211,Muḥammad b. Aḥmad b. Muḥammad b. al-Imām b. Ḥabt al-Ghāllawī,محمد بن ‬أحمد بن محمد بن الامام بن حبت الغلاوي‏ ‬
3213,Muḥammad b. Aḥmad b. Muḥammad b. Yūsuf al-Rahūnī,محمد بن أحمد بن محمد بن‏ ‬يوسف الرهوني‏
3215,Muḥammad b. Aḥmad b. Muḥammad Banīs al-Fāsī,محمد بن أحمد بن محمد بنيس الفاسي
3216,Muḥammad b. Aḥmad b. Muḥammad Kūri,محمد بن أحمد بن محمد كور
3217,Muḥammad b. Aḥmad b. Qāsim b. Sa`īd al-`Aqyānī,محمد بن أحمد بن قاسم بن سعيد العقياني
3219,Muḥammad b. Aḥmad b. Rushd al-Qurṭubī,محمد بن أحمد بن رشد القرطبي
3221,Muḥammad b. Aḥmad Bāba Aḥmad b. Aḥmad,محمد بن أحمد باب أحمد بن أحمد
3222,Muḥammad b. Aḥmad Bāba b. Aḥmad b. `Umar b. `Alī b. Yaḥya,محمد بن أحمد بابا بن أحمد بن عمر بن علي بن يحيي
3223,Muḥammad b. Aḥmad Kanāta,محمد بن أحمد كنات
3224,Muḥammad b. Aḥmad Sālim,محمد بن أحمد سالم
3227,Muḥammad b. Aḥmadū b. al-Ḥasan b. Ḥammād al-Majlisī,محمد بن أحمدو بن الحسن بن حماد المجلسي
3228,Muḥammad b. al-`Aqib b. `Abd Allāh al-Tīnbuktī,محمد بن العاقب بن عبد الله التنبكتي
3229,Muḥammad b. al-`Arabī,محمد بن العربي
3230,Muḥammad b. al-`Arabī b. Ibrāhīm al-Simlālī al-Adūnī,محمد‎ ‬بن العربي‏ ‬بن إبراهيم السملالي‏ ‬الأدوني‏ ‬
3231,Muḥammad b. al-Afḍal al-Ḥasanī,محمد بن الأفضل الحسني
3232,Muḥammad b. al-Amīn,محمد بن الأمين
3233,Muḥammad b. al-Amīn b. al-Ṭālib A`mar al-Kuntī,محمد بن الأمين بن الطالب أعمر الكنتي
3234,Muḥammad b. al-Amīn b. Muḥammad al-Būsayfī,محمد بن الأمين بن محمد البوسيفي
3235,Muḥammad b. al-Amīn b. Muḥammad b. al-Ṭālib `Umar b. Khayr,محمد بن الأمين بن محمد بن الطالب عمر بن خير
3236,Muḥammad b. al-Amjad b. Aḥmad al-Tījānī,محمد بن الأمجد بن أحمد التيجاني
3237,Muḥammad b. al-Bakkā`ī al-Sūqī,محمد بن البكائي السوقي
3238,Muḥammad b. al-Bakkā`ī b. al-Amīn,محمد بن البكائي بن الأمين
3239,Muḥammad b. al-Bakrī,محمد البكري
3240,Muḥammad b. al-Bāshā Aḥmad b. `Alī b. Muḥammad al-Tazrakīnī,محمد بن الباشا أحمد بن علي بن محمد التزركيني
3241,Muḥammad b. al-Bashīr al-Mālikī al-Tandaghī,محمد بن البشير المالكي التندغي
3242,Muḥammad b. al-Bashīr al-Sūqī al-Takrūrī,محمد بن البشير السوقي التكروري
3243,Muḥammad b. al-Bukhārī b. Muḥammad b. Muḥammad al-Ṭāhirī,محمد بن البخاري بن محمد بن محمد الطاهري
3244,Muḥammad b. al-Dāh b. Aḥmad Maḥmūd Dāddāh al-Abyayrī al-Intishā'ī,محمد بن الداه بن أحمد محمود داداه الإنتشائي
3245,Muḥummadhun b. al-Dāhī al-Fāḍilī ad-Daymānī,محمذن بن الداهي الفاضلي الديماني
3246,Muḥammad b. al-Dhahabī,محمد بن الذهبي
3247,Muḥammad b. al-Faḍl b. Ibrāhīm Jātara,محمد بن الفضل بن إبراهيم جاتر
3248,Muḥammad b. al-Faqīh al-Tuhāmī al-Ūshī al-Andalusī,محمد بن الفقيه التهامي الأوسي الأندلسي
3249,Muḥammad b. al-Faqīh Māḥ b. Muḥammad,محمد بن الفقيه ماح بن محمد
3251,Muḥammad b. al-Ḥājj `Abd Allāh b. Sīdi Muḥammad,محمد بن الحاج عبد الله بن سيد محمد
3252,Muḥammad b. al-Ḥājj b. al-Amīr al-Tilimsānī (sic),محمد بن الحاج ابن الأمير التلمساني (آه)
3253,Muḥammad b. al-Ḥājj Ḥammād Allāh al-`Alawī,محمد بن الحاج حماد الله العلاوي
3254,Muḥammad b. al-Ḥandāq,محمد بن الحنداق
3255,Muḥammad b. al-Ḥasan,محمد بن الحسن
3257,Muḥammad b. al-Ḥasan al-Ahwāz (sic),محمد بن الحسن الأهواز (آه)
3258,Muḥammad b. al-Ḥasan al-Baghdādī,محمد بن الحسن البغدادي
3259,Muḥammad b. al-Ḥasan al-Bakrī,محمد بن الحسن البكري
3260,Muḥammad b. al-Ḥasan al-Bannānī al-Fāsī,محمد بن الحسن البناني الفاسي
3261,Muḥammad b. al-Ḥasan al-Ḥaḍramī al-Murādī,محمد بن الحسن الحضرمي المرادي
3262,Muḥammad b. al-Ḥasan al-Ḥusayn,محمد بن الحسن الحسين
3264,Muḥammad b. al-Ḥasan al-Shaybānī,محمد بن الحسن الشيباني
3265,Muḥammad b. al-Ḥasan b. Durayd al-Azdī,محمد بن الحسن ابن دريد الأزدي
3269,Muḥammad b. al-Ḥasan b. Muḥammad Yaḥya b. Muḥammad al-Mukhtār,محمد الحسن بن محمد يحيي بن محمد المختار
3270,Muḥammad b. al-Ḥusayn al-Kharāsānī al-Baghdādī,محمد بن الحسين الخراساني‏ (‬ن:البغدادي‏)
3272,Muḥammad b. al-Ḥusayn al-Naysāburī al-Sullāmī,محمد بن الحسين النيسابوري‏ السلامي
3273,Muḥammad b. al-Ḥusayn b. Muhammad b. Mūsa al-Salamī,محمد بن الحسين بن محمد بن موسى السلمي‏ ‬
3274,Muḥammad b. al-Imām Aḥmad,محمد بن الإمام أحمد
3275,Muḥammad b. al-Kāhiya Bāshā al-Rāmī,محمد بن الكاهية باشا الرامي
3276,Muḥammad b. al-Karīm,محمد بن الكريم
3277,Muḥammad b. al-Karrār al-Ya`qūbī,محمد بن الكرًار اليقوبي&nbsp;
3279,Muḥammad b. al-Kisā'ī,محمد بن الكسائي
3280,Muḥammad b. al-Labbān,محمد بن اللبان
3281,Muḥammad b. al-M.SH.R,محمد بن الم ش ر
3282,Muḥammad b. al-Madanī b. `Alī al-Fāsī,محمد بن المدني بن علي الفاسي
3283,Muḥammad b. al-Mandhar (?),محمد بن المنذر (؟)
3285,Muḥammad b. al-Mufaḍal b. Mahīb,محمد بن المفضل ابن مهيب
3287,Muḥammad b. al-Muḥāsibī,محمد بن المحاسبي
3288,Muḥammad b. al-Mukhtār,محمد بن المختار
3289,Muḥammad b. al-Mukhtār al-Ḥasanī,محمد بن المختار الحسني
3292,Muḥammad b. al-Mukhtār b. `Abd Allāh b. `Alī,محمد بن المختار بن عبد الله بن علي
3293,Muḥammad b. al-Mukhtār b. `Umar b. Aḥmad,محمد بن المختار بن عمر بن أحمد
3296,Muḥammad b. al-Mukhtār b. Aḥmad b. Ḥaylāh b. Maḥam Alfāgha,محمد بن المختار بن أحمد بن حيلاه بن محم الفك
3298,Muḥammad b. al-Mukhtār b. al-A`mash al-`Alawī ash-Shinqīṭī,محمد بن المختار بن الأعمش العلوي الشنقيطي
3299,Muḥammad b. al-Mukhtār b. Ḥaymīdda al-Ghallāwī at-Tāshidbītī,محمد بن المختار بن حيميد الغلاوي التاشدبيتي
3300,Muḥammad b. al-Mukhtār b. Maṣnabā al-Sīnighālī,محمد بن المختار بن مصنبا السينغالي
3301,Muḥammad b. al-Mukhtār b. Muḥammad al-Ghallāwī,محمد بن المختار بن محمد الغلاوي
3302,Muḥammad b. al-Mukhtār b. Mūsa al-Ya`qūbī,محمد بن المختار بن موسي اليعقوبي
3303,Muḥammad b. al-Mukhtār Billī,محمد بن المختار بلي
3304,Muḥammad b. al-Munīr,محمد بن المنير
3305,Muḥammad b. al-Muṣṭafa,محمد بن المصطفى
3307,Muḥammad b. al-Muṣṭafa al-Busātī,محمد المصطفي البصادي
3308,Muḥammad b. al-Muṣṭafa b. Aḥmad Baghayogho,محمد بن المصطفي بن أحمد بغيغ
3309,Muḥammad b. al-Muṣṭafa b. al-Khaīr,محمد بن المصطفي بن الخير
3310,Muḥammad b. al-Mustanīr b. Aḥmad al-Baṣrī,محمد بن المستنير بن أحمد البصري
3312,Muḥammad b. al-Nafzī,محمد بن النفزي
3313,Muḥammad b. al-Nūrī,محمد بن النوري
3314,Muḥammad b. al-Qāḍī,محمد بن القاضي
3315,Muḥammad b. al-Qārī b. `Abd Allāh b. `Alī al-Abyayrī,محمد القاري بن عبد الله بن علي الإبيري
3317,Muḥammad b. al-Qāsim,محمد بن القاسم‏
3318,Muḥammad b. al-Ṣabāgh b. Muḥammad al-Ḥājj al-Kashnāwī al-`Arabī, محمد بن الصباغ بن محمد الحاج الكشناوي العربي
3319,Muḥammad b. al-Ṣiddīq b. al-Dīn al-Arawānī al-Tīnbuktī,محمد بن الصديق بن الدين الأرواني التنبكتي
3321,Muḥammad b. al-Salām  al-Faytūrī,محمد بن السلام الفيتوري
3322,Muḥammad b. al-Sālim b. `Abd Allāh al-Ḥabīb,محمد بن السالم بن عبد الله الحبيب
3323,Muḥammad b. al-Shaykh,محمد بن الشيخ
3324,Muḥammad b. al-Shaykh al-Fughalāwī,محمد بن الشيخ الفغلاوى
3325,Muḥammad b. al-Shaykh b. Abī Bakr al-Jawzī,محمد بن الشيخ بن أبي بكر الجوزي
3326,Muḥammad b. al-Shaykh b. al-`Ālim,محمد بن الشيخ بن العالم
3327,Muḥammad b. al-Shaykh Sīdi A`mar,محمد بن الشيخ سيد أعمر
3329,Muḥammad b. al-Ṭāhir b. Muḥammad,محمد بن الطاهر بن محمد
3330,Muḥammad b. aṭ-Ṭālib `Abd ar-Raḥmān b. Muḥammad b. Aḥmad al-Wālī al-Maḥjūbī,محمد بويا بن الطالب عبد الرحمن بن محمد بن أحمد الولي المحجوبي
3331,Muḥammad b. al-Ṭālib al-Tāwudī,محمد بن الطالب التاودي
3332,Muḥammad b. al-Ṭayib al-Fāsī,محمد بن الطيب الفاسي‏ ‬
3333,Muḥammad b. al-Wāfī,محمد بن الوفي
3334,Muḥammad al-Wālī b. Sulaymān b. Abī Muḥammad al-Fulānī,محمد الولي بن سليمان بن أبي محمد الفلاني
3335,Muḥammad b. al-Wāsi` al-`Awī,محمد بن الواسع العوي
3336,Muḥammad b. Alfā `Alī,محمد بن ألفا علي
3337,Muḥammad b. Alfā b. Sirsīrī,محمد بن ألفا سرسيري
3339,Muḥammad b. Amīn al-Dīn al-Shirāzī,محمد بن أمين الدين الشيرازي‏ ‬
3340,Muḥammaddu b. Amīnu b. al-Farrā' al-Ishugānī (الإشگاني) at-Tandaghī,محمدُّو بن أمينو بن الفراء الإشگاني التندغي
3341,Muḥammad b. Anda-Ag-Muḥammad al-Ṭughūghī,محمد بن اندغمحمد الطغوغي
3342,Muḥammad b. Arduf,محمد بن أردف
3343,Muḥammad b. Awāhu,محمد بن أواه
3344,Muḥammad b. Ayyūb Maygha,محمد بن أيوب ميغ
3346,Muḥammad b. Bāba b. Muḥammad b. `Uthmān b. Bakr,محمد بن بابا بن محمد بن عثمان بن بكر
3347,Muḥammad b. Bād,محمد بن باد
3348,Muḥammad b. Bādī b. Bāy [Muḥammad al-Ṣaghīr] al-Kuntī,محمد بن بادي بن باي [محمد الصغير] الكنتي
3350,Muḥammad b. Bayāh,محمد بن بياه
3351,Muḥammad b. Būba,محمد بن بوب
3352,Muḥammad b. Būkum al-Kumlaylī,محمد بن بوكم الكمليلي
3353,Muḥammad b. Bul'ārāf,محمد بن بولأعراف
3354,Muḥammad b. Dānyāl al-Sūqī,محمد بن دانيال السوقي
3355,Muḥammad b. Dāwud,محمد بن داود
3356,Muḥammad b. Dāwud al-Baladī,محمد بن داود البلدي
3357,Muḥammad b. Dhukūr,محمد بن ذكور
3358,Muḥammad b. Ghāzī,محمد بن غازي
3359,Muḥammad b. Ḥabīb,محمد بن حبيب
3360,Muḥammad b. Ḥabīb Allāh b. al-Mukhtār b. Aḥmadū Shal,محمد بن حبيب الله بن المختار بن أحمد شل
3361,Muḥammad b. Ḥabīb Allāh b. Muḥammad b. al-Ḥājj Ḥabīb,محمد بن حبيب الله بن محمد بن الحاج حبيب
3362,Muḥammad b. Ḥabīb b. Muḥammad b. `Uthmān al-Ṭūrī,محمد بن حبيب بن محمد بن عثمان الطوري
3363,Muḥammad b. Ḥabt,محمد بن حبت
3364,Muḥammad b. Hādī al-Sūqī and Muḥammad al-Ṣaghīr b. A`mar bin Sīdi Muḥammad b. Sīdi al-Mukhtār al-Kuntī,محمد بن حاد السوقي ومحمد الصغير بن أعمر بن سيد محمد بن سيد المختار الكنتي
3365,Muḥammad b. Ḥajar b. `Abd al-`Azīz,محمد بن حجر بن عبد العزيز
3366,Muḥammad b. Ḥamad,محمد بن حمد
3367,Muḥammad b. Ḥaman al-`Alawī,محمد بن حمن العلوي
3368,Muḥammad b. Ḥammād b. Muḥammad al-Amīn al-Maḥfūẓī,محمد بن حماد بن محمد الأمين المحفوظي
3369,Muḥammad b. Ḥammad b. Muḥammad b. Quṭb al-Anṣārī,محمد بن حماد بن محمد بن قطب الأنصاري
3370,Muḥammad b. Ḥanak,محمد بن حنك
3371,Muḥammad b. Ḥārith,محمد بن حارث
3372,Muḥammad b. Ḥarkī,محمد بن حركي
3373,Muḥammad b. Hārwan al-Kinānī,محمد بن هارون الكناني‏ ‬
3374,Muḥammad b. Ḥasām al-Lakhmī,محمد بن حسام اللخمي
3375,Muḥammad b. Ḥasan al-Sammanūdī,محمد بن حسن السَّمَنُّودي‏ ‬
3376,Muḥammad b. Ḥasan al-Zubaydī,محمد بن حسن الزبيدي
3377,Muḥammad b. Ḥmaynā al-Daymānī al-Yadālī,محمد بن حمينا اليدالي الديماني
3378,Muḥammad b. Ḥusayn b. Yūsuf,محمد بن حسين بن‏ ‬يوسف
3379,Muḥammad b. Ibn `Umar,محمد بن ابن عمر
3380,Muḥammad b. Ibrāhīm,محمد بن إبراهيم
3381,Muḥammad b. Ibrāhīm al-Barkannī,محمد بن إبراهيم البركني
3382,Muḥammad b. Ibrāhīm al-Ḥasanī,محمد بن إبراهيم الحساني
3383,Muḥammad b. Ibrāhīm al-Jazarī,محمد بن إبراهيم الجزري
3385,Muḥammad b. Ibrāhīm al-Qādirī al-Suwarī al-Zāghāwī,محمد بن إبراهيم القادري السوري الزاغاوي
3387,Muḥammad b. Ibrāhīm al-Shirāzī,محمد بن إبراهيم المنصوري
3388,Muḥammad b. Ibrāhīm al-Yaqūrī al-Andalusī,محمد بن إبراهيم اليقوري الأندلسي
3389,Muḥammad b. Ibrāhīm Amkaḥūl,محمد بن إبراهيم أمكحول
3390,Muḥammad b. Ibrāhīm b. `Abbād al-Rundī,محمد بن إبراهيم بن عباد الرندي
3391,Muḥammad b. Ibrāhīm b. `Ābid b. aṭ-Ṭāhir b. Aḥmad al-`Arabī al-Kuntī,محمد بن إبراهيم بن عابد بن طاهر بن أحمد العربي الكنتي
3392,Muḥammad b. Ibrāhīm b. `Umar b. Muḥammad Bello b. Alfā Mūsa b. Muḥammad Ṣanba Bāri,محمد بن إبراهيم بن عمر بن محمد بل بن الفي موسي بن محمد صنب بر
3393,Muḥammad b. Ibrāhīm b. A`amar b. al-`Ayyiq,محمد بن إبراهيم بن هعمر بن العيق
3394,Muḥammad b. Ibrāhīm b. Abī Bakr al-Nafzī,محمد بن إبراهيم بن أبي بكر النفزي
3395,Muḥammad Ibrāhīm b. Abbūd al-Kuntī,محمد إبراهيم بن عبود الكنتي
3396,Muḥammad b. Ibrāhīm b. al-Sāmī al-Shāfi`ī,محمد بن إبراهيم بن السامي الشافعي
3398,Muḥammad b. Ibrāhīm b. Khalīl al-Tatā'ī,محمد بن إبراهيم بن خليل التتائي
3400,Muḥammad b. Ibrāhīm b. Muḥammad,محمد بن إبراهيم بن محمد
3401,Muḥammad b. Ibrāhīm b. Muḥammad Aḥmad,محمد بن إبراهيم بن محمد أحمد
3402,Muḥammad b. Ibrāhīm b. Sa`id Allāh, محمد بن إبراهيم بن سعد الله
3403,Muḥammad b. Ibrāhīm b. Yahya al-Anṣarī al-Katabī,محمد بن إبراهيم بن‏ ‬يحيى الأنصاري‏ ‬الكتبي‏ ‬الوطواط
3404,Muḥammad b. Ibrāhīm Silla,محمد بن إبراهيم سل
3406,Muḥammad b. Idrīs al-Shāfi`ī,محمد بن إدريس الشافعي
3407,Muḥammad b. Imām Aḥmad b. Muḥammad al-Kuntī,محمد بن إمام أحمد بن محمد الكنتي
3408,Muḥammad b. Isḥāq,محمد بن إسحاق
3411,Muḥammad b. Ismā`īl b. Ibrāhīm al-Bukhārī,محمد بن إسماعيل بن إبراهيم البخاري
3414,Muḥammad b. Ja`far b. Idrīs al-Ḥasanī al-Kattānī,محمد بن جعفر بن ادريس الحسني الكتاني
3415,Muḥammad b. Jab b. Mālik b. Muḥammad al-Fūtī,محمد بن جب بن مالك بن محمد الفوتي
3416,Muḥammad b. Jābir al-Ghasānī al-Miknāsī,محمد بن جابر الغساني المكناسي
3417,Muḥammad b. Jibrīl b. Idrīs,محمد بن جبريل بن ادريس
3418,Muḥammad b. Juma b. Ḥama,محمد بن جم بن حم
3419,Muḥammad b. Kamāl al-Dīn Muḥammad b. Muḥammad al-Ḥalabī,محمد بن كمال الدين محمد بن محمد الحلبي
3420,Muḥammad b. Kawrad b. Muḥammad Sal,محمد بن كورد بن محمد سل
3421,Muḥammad b. Kay al-Mūritālī,محمد بن كي الموريتالي
3422,Muḥammad b. Khalīfa al-Nabhānī,محمد بن خليفة النبهاني
3423,Muḥammad b. Khalīfa b. `Umar al-Tūnisī al-Washṭaṭī al-Ubbī,محمد بن خليفة بن عمر التونسي الوشطاطي الأبي
3424,Muḥammad b. Khalīl,محمد بن خليل
3425,Muḥammad b. Khalīl b. Abī Bakr,محمد بن خليل بن أبي بكر
3426,Muḥammad b. Khama al-Ghadāmisī,محمد بن خم الغدامسي
3427,Muḥammad b. Khāṭar al-Dīn,محمد بن خاطر الدين
3428,Muḥammad b. Khaṭṭār b. `Umar b. al-Mukhtār,محمد بن خطار بن عمر بن المختار
3429,Muḥammad b. Khiyār,محمد بن خيار
3430,Muḥammad b. La`bayd al-Tūwātī,محمد بن لعبيد التواتي
3432,Muḥammad b. Laḥbīb b. al-Munīr al-`Alawī al-Shinqīṭī,محمد بن لحبيب بن المنير العلوي الشنقيطي
3433,Muḥammad b. Lamūḍ,محمد بن لموض
3434,Muḥammad b. Ma`ma al-Sasandī,محمد بن معمي السسندي
3435,Muḥammad b. Māgha,محمد بن ماغ
3436,Muḥammad b. Māgha b. Muḥammad al-Muṣṭafa,محمد بن ماغ بن محمد المصطفي
3437,Muḥammad b. Maḥanḍ Bāba al-Daymānī,محمد بن محنض باب الديماني
3440,Muḥammad b. Maḥmūd,محمد بن محمود
3441,Muḥammad b. Maḥmūd al-Fūtī,محمد بن محمود الفوتي
3442,Muḥammad b. Maḥmūd al-Rāmī,محمد بن محمود الرامي
3443,Muḥammad b. Maḥmūd b. `Umar b. Muḥammad Aqīt al-Tīnbuktī and Muḥammad b. Maḥmūd Baghayogho and al-Maghīlī,محمد بن محمود بن عمر بن محمد أقيت التنبكتي ومحمد بن محمود بغيغ ومحمد بن عبد الكريم المغيلي
3444,Muḥammad b. Maḥmūd b. Abī Bakr Baghayogho al-Tīnbuktī,محمد بن محمود بن أبي بكر بغيغ التنبكتي
3445,Muḥammad Maḥmud b. Aḥmad Yūra b. Muḥammad Aḥmad b. Maḥmud b. ar-Rabbānī  at-Tandaghī,محمد مَحمود بن أحمَد يورَ بن محمد أحمد بن المحمود بن الرباني التندغي
3446,Muḥammad b. Maḥmūd b. Ḥammāt,محمد بن محمود بن حمات
3447,Muḥammad b. Maḥmūd b. Muḥammad,محمد بن محمود بن محمد
3448,Muḥammad b. Maḥmūd b. Salīma al-Walātī,محمد بن محمود بن سليمة الولاتي
3449,Muḥammad b. Mālik al-Andalusī al-Jayānī al-Dimashqī,محمد بن مالك الأندلسي الجياني الدمشقي
3450,Muḥammad b. Manṣūr, محمد بن منصور
3451,Muḥammad b. Marzūq,محمد بن مرزوق
3452,Muḥammad b. Mas`ūd b. Muḥammad Mas`ūd al-Kāzarūnī,محمد بن مسعود بن محمد مسعود الكازروني
3453,Muḥammad b. Masana b. `Umar al-Kashnāwī,محمد بن مسنة بن عمر الكشناوي
3454,Muḥammad b. Masana b. Nūḥ al-Kashnāwī,محمد بن مسنه بن نوح الكشناوي
3455,Muḥammad b. Miṣnab b. Aḥmad b. al-Mukhtār,محمد بن مصنب بن أحمد بن المختار
3456,Muḥammad b. Mu`ṭī b. `Ali al-Kanawī, محمد بن معطي بن الكنوي 
3459,Muḥammad b. Mūdi aj-Jakanī,محمد بن مود الجكني
3460,Muḥammad b. Mūdību b. `Uthmān,محمد بن مودب بن عثمان
3462,Muḥammad b. Muḥammad,محمد بن محمد
3463,Muḥammad b. Muḥammad (d.1270/1853-4),محمد بن محمد
3464,Muḥammad b. Muḥammad (1305/1887-8),محمد بن محمد
3467,Muḥammad b. Muḥammad (d.1402/1982),محمد بن محمد
3470,Muḥammad b. Muḥammad (Riyyāḍ Kabīr),محمد بن محمد
3471,Muḥammad b. Muḥammad (San Shirfi),محمد بن محمد
3474,Muḥammad b. Muḥammad `Abd Allāh,محمد بن محمد عبد الله
3475,Muḥammad b. Muḥammad `Abd Allāh Ak`am,محمد بن محمد عبد الله أكعم
3476,Muḥammad b. Muḥammad `Abd Allāh b. al-Ḥasan al-Dalīmī,محمد بن محمد عبد الله بن الحسن الدليمي
3477,Muḥammad b. Muḥammad `Āl,محمد بن محمد عال
3478,Muḥammad b. Muḥammad Aḥmad,محمد بن محمد أحمد
3480,Muḥammad b. Muḥammad Aḥmad al-Anṣārī,محمد بن محمد أحمد الأنصاري
3481,Muḥammad b. Muḥammad Aḥmad al-Sīdi `Alī,محمد بن محمد أحمد السيد عالي
3482,Muḥammad b. Muḥammad Aḥmad b. Muḥammad al-Ṭāhir,محمد بن محمد أحمد بن محمد الطاهر
3483,Muḥammad b. Muḥammad al-`Abdarī al-Fāsī,محمد بن محمد العبدري الفاسي
3485,Muḥammad b. Muḥammad al-`Alamī,محمد بن محمد العلمي
3486,Muḥammad b. Muḥamd al-`Idī (Biddīdī) al-Abyayrī,محمد بن محمد العيدي (بديدي) الأبييري
3488,Muḥammad b. Muḥammad al-`Umarī al-Dimashqī,محمد بن محمد العمري الدمشقي
3489,Muḥammad b. Muḥammad al-Amin al-Barnāwī al-Barkawī, محمد بن محمد الأمين البرناوي البركوي
3490,Muḥammad b. Muḥammad al-Amīn al-Sūqī al-Jabihī,محمد بن محمد الأمين السوقي الجبهي
3491,Muḥammad b. Muḥammad al-Amīn al-Sūqī al-Jabihī and Aḥmad al-Arawānī,محمد بن محمد الأمين السوقي الجبهي وأحمد الأرواني
3492,Muḥammad b. Muḥammad al-Amīn al-Alfagha al-Ḥayballī,محمد بن محمد الأمين الألفغي
3493,Muḥammad b. Muḥammad al-Amīn b. Akhyār,محمد بن محمد الأمين بن اخيار
3494,Muḥammad b. Muḥammad al-Amīrī,محمد بن محمد الأميري
3495,Muḥammad b. Muḥammad al-Anbābī,محمد بن محمد الانبابي
3496,Muḥammad b. Muḥammad al-Anṣārī,محمد بن محمد الأنصاري
3497,Muḥammad b. Muḥammad al-Balaylī,محمد بن محمد البليلي
3498,Muḥammad b. Muḥammad al-Barnāwī,محمد بن محمد البرناوي
3499,Muḥammad b. Muḥammad al-Bukhārī b. aṭ-Ṭālib b. Aḥmadu al-Ya`qūbī,محمد بن محمد البخاري اليعقوبي
3500,Muḥammad b. Muḥammad al-Dar`ī al-Tafjarūnī,محمد بن محمد الدرعي التفجروني
3503,Muḥammad b. Muḥammad al-Fanzāwī b. al-Mijrādī al-Salāwī,محمد بن محمد الفنزاوي بن المجرادي السلاوي
3504,Muḥammad b. Muḥammad al-Fulānī,محمد بن محمد الفلاني
3505,Muḥammad b. Muḥammad al-Fulānī al-Kashnāwī,محمد بن محمد الفلاني الكشناوي
3506,Muḥammad b. Muḥammad al-Ghadāmisī,محمد بن محمد الغدامسي
3507,Muḥammad b. Muḥammad al-Ḥajūjī,محمد بن محمد الحجوجي
3508,Muḥammad b. Muḥammad al-Ḥasan,محمد بن محمد الحسن
3509,Muḥammad b. Muḥammad al-Ḥasan al-Anṣārī,محمد بن محمد الحسن الأنصاري
3510,Muḥammad b. Muḥammad al-Ḥasanī,محمد بن محمد الحسني
3511,Muḥammad b. Muḥammad al-Ḥaṭṭāb al-Mālikī,محمد بن محمد الحطاب المالكي
3513,Muḥammad b. Muḥammad al-Isfarāyni,محمد بن محمد الإسفرايني‏
3514,Muḥammad b. Muḥammad al-Jākawī,محمد بن محمد الجاكوي
3515,Muḥammad b. Muḥammad al-Khāṭib,محمد بن محمد الخاطب
3516,Muḥammad b. Muḥammad al-Maghribī al-Balīdī,محمد بن محمد المغربي‏ ‬البليدي
3517,Muḥammad b. Muḥammad al-Māmī [al-Ṃāṃī] b. `Abd Allāh al-Ya`qūbī,محمد بن محمد المامي بن عبد الله اليعقوبي
3518,Muḥammad b. Muḥammad al-Mawlūd,محمد بن محمد المولود
3519,Muḥammad b. Muḥamd al-Mukhtār b. Aḥmad Fāl [Ṿāl] al-`Alawī,محمد بن محمد المختار بن أحمد فال العلوي
3520,Muḥammad b. Muḥammad al-Muṣṭafa al-Idyaydbī,محمد بن محمد المصطفي الإيجيجبي
3521,Muḥammad b. Muḥammad al-Qāḍī,محمد بن محمد القاضي
3522,Muḥammad b. Muḥammad al-Ṣaghīr b. Anbūja al-Tīshītī,محمد بن محمد الصغير بن امْبُوجَ‏ ‬التيشيتي‏ ‬
3525,Muḥammad b. Muḥammad al-Sukūnī,محمد بن محمد السكوني
3526,Muḥammad b. Muḥammad al-Ṭāhir b. al-Najīb,محمد بن محمد الطاهر بن النجيب
3527,Muḥammad b. Muḥammad al-Ṭāhir b. Sīdi `Alī,محمد بن محمد الطاهر بن سيد عالي
3528,Muḥammad b. Muḥammad al-Talmūdī,محمد بن محمد التلمودي
3529,Muḥammad b. Muḥammad al-Talmūdī / Sa`īd al-Talmūdī al-Maghribī,محمد بن محمد التلمودي / سعيد التلمودي المغربي
3530,Muḥammad b. Muḥammad al-Wangarī (al-Wangharī), محمد بن محمد الونكري (الونغري)
3531,Muḥammad b. Muḥammad al-Ya`marī al-Andalusī,محمد بن محمد اليعمري‏ ‬الأندلسي‏ ‬
3533,Muḥammad b. Muḥammad Attalī,محمد بن محمد أتلي
3534,Muḥammad b. Muḥammad b. `Abd Allāh al-`Alawī,محمد بن محمد بن عبد الله العلوي
3537,Muḥammad b. Muḥammad b. `Ām,محمد بن محمد بن عام
3538,Muḥammad b. Muḥammad b. `Arafa al-Warghamī al-Tūnisī,محمد بن محمد بن عرفة الورغمي التونسي
3539,Muḥammad b. Muḥammad b. `Āṣim al-Gharnāṭī,محمد بن محمد بن عاصم الغرناطي
3543,Muḥammad b. Muḥammad b. `Umar al-Māsinī,محمد بن محمد بن عمر الماسني
3544,Muḥammad b. Muḥammad b. Abī Bakr Baghayogho,محمد بن محمد بن أبي بكر بغيغ
3545,Muḥammad b. Muḥammad b. Abī Yakūn b. `Alī b. Abī Sharīf al-Shāfi`ī,محمد بن محمد بن أبي يكون بن علي بن أبي شريف الشافعي
3546,Muḥammad b. Muḥammad b. Aḥmad,محمد بن محمد بن أحمد ‬
3547,Muḥammad b. Muḥammad b. Aḥmad al-Andalusī al-Sāḥlī,محمد بن محمد بن أحمد الأندلسي‏ ‬الساحلي‏
3548,Muḥammad b. Muḥammad b. Aḥmad al-Dar`ī,محمد بن محمد بن أحمد الدرعي
3549,Muḥammad b. Muḥammad b. Aḥmad al-Ghazālī,محمد بن محمد بن أحمد الغزالي
3552,Muḥammad b. Muḥammad b. Aḥmad al-Ghazzāl al-Māridīnī,محمد بن محمد بن أحمد الغزال المارديني
3554,Muḥammad b. Muḥammad b. Muḥammad b. Aḥmad b. al-Ḥasanī ash-Shinqīṭī,محمد بن محمد بن محمد بن أحمد الحسني الشنقيطي
3556,Muḥammad b. Muḥammad b. Aḥmad al-Sanbāwī al-Mālakī,محمد بن محمد بن أحمد السنباوي‏ ‬المالكي‏
3557,Muḥammad b. Muḥammad b. Aḥmad b. `Abd Allāh al-Raḥmanī,محمد بن محمد بن أحمد بن عبد الله الرحمني‏‏
3558,Muḥammad b. Muḥammad b. Aḥmad b. Abī al-Layth,محمد بن محمد بن أحمد بن أبي الليث
3559,Muḥammad b. Muḥammad b. al-Faqīh Muḥammad Kūrī,محمد بن محمد بن الفقيه محمد كوري
3560,Muḥammad b. Muḥammad b. al-Fata al-Būḥubaynī al-Tandaghī,محمد بن محمد بن الفتي البوحبيني التندغي
3561,Muḥammad b. Muḥammad b. al-Ḥasan,محمد بن محمد الثاني بن الحسن
3562,Muḥammad b. Muḥammad b. al-Ḥasan al-`Alawī,محمد بن محمد بن الحسن العلوي
3563,Muḥammad b. Muḥammad b. al-Iytī al-Takrūrī,محمد بن محمد بن الأيتي التكروري
3566,Muḥammad b. Muḥammad b. Dāwūd al-Ṣanhājī b. Ājurrūm, محمد بن محمد بن داود الصنهاجي بن آجروم
3569,Muḥammad b. Muḥammad b. Hābū,محمد بن محمد بن هابو
3570,Muḥammad b. Muḥammad b. Ibrāhīm,محمد بن محمد بن إبراهيم
3571,Muḥammad b. Muḥammad b. Ismā`īl,محمد بن محمد بن إسماعيل
3572,Muḥammad b. Muḥammad b. Jum`a al-Ijalābī al-Sarāwī,محمد بن محمد بن جمعة الإجلابي السراوي
3573,Muḥammad b. Muḥammad b. Maḥam Lawal, محمد بن محمد بن محم لول
3574,Muḥammad b. Muḥammad b. Muḥammad al-Ṣāliḥ al-Sanwānī,محمد بن محمد بن محمد الصالح السنواني
3575,Muḥammad b. Muḥammad b. Muḥammad b. `Alī b. `Uthmān al-Fulānī,محمد بن محمد بن محمد بن علي بن عثمان الفلاني
3577,Muḥammad b. Muḥammad b. Muḥammad Ḥamdūn al-Bannānī,محمد بن محمد بن محمد حمدون البناني
3578,Muḥammad b. Muḥammad b. Sīdi `Uthmān,محمد بن محمد بن سيد عثمان
3579,Muḥammad b. Muḥammad b. Sīdi Sīdi,محمد بن محمد حمن بن سيد سيد
3580,Muḥammad b. Muḥammad b.`Umrān al-Mijrādī,محمد بن محمد بن عمران المجرادي‏
3581,Muḥammad b. Muḥammad Baghayogho b. Muḥammad Kūrudu al-Wangarī,محمد بن محمد بغيغ بن محمد كورد الونكري
3583,Muḥammad b. Muḥammad Bīr al-Arawānī,محمد بن محمد بير الأرواني
3584,Muḥammad b. Muḥammad Buṣubī,محمد بن محمد بصوبي
3585,Muḥammad b. Muḥammad Kulū,محمد بن محمد كلو
3586,Muḥammad b. Muḥammad Sālim b. Muḥammad Sa`īd b. Būs‘īdī al-Majlisī,محمد بن محمد سالم بن محمد سعيد بن بوسيدي المجلسي
3587,Muḥammad b. Muḥammad Sibṭ al-Māridīnī,محمد بن محمد سبط المارديني
3589,Muḥammad b. Muḥammad Ṭālib,محمد بن محمد طالب
3590,Muḥammad b. Muḥammadhan,محمد بن محمذ
3591,Muḥammad b. Muḥammadhan b. Muḥammad al-Ḥasanī,محمد بن محمذن بن محمد الحسني
3592,Muḥammad b. Mūlay `Abd Allāh b. Mūlay Ismā`īl al-`Alawī,محمد بن مولاي عبد الله بن مولاي إسماعيل العلوي
3593,Muḥammad b. Mūsa al-Fūtī,محمد بن موسي الفوتي
3595,Muḥammad b. Mūsa b. `Īsa al-Damīrī,محمد بن موسى بن عيسى الدميري‏
3597,Muḥammad b. Mūsa b. Aḥmad al-Wāḍī,محمد بن موسي بن أحمد الواضي
3598,Muḥammad b. Mūsa b. Ahmayd,محمد بن موسي بن أحميد
3599,Sīdī Muḥammad b. Mūsa b. Ayjjil az-Zaydī at-Tīshītī,سيدي محمد بن موسى بن أيْجلْ الزيدي التيشيتي
3600,Muḥammad b. Mūsa b. Muḥammad al-Bārī al-Barbarī al-Fūtajalī al-Dīndī,محمد بن موسي بن محمد البري البربري الفوتجلي الدندي
3601,Muḥammad b. Mūsa Makal al-Sīnighālī,محمد بن موسي مكل السينغالي
3602,Muḥammad b. Nāṣir al-Dar`ī,محمد بن ناصر الدرعي
3603,Muḥammad b. Nūḥ,محمد بن نوح
3604,Muḥammad b. Qāsim al-Tilimsānī al-Anṣārī,محمد بن قاسم التلمساني الأنصاري
3605,Muḥammad b. Qāsim b. `Alī al-Ghāzī,محمد بن قاسم بن علي الغزي
3606,Muḥammad b. Qāsim b. Aḥmad Jassūs al-Fāsī,محمد بن قاسم بن أحمد جسوس الفاسي
3608,Muḥammad b. Raqād b. A`bayd,محمد بن رقاد بن اعبيد
3609,Muḥammad b. Rashīd al-Ḥanafī al-Rāfi` al-Fāruqī,محمد بن رشيد الحنفي الرافعي الفاروقي
3610,Muḥammad b. Sa`īd,محمد بن سعيد
3614,Muḥammad b. Sa`īd al-Būṣīrī al-Ṣanhājī,محمد بن سعيد البوصيري‏ ‬الصنهاجي
3616,Muḥammad b. Sa`īd al-Hāmī,محمد بن سعيد الحامي
3617,Muḥammad b. Sa`īd al-Jazarī,محمد بن سعيد الجزري
3618,Muḥammad b. Sa`īd al-Saylāwī al-Fūtī,محمد بن سعيد السيلاوي الفوتي
3619,Muḥammad b. Sa`īd al-Shaylawī (sic),محمد بن سعيد الشيلوي (آه)
3621,Muḥammad b. Sa`īd b. Muḥammad al-Marrākushī,محمد بن سعيد بن محمد المراكشي
3624,Muḥammad b. Sa`īd b. Yaḥya al-Sūsī al-Marghitī,محمد بن سعيد بن يحيي السوسي المرغتي
3626,Muḥammad b. Sa`īd K.D. (?),محمد بن سعيد
3627,Muḥammad b. Ṣālah, محمد بن صالـح 
3629,Muḥammad b. Salāma b. Ja`far b. `Alī al-Quḍā`ī,محمد بن سلامة بن جعفر بن علي القضاعي
3631,Muḥammad b. Ṣāliḥ al-Fasal,محمد بن صالح الفسل
3632,Muḥammad b. Sālim al-Ḥafnāwī,محمد بن سالم الحفناوي‏
3633,Muḥammad b. Ṣamba al-Mān,محمد بن صمب المان
3634,Muḥammad b. Shabbu,محمد بن شب
3635,Muḥammad b. Shaqrūn,محمد بن شقرون
3636,Muḥammad b. Sīdi `Abd Allāh,محمد بن سيد عبد الله
3638,Muḥammad b. `Abd Allāh b. Ibrāhīm al-`Alawī,محمد بن عبد الله بن إبراهيم العلوي
3639,Muḥammad b. Sīdi Aḥmad b. aṭ-Ṭālib `Abd Allāh ad-Dāwudī,محمد بن سيد أحمد بن الطالب عبد الله الداودي
3640,Muḥammad b. Sīdi Bubakar b. al-Qāḍī Sīdi al-Wāfī b. al-Qāḍī Sīdi Aḥmad b. Muḥammad Bīr,محمد بن سيد ببكر بن القاضي سيد الوافي بن القاضي سيد أحمد بن محمد بير
3641,Muḥammad b. Sīdi Ḥamma b. Sīdi Muḥammad al-Kuntī,محمد بن سيد حم بن سيد محمد الكنتي
3642,Muḥammad b. Sīdi Ja`far,محمد بن سيد جعفر
3643,Muḥammad b. Sīdi Muḥammad,محمد بن سيد محمد
3645,Muḥammad b. Sīdi Muḥammad al-Ḥasanī,محمد بن سيد محمد الحسني
3646,Muḥammad Ḥabīb Allāh [Ḥabībaḷḷā] b. Māyāba al-Yūsufī aj-Jakanī,محمد حبيب الله بن مايابي اليوسفي الجكني
3648,Muḥammad b. Sīrīn al-Baṣrī,محمد بن سيرين البصري
3651,Muḥammad b. Sulaymān al-Sādhalī,محمد بن سليمان الساذلي
3652,Muḥammad b. Sulaymān al-Shāṭibī,محمد بن سليمان الشاطبي‏ ‬
3653,Muḥammad b. Sulaymān b. Abī Bakr al-Jazūlī al-Taghtīnī al-Simlālī,محمد بن سليمان بن أبي بكر الجزولي التغتيني السملالي
3654,Muḥammad b. Tafsir Maḥmūd b. Ḥammāt Sūlī Nabādhī Wurqī Qirlāwī,محمد بن تفسير محمود بن حمات سولي نباذي ورقي قرلاوي
3655,Muḥammad b. Ṭalaḥa al-Niṣībi al-`Adawī,محمد بن طلحة النصيبي‏ ‬العَدَوي
3657,Muḥammad b. Tayib al-Tūnisī,محمد بن طيبة التونسي
3658,Muḥammad b. Ya`mar,محمد بن يعمر
3659,Muḥammad b. Ya`qūb,محمد بن يعقوب
3660,Muḥammad b. Ya`qūb al-Badkī,محمد بن يعقوب البدكي
3662,Muḥammad b. Ya`qūb al-Firūzābādī,محمد بن‏ ‬يعقوب الفيروزابادي‏
3664,Muḥammad b. Ya`qūb al-Watarī and `Alī Ya`qūb Muḥammad b. Ya`qūb al-Bundūkī and Imām b. al-Hādī Muḥammad b. Ya`qūb al-Bundukī,محمد بن يعقوب الوتري وعلي يعقوب محمد بن يعقوب البندكي وإمام بن الهادي محمد بن يعقوب البندكي
3665,Muḥammad b. Ya`qūb Sānughū,محمد بن يعقوب سانغو
3666,Muḥammad b. Yabūrik b. `Alī al-Mālikī,محمد بن‏ ‬يبورك بن علي‏ ‬المالكي
3667,Muḥammad b. Yaḥya al-Shaybānī al-Ṭarāblusī,محمد بن يحيي الشيباني الطرابلسي
3668,Muḥammad b. Yahya b. `Umar b. Yunis al-Qarāfī,محمد بن‏ ‬يحيى بن عمر بن‏ ‬يونس القرافي‏
3669,Muḥammad Yaḥyā b. Sīdī Muḥammad b. Muḥammad b. Salīma al-Yūnusī al-Walātī al-Dāwudī,محمد يحيى بن سيدي محمد بن محمد بن ساليمه اليونسي الولاتي الداودي
3670,Muḥammad b. Yazīd al-Thumalī al-Azdī,محمد بن يزيد الثملي الازدي
3674,Muḥammad b. Yūsuf al-Ḥasanī al-Sanūsī,محمد بن يوسف الحسني السنوسي
3676,Muḥammad b. Yūsuf al-`Abdarī al-Gharnāṭī,محمد بن يوسف العبدري الغرناطي
3677,Muḥammad b. Yūsuf al-Dimashqī,محمد بن يوسف الدمشقي
3678,Muḥammad b. Yūsuf al-Ghadāmisī,محمد بن يوسف الغدامسي
3679,Muḥammad b. Yūsuf al-Janī,محمد بن‏ ‬يوسف الجني‏ ‬
3680,Muḥammad b. Yūsuf al-Qaramānī al-Rūmī,محمد بن‏ ‬يوسف القَرَماني‏ ‬الرومي‏ ‬
3681,Muḥammad b. Yūsuf al-Shāmī,محمد بن يوسف الشامي
3682,Muḥammad b. Yusuf b. `Alī al-Karmānī,محمد بن‏ ‬يوسف بن علي‏ ‬الكرماني‏
3683,Muḥammad b. Yūsuf b. Ḥayyān al-Andalusī al-Gharnāṭī,محمد بن يوسف ابن حيان الأندلسي الغرناطي
3685,Muḥammad b. Zakūr,محمد بن زكور
3686,Muḥammad b.`Abd al-`Azīz b. al-Warrāq al-Iskandarī,محمد بن عبدالعزيز بن الوراق الإسكندري
3687,Muḥammad b.`Abd Allāh b. Hārūn,محمد بن عبد الله بن هارون
3689,Muḥammad Bāba,محمد باب
3690,Muḥammad Bāba b. Amīr al-Mu'minīn Fādikā,محمد باب بن أمير المؤمنين فادكا
3692,Muḥammad b. Bābā b. Muḥammad al-Amīn b. Ḥabīb b. al-Mukhtār at-Tinbuktī,محمد بن بابا بن محمد الأمين بن حبيب بن المختار التنبكتي
3693,Muḥammad Baghayogho,محمد بغيغ
3694,Muḥammad Baghayogho al-Bukhārī b. al-Suyūṭī,محمد بغيغ البخاري بن السيوطي
3695,Muḥammad Baghayogho b. al-Fagh Banī,محمد بغيغ بن الفغ بني
3696,Muḥammad Bajayd b. al-Nūr,محمد بجيد بن النور
3697,Muḥammad Balān b. Khattār,محمد بلان بن ختار
3699,Muḥammad Balārabī b. `Uthmān,محمد بلاربي بن عثمان
3700,Muḥammad Baqī b. Muḥammad (?),محمد باقي ابن محمد
3702,Muḥammad Bello b. `Uthmān b. Fūdī,محمد بلو بن عثمان بن فودي
3703,Muḥammad Bello b. `Uthmān b. Fūdī and Imām Majd al-Dīn Muḥammad b.Ya`qūb,محمد بلو بن عثمان بن فودي وإمام مجد الدين مجمد بن يعقوب
3704,Muḥammad Bello b. Abī  Bakr al-Qawrī,محمد بل بن أبي بكر القوري
3705,Muḥammad Bello b. Wazīr Sukkutū al-Qādirī,محمد بل بن وزير سكتو القادري
3706,Muḥammad Bīr b. Muḥammad b. Muḥammad Bīr al-Arawānī,محمد بير بن محمد بن محمد بير الأرواني
3707,"Muḥammad Bukhārī , son of the Imām of Sokoto",محمد بخاري
3708,"Muḥammad Bukhārī b. Abu Bakr (?), son of the Imām of Sokoto",محمد البخاري بن ابو بكر (؟)
3709,Muḥammad Bun`āma b. Muḥammad Aknan,محمد بونعامة بن محمد اكنن
3710,Muḥammad Būna b. al-Khalīfa al-Kuntī,محمد بونه بن الخليفه الكنتي
3711,Muḥammad Būya al-Tīnbuktī,محمد بوي التنبكتاوي
3713,Muḥammad Dakarī and Muḥammad b. Bāba `Umar,محمد دكري ومحمد بن بابا عمر
3714,Muḥammad Dan Amū,محمد طن امو
3717,Muḥammad Faḍl Allāh b. Badda al-Jakanī,محمد فضل الله بن بد الجكني
3718,Muḥammad Faḍl b. Aḥmad Dalīl al-Ya`qūbī,محمد فضل بن أحمد دليل اليعقوبي
3719,Muḥammad Fāḍil [Ṿāḍil] b. Muḥummadhun b. Ḥabīb Allāh b. Muḥammad Sa`īd b. `Umar al-Yadālī  b. Ffā al-Yadmusī,محمد فاضل بن افا اليدمسي
3720,Muḥammad Faḍl b. Fadīr al-Sīnighālī,محمد فضل بن فدير السينغالي
3721,Muḥammad Faḍl b. Ḥabīb,محمد فضل بن حبيب
3722,Muḥammad Faḍl b. Killāh al-Tandaghī,محمد فضل بن كلاه التندغي
3724,ash-Shaykh Muḥammad Fāḍil [Ṿāḍil] b. Muḥammad al-Amīn b. aṭ-Ṭālib Akhyār al-Qalqamī,الشيخ محمد فاضل بن محمد الأمين بن الطالب أخيار القلقمي
3727,Muḥammad Faḍl b. Sa`d Būh b. al-Ḥasan b. al-Mukhtār al-Qalqamī,محمد الفضل بن سعد بوه بن الحسن بن المختار القلقمي
3728,Muḥammad Fāl b. `Abd al-Laṭif al-Daymānī,محمد فال بن عبد اللطيف الديماني
3729,Muḥammad Fāl b. `Alī,محمد فال بن علي
3730,Muḥammad Fāl b. `Aynayn,محمد فال بن عينين
3733,Muḥammad Fāl [Ṿāl] b. Aghlāna al-Ghallāwī,محمد فال بن أغلان الغلاوي
3734,Muḥammad Fāl [Ṿāl] b. Aḥmad Fāl [Ṿāl] al-`Alawī,محمد فال بن أحمد فال العلوي
3735,Muḥammad Fāl b. Aḥmad Maḥmūd,محمد فال بن أحمد محمود
3736,Muḥammad Fāl b. al-Mubārak al-Alfagha al-Ḥayballī,محمد فال بن المبارك الفغي
3737,Muḥammad Fāl [Ṿāl] b. Bāba b. Aḥmad Bayba al-`Alawī,محمد فال بن باب بن أحمد بيب العلوي
3738,Muḥammad Fāl b. Ḥmayid,محمد فال بن احميد
3739,Muḥammad Fāl [Ṿāl] b. Muḥummadhun b. Aḥmad b. al-`Āqil ad-Daymānī,محمد فال بن محمذن بن أحمد بن العاقل الديماني
3740,Muḥammad Fāl b. Muḥammadun b. Muḥammad al-Shamshawī,محمد فال بن محمدن بن محمد الشمشوي
3741,Muḥammad Fataḥā b. `Abd al-Waḥīd al-Naẓīfī,محمد فتحا بن عبد الواحد النظيفي
3742,Muḥammad Fūdī al-Mallāwī,محمد فودي الملاوي
3743,Muḥammad Fūdī b. Muḥammad al-Maghīlī,محمد فودي بن محمد المغيلي
3744,Muḥammad Ghaylān al-Wazzānī,محمد غيلان الوزاني
3745,Muḥammad Ghibrīma b. Muḥammad,محمد غبريم بن محمد
3747,Muḥammad Ḥabīb b. `Abd Allāh,محمد حبيب بن عبد الله
3748,Muḥammad Ḥabīb b. Ṭayyib Sāmunāka,محمد الحبيب بن طيب سامناك
3749,Muḥammad Hādī al-Jawwāb al-Muqaym,محمد هادي الجواب المقيم
3750,Muḥammad Ḥamīd al-Fiqī,محمد حامد الفقي
3752,Muḥammad Ḥammāh Allāh al-Sharbāṭī,محمد حماه الله الشرباطي
3753,Muḥammad b. Himā Allāh b. al-Imām ash-Sharbāṭī,محمد بن حماه الله بن الأمام الشرباطي
3754,Muḥammad Ḥaqqī b. `Alī b. Ibrāhīm al-Nāzilī,محمد حقي بن علي بن إبراهيم النازلي
3755,Muḥammad Ḥijāzī Sha`rāwī,محمد حجازي شعراوي
3757,Muḥammad Ibrāhīm `Izzat al-Falakī,محمد إبراهيم عزت الفلكي
3758,Muḥammad Ibrāhīm al-Sha`rānī al-Andalusī,محمد إبراهيم الشعراني الأندلسي
3759,Muḥammad Ibrāhīm b. al-Qāḍī Ḥama al-Sīdi `Alī,محمد إبراهيم بن القاضي حمي السيد عالي
3760,Muḥammad Ibrāhīm b. Ḥama al-Sayid `Alī,محمد إبراهيم بن حمي السيد عالي
3761,Muḥammad Ibrāhīm b. Muḥammad al-Muṣṭafa,محمد إبراهيم بن محمد المصطفي
3763,Muḥammad Inūwa,محمد إنوا
3764,Muḥammad Jībū b. Muḥammad b. `Uthmān al-Ṭūrī,محمد جيبو بن محمد بن عثمان التوري
3765,Muḥammad Jiddu / Sīdi Muḥammad Ibnu al-Kūrī,محمد جد / سيد محمد ابن الكوري
3766,Muḥammad Jiūb (Diop),محمد جوب
3767,Muḥammad Kānata b. Aḥmad,محمد كانت بن أحمد
3768,Muḥammad Karamkarā,محمد كرمكرا
3769,Muḥammad Khalīl (...),محمد خليل
3770,Muḥammad Khaṭārī b. Ḥamādī b. Aḥmad al-Bakkā`ī al-Kuntī,محمد خطاري بن حمادي بن أحمد البكائي الكنتي
3771,Muḥammad Khayr b. Akhyār,محمد خير بن أخيار
3772,Muḥammad Kurudu (cf. Muḥammad b. Muḥammad Baghayogho b. Muḥammad Kurudu),محمد كرد (محمد بن محمد بغايوغو بن محمد كرد ؟ )
3773,Muḥammad Kwasaū b  `Uthmān Yero b. `Abd Allāh al-Zakzakī,محمد كوسو بن عثمان بن عبد الله الزكزكي
3774,Muḥammad Labāt al-Mūrītānī,محمد لبات الموريتاني
3775,Muḥammad Lisān al-Dīnī,محمد لسان الديني
3776,Muḥammad Māgha,محمد ماغ
3777,Muḥammad Māḥ Kanbarāwā Qūrānmūda,محمد ماح كنبراوا قورانمود
3778,Muḥammad Maḥmūd,محمد محمود
3779,Muḥammad Maḥmūd al-Najjār,محمد محمود النجار
3780,Muḥammad Maḥmūd al-Ṣaḥrāwī,محمد محمود الصحراوي
3781,Muḥammad Maḥmūd b. `Abd al-Fattāh b. Aḥmad b. al-Fāllī [Ṿāl/al-Vāḷḷi] al-Abyayrī,محمد محمود بن عبد الفتاح بن أحمد بن الفال الأبييري
3782,Muḥammad Maḥmūd b. `Abd ar-Raḥmān b. aṭ-Ṭālib Aḥmad al-Kuntī,محمد محمود بن عبد الرحمن بن الطالب أحمد الكنتي
3783,Muḥammad Maḥmūd b. Abī Bakr,محمد محمود بن أبي بكر
3784,Muḥammad Maḥmūd b. Aḥmad,محمد محمود بن أحماد
3785,Muḥammad Maḥmūd b. ash-Shaykh al-Ḥasanī,محمد محمود بن الشيخ الحسني
3786,Muḥammad Maḥmūd b. Aḥmadhayya al-Ḥasanī,محمد محمود بن أحمذيَّه الحسني
3787,Muḥammad Maḥmūd b. Akram Daḥmūd al-Majlisī,محمد محمود بن أكرم دحمود المجلسي
3788,Muḥammad Maḥmūd b. al-Ḥājj Aḥmad al-Qalqamī,محمد محمود بن الحاج أحمد القلقمي
3789,Muḥammad Maḥmūd b. al-Lallā al-Ya`qūbī,محمد محمود بن الللا اليعقوبي
3790,Muḥammad Maḥmūd b. al-Mukhtār b. `Andālla,محمد محمود بن المختار بن عندال
3791,Muḥammad Maḥmūd b. al-Qāsim al-Nāṣirī,محمد محمود بن القاسم الناصري
3793,Muḥammad Maḥmūd b. al-Shaykh al-Arawānī,محمد محمود بن الشيخ الأرواني
3794,Muḥammad Maḥmūd b. al-Ṭālib Ibrāhīm,محمد محمود بن الطالب إبراهيم
3795,Muḥammad Maḥmūd b. al-Turrākh (?),محمد محمود بن التراخ (?)
3797,Muḥammad Maḥmūd b. Ḥabīb Allāh [Ḥabībaḷḷā] b. al-Qāḍī al-Idyaydbī,محمد محمود بن حبيب الله بن القاضي الإديجبي
3798,Muḥammad Maḥmūd b. Sīdi al-Maḥjūb al-Shinqīṭī,محمد محمود بن سيد المحجوب الشنقيطي
3799,Muḥammad Maḥmūd b. Yidādda al-Ḥasanī,محمد محمود بن يداده الحسني
3800,Muḥammad Maina b. al-Qāsim b. al-Ṭāhir,محمد مينه بن القاسم بن الطاهر
3801,Muḥammad Mamma al-Ghadāmisī,محمد مم الغدامسي
3803,Muḥammad Marḥabā b. Muḥammad al-Mun`im b. Ibrāhīm,محمد مرحبا بن محمد المنعم بن إبراهيم
3805,Muḥammad Maṣlaḥ al-Dīn al-Lārrī al-Anṣarī,محمد مصلح الدين اللاري‏ ‬الأنصاري‏ ‬
3806,Muḥammad Mawlūd b. `Uthmān al-Wa`karī al-Farmūkī,محمد مولود بن عثمان الوعكري الفرموكي
3808,Muḥammad Mawlūd b. Aghshummamt al-Majlisī,محمد مولود بن أغشممت المجلسي
3809,Muḥammad Mawlūd b. Aḥmad Fāl [Ṿāl] al-Mūsawī al-Ya`qūbī,محمد مولود بن أحمد فال اليعقوبي الموسوي
3811,Muḥammad Mawlūd b. an-Nāhī al-Ya`qūbī (waṭanan),محمد مولود بن الناهي اليعقوبي
3812,Muḥammad Mawlūd b. al-Qāḍī Muḥammad al-Mukhtār,محمد مولود بن القاضي محمد المختار
3813,Muḥammad Mawlūd b. Ḥabīb Allāh b. Aḥmad b. Lafzīl,محمد مولود بن حبيب الله بن أحمد بن لفظيل
3814,Muḥammad Maykā al-Sankurī (Sanhūrī),محمد ميكا السنكري (سنهوري‏)
3815,Muḥammad Mbārik b. Amāna Allāh,محمد امبارك بن أمانة الله
3816,Muḥammad Mū'min b. Muḥammad al-Qāsim al-Jazā'irī al-Shirāzī,محمد مؤمن بن محمد قاسم الجزائري‏ ‬الشيرازي‏
3817,Muḥammad Mudi b. Salah al-Dīn al-Dūtuwī, محمد مودي بن صلاح الدين الدوتوي
3818,Muḥammad Muḥammad al-Ḥarīrī,محمد محمد الحريري
3819,Muḥammad Muḥammad b. al-Shaykh Sīdi `Alī `Abd al-`Azīz,محمد محمد بن الشيخ سيد علي عبد العزيز
3820,Muḥammad Mukhtār b. `Abd al-`Azīz,محمد مختار بن عبد العزيز
3821,Muḥammad Mukhtār b. Maḥanḍ,محمد مختار بن محنض
3822,Muḥammad Muntaqa,محمد منتقي
3823,Muḥammad Mūsa b. `Abd Allāh,محمد موسي بن عبد الله
3824,Muḥammad Mūsa b. `Īsa,محمد موسي بن عيسي
3825,Muḥammad Mūsa b. 'Ajī al-Tāshidbītī,محمد موسي بن آجي التاشدبيتي
3826,Muḥammad Mūsā b. Muḥammad al-Māmī [al-Ṃāṃī] al-Ya`qūbī,محمد موسي بن محمد المامي اليعقوبي
3827,Muḥammad Muṣṭafa b. `Alī,محمد مصطفي بن علي
3828,Muḥammad Nā Allāh b. Aḥmad b. al-Imām Aḥmad al-Sharīf,محمد نالله بن أحمد بن الإمام أحمد الشريف
3829,Muḥammad Namī Ghanj,محمد نمي غنج
3830,Muḥammad Nad b. Aḥmad b. al-Imām Aḥmad,محمد نض بن أحمد بن الإمام أحمد
3831,Muḥammad Nāfūk,محمد نافوك
3832,Muḥammad Naghrab,محمد نغرب
3833,Muḥammad Nājim b. Muḥammad al-Mukhtār al-Walātī,محمد ناجم بن محمد المختار الولاتي
3834,Muḥammad Nājim b. Muḥammad Ṣāliḥ al-Tūwātī,محمد ناجم بن محمد صالح التواتي
3835,Muḥammad Nata'ālī,محمد نتعالي
3836,Muḥammad Nawawī b. `Uthmān b. al-`Arabī al-Jāwī,محمد نووي بن عثمان بن العربي الجاوي
3837,Muḥammad Nūr Muḥammad,محمد نور محمد
3838,Muḥammad Qani b.`Alī al-Ghusawī al-Kanawī al-Tījānī,محمد قن بن علي الغسوي
3839,Muḥammad Qūra Namūda,محمد قور نمود
3841,Muḥammad Rābi` Ibrāhīm Ya`qūb,محمد رابع إبراهيم يعقوب
3842,Muḥammad Rāji b. `Ālī,محمد راج بن عالي
3843,Muḥammad Sa`īd al-`Ayyāshī,محمد سعيد العياشي
3844,Muḥammad Sa`īd b. Muḥammad Gidādu,محمد سعيد بن محمد كداد
3845,Muḥammad Sa`īd b. Ṣāliḥ,محمد سعيد بن صالح
3846,Muḥammad Sa`īd Jaytighīkī [Dyula: house owner],محمد سعيد جيتغيكى
3847,Muḥammad Ṣafyyu Allāh b. Aḥmad Zarūq b. al-Faqīh `Ubayd Allāh,محمد صفي الله بن أحمد زروق بن الفقيه عبيد الله
3848,Muḥammad Salaghā b. `Umar b. Muḥammad Jārī al-Kashnāwī,محمد سلغي بن عمر بن محمد حاري الكشناوي
3849,Ṣāliḥ b. `Abd al-Wahhāb an-Nāṣirī,صالح بن عبد الوهاب الناصري
3851,Muḥammad Ṣāliḥ b. Aḥmad b. Muḥammad al-Qārī b. al-Shaykh al-Sūqī,محمد صالح بن أحمد بن محمد القاري بن الشيخ السوقي
3852,Muḥammad Ṣāliḥ b. Muḥammad al-Muṣṭafa,محمد صالح بن محمد المصطفي
3853,Muḥammad Sālim b. `Abd al-Wadūd al-Mubārakī al-Shamshawī,محمد سالم بن عبد الودود المباركي الشمشوي
3854,Muḥammad Sālim b. `Abd Allāh b. Laḥbīb al-Yūnusī,محمد سالم بن عبد الله بن لحبيب اليونسي
3857,Muḥammad Sālim b. al-Sālik al-Ḥājī,محمد سالم بن السالك الحاجي
3858,Muḥammad Sālim b. al-Shīn al-Ḥasanī al-Dakūjī,محمد سالم بن الشين الحسني الدكوجي
3860,Muḥammad Sālim b. Bittiyya at-Tandaghī,محمد سالم بن بتيه التندغي
3861,Muḥammad Sālim b. Muḥammad al-Māmī [al-Ṃāṃī] al-Ya`qūbī,محمد سالم بن محمد المامي اليعقوبي
3862,Muḥammad Sālim b. Zaydān b. Khūyā al-Alfagha al-Ḥayballī,محمد سالم بن زيدان بن خويا الالفغي
3863,Muḥammad Sambū b. Mūdibū Aḥmad b. Mujaylī al-Fallātī,محمد سمبو بن مودبو أحمد بن موجيلي الفلاتي
3864,Muḥammad Sanba al-Fulānī al-Māsinī,محمد سنب الفلاني الماسني
3865,Muḥammad Sīdi,محمد سيد
3866,Muḥammad Sulaymān,محمد سليمان
3867,Muḥammad Sulaymān b. `Abd Rabih, محمد سليمان بن عبد ربه
3872,Muḥammad Ṭāhir b. Ibrāhīm al-Fulāni al-Barnāwī, محمد طاهر بن إبراهيم الفلاتى البرناوي  
3874,Muḥammad Taqī Allāh b. ash-Shaykh Ma' al-Aynayn al-Qalqamī,محمد تقي الله بن الشيخ ماء العينين القلقمي
3875,Muḥammad Tāsi`u b. Imām Jibiya al-Kashnāwī,محمد تاسع بن إمام جبية الكشناوي
3876,Muḥammad Ṭāwū b. Muḥammad al-Qāḍī Aḥmad,محمد طاو بن محمد القاضي أحمد
3877,Muḥammad Thālith b. Aḥmad Dan Ruwān Tsaya-Kasai al-Kanawī,محمد ثالث بن أحمد بن روان تسي كسي الكنوي
3878,Muḥammad Thānī (Sanī) b. Abī Bakr b. Yaḥya Balalū,محمد ثاني بن أبي بكر ابن يحيى بللو
3879,Muḥammad Thānī Abd `Allāh,محمد ثانى عبد الله
3880,Muḥammad Thānī Mandawarī,محمد ثاني مندوري
3881,Muḥammad Tukur b. Muḥammad al-Fallātī,محمد تكر بن محمد الفلاتي
3882,Muḥammad Wālī Allāh,محمد ولي الله
3883,Muḥammad Wangara b. al-Zubayr,محمد ونكر بن الزبير
3884,Muḥammad Y.L.,محمد ي.ل.
3885,Muḥammad Ya`īsh b. Muḥammad,محمد يعيش بن محمد
3886,Muḥammad Ya`qūb b. Aḥmad Mawlūd b. al-Ṭālib Muḥammad al-Muhajirā al-Za`aymī,محمد يعقوب بن أحمد مولود بن الطالب محمد المهاجري الزعيمي
3887,Muḥammad Yaḥya,محمد يحيي
3888,Muḥammad Yaḥya al-Sūqī,محمد يحيي السوقي
3890,Muḥammad Yaḥya b. Abūh al-Ya`qūbī,محمد يحيي بن أبوه اليعقوبي
3891,Muḥammad Yaḥya b. Aḥmad Sannād al-Ya`qūbī,محمد يحيي بن أحمد سناد اليعقوبي
3892,Muḥammad Yaḥya b. al-Amīn b. Sīdi al-Mūlāy,محمد يحيي بن الأمين بن سيد المولاي
3893,Muḥammad Yaḥya b. Sīdī Aḥmad al-Majlisī,محمد يحيى بن سيدي أحمد المجلسي
3894,Muḥammad Yaḥya b. Maḥmūd al-Ḥasan,محمد يحيي بن محمود الحسن
3895,Muḥammad Yaḥya b. Magāhī al-Ya`qūbī,محمد يحيي بن مگاهي اليعقوبي
3897,Muḥammad Yaḥya b. Muḥammad al-Amīn b. Bbūh al-Ya`qūbī,محمد يحيي بن محمد الأمين بن أبيه اليعقوبي
3898,Muḥammad Yaḥya b. Muḥammad al-Danja al-Tandaghī and Muḥammad b. Muḥammadhan Fāl al-Tandaghī,محمد يحيي بن محمد الدنج التندغي ومحمد بن محمذ فال التندغي
3899,Muḥammad Yaḥya b. Muḥammad al-Māmī [al-Ṃāṃī] al-Ya`qūbī,محمد يحيي بن محمد المامي اليعقوبي
3900,Muḥammad Yaḥya b. Muḥammad al-Mukhtār ad-Dāwudī al-`Allūshī,محمد يحيى بن محمد المختار الداودي العلوشي
3901,Muḥammad Yaḥya b. Muḥammad al-Mukhtār b. al-Ṭālib `Abd Allāh al-Nifā`,محمد يحي بن محمد المختار بن الطالب عبد الله النفاع
3903,Muḥammad Yaḥya b. Muḥammad Sālim b. Muḥammad al-Mukhtār al-Walātī,محمد يحيي بن محمد سليم بن محمد المختار الولاتي
3904,Muḥammad Yaḥya b. Muhammd Sālim al-Ni`māwī,محمد يحيي بن محمد سليم النعماوي
3905,Muḥammad Yaḥya b. Salīma al-Walātī,محمد يحيي سليمة الولاتي
3906,Muḥammad Yislim (يسلم) b. Maylūd al-Idyaydbī,محمد يسلم بن ميلود الإديجبي
3907,Muḥammad Yūsuf,محمد يوسف
3908,Muḥammad Zayn al-`Ābidīn b. Muḥammad `Alī al-Jubahī,محمد زين العابدين بن محمد عالي الجبهي
3909,Muḥammad Zayyān b. Muḥammad al-Mā'mūn b. Ṭālib `Abd al-Raḥmān al-Tūwātī,محمد زيان بن محمد المأمون بن طالب عبد الرحمان التواتي
3910,Muḥammadan b. Abī al-Ḥasanī,محمدن بن أبي الحسني
3913,Muḥammaddin b. Muḥummadhun Fāl [Ṿāl] (Yaḥyā) b. Aḥmaddu Fāl [Ṿāl] al-Arba`īnī at-Tandaghī,محمدن بن محمذن فال بن أحمدو فال الأربعيني التندغي
3914,Muḥammad b. al-Maḥbūbī b. al-Mukhtār b. Muḥummadhun al-Yadālī,محمد بن المحبوبي بن المختار بن محمذن اليدالي
3915,Muḥammaddin b. Muḥammad `Abd Allāh al-Ya`qūbī al-Shamshawī,محمدن بن محمد عبد الله اليعقوبي الشمشوي
3916,Muḥammadan b. Muḥammadu b. Ḥabīb al-Raḥmān al-Tandaghī,محمدن بن محمدو بن حبيب الرحمان التندغي
3917,Muḥammaddū,محمدو
3918,Muḥammaddū `Īsa b. Abī al-Ḥasanī,محمدو عيسي بن أبي الحسني
3920,Muḥammaddū an-Nānna b. al-Mu`allā al-Āgdāshī al-Ḥasanī,محمدو النانة بن المعلى الأكداشي الحسني
3921,Muḥammaddu as-Sālim b. ash-Shayn al-Idakwūdyī (nisba) al-Ḥasanī (watan),محمدو السالم بن الشين الإدكودي نسبا الحسني وطنا
3922,Muḥammaddū b. `Abd Allāh al-Kinānī,محمدو بن عبد الله الكناني
3924,Muḥammaddu b. Ḥāmmī al-Yadālī,محمدو بن حامي اليدالي
3925,Muḥammaddu b. Ḥanbal b. al-Fāḍil [Ṿāḍil] al-Āgdāshī al-Ḥasanī,محمدو بن حنبل بن الفاضل الأگداشي الحسني
3926,Muḥammaddū b. Muḥammad al-Nābigha al-Ḥasanī,محمدو بن محمد النابغة الحسني
3927,Muḥammaddū b. Muḥammad Maḥama Lawal, محمدو بن محمد بن محم لول
3928,Muḥammaddu Ḥāmid b. `Abd Allāh b. Allā al-Āgdāshī al-Ḥasanī,محمدو حامد بن عبد الله بن آلا الأكداشي الحسني
3929,Muḥammaddū Muntaka al-Kūmāsī,محمدو منتقى كوماساوى
3930,Muḥammadhan b. `Abd Allāh b. al-Tam,محمذن بن عبد الله بن التام
3931,al-Mukhtār b. Ḥamīdun ad-Daymānī,المختار بن حامدن الديماني
3932,Muḥummadhun b. al-Hāshimī b. al-Amīn al-Yadmusī,محمذن بن الهاشمي بن الأمين اليدمسي
3933,Muḥummadhun b. al-Mukhtār b. Atfagha [Atshfagha] Mūsā al-Ya`qūbī,محمذن بن المختار بن أتفغ اليعقوبي الموسى
3935,Muḥammadhan b. Ḥabīb Allāh al-Ya`qūbī,محمذن بن حب الله اليعقوبي
3936,Muḥummadhun b. Muḥammad Fāl [Ṿāl] ad-Daymānī,محمذن بن محمد فال الديماني
3937,Muḥammadhan b. Shaykhuna,محمذن بن شيخنا
3938,Muḥammadhan Bāba b. Muḥammad Mukhtār b. `Abdal b. al-Amīn b. al-Mukhtār b. Alfāgha Mūsa al-Ya`qūbī,محمذ باب بن محمد مختار بن عبدال بن الأمين بن المختار بن الفغ موسي اليعقوبي
3939,Muḥammadhan Fāl b. `Abd Allāh b. Bufurr,محمذن فال بن عبد الله بن بوفر
3940,Muḥummadhun Fāl [Ṿāl] b. Aḥmaddu Fāl [Ṿāl] at-Tandaghī,محمذن فال بن أحمدُّ فال التندغي الأربعيني
3941,Muḥammadhan Fāl b. al-Makkī al-Majlisī,محمذن فال بن المكي المجلسي
3942,Muḥummadhun Fāl [Ṿāl] b. Muttālī al-Agdabījī (الأگدبيجي) at-Tandaghī,محمذن فال بن متالي الأگدبيجي التندغي
3944,Muḥammadhan Fāl b. Sulaymān,محمذن فال بن سليمان
3945,Muḥammadhan Walad b. Ḥabīb Allāh b. Muḥammadhan b. Ahbib,محمذن والد بن حبيب الله بن محمذ بن احبيب
3946,Muḥammaddū b. al-Imām Aḥmad at-Tīshītī,محمدُّو بن الإمام أحمد التيشيتي
3947,Muhktār b. Muḥammad Faḍl b. Khayyar,مختار بن محمد فضل بن خيار
3948,Muḥyī al-Dīn Abī Muḥammad Abd al-Qādir b. Mūsa,محى الدين ابى محمد عبد القادر بن موسى
3949,Mukhtār,مختار
3950,Mukhtār al-Ja`farī al-Hāshimī,مختار الجعفري الهاشمي
3951,Mukhtār al-Maḥasan b. Sīdi al-Mukhtār,مختار المحسن بن سيدي المختار
3952,Mukhtār al-Sālim b. `Abd al-Raḥmān,مختار السالم بن عبد الرحمان
3953,Mukhtār al-Sālim b. al-`Abbās al-Mālikī,مختار السالم بن العباس المالكي
3954,Mukhtār al-Sālim b. Sīdi Aḥmad,مختار السالم بن سيد أحمد
3955,Mukhtār al-Shinqīṭī,مختار الشنجيطي
3956,Mukhtār b. `Abd al-Jalil,مختار بن عبد الجليل
3957,Mukhtār b. `Abd al-Qādir b. Judu al-`Umarī,مختار بن عبد القادر بن جود العمري
3958,Mukhtār b. `Abd Allāh al-Ḥasanī,مختار بن عبد الله الحسني
3960,Sīdī al-Mukhtār b. aṭ-Ṭālib A`lī b. ash-Shawwāf al-Gulālī aj-Jakanī,سيدي المختار بن الطالب اعْلِي بن الشواف الگلالي الجكني
3961,Mukhtār b. `Umar b. Aḥmad al-Raqqādī,مختار بن عمر بن أحمد الرقادي
3962,Mukhtār b. Abī Bakr b. Sa`īd Kanata,مختار بن أبي بكر بن سعيد كانتة
3963,Mukhtār b. Aḥmad,مختار بن أحمد
3964,Mukhtār b. Aḥmad al-Tūwātī,مختار بن أحمد التواتي
3965,Mukhtār b. Aḥmad b. Muḥammad al-Amīn b. al-Ḥājj al-Ghallāwī,مختار بن أحمد بن محمد الأمين بن الحاج الغلاوي
3966,Mukhtār b. Aḥmad b. Mukhtār b. Swayd Aḥmad al-Idaw`īshī,مختار بن أحمد بن مختار بن أسويد أحمد
3968,Mukhtār b. Aḥmad Maḥmūd al-Jakanī al-Būtilimītī,مختار بن أحمد محمود الجكني البوتلميتي
3970,Mukhtār b. Aḥmadū b. al-Ḥasan,مختار بن أحمدو بن الحسن
3971,Mukhtār b. Ahmaydat,مختار بن أحميدات
3972,Mukhtār b. Akhtyra,مختار بن اختير
3973,Mukhtār b. al-Amīn,مختار بن الأمين
3974,Mukhtār b. al-Faḍl,مختار بن الفضل
3975,Mukhtār b. al-Khalif,مختار بن الخلف
3976,Mukhtār b. al-Khalīfa,مختار ابن الخليف
3977,al-Mukhtār b. al-Maḥbūbī al-Yadālī,المختار بن المحبوبي اليدالي
3978,Mukhtār b. al-Mukhtār,مختار بن المختار
3979,Mukhtār b. al-Ṣūfī,مختار بن الصوفي
3980,Mukhtār b. al-Ṭālib `Abd Allāh al-Walātī,مختار بن الطالب عبد الله الولاتي
3981,al-Mukhtār b. Alummā al-Yadālī,المختار بن الما اليدالي
3982,Mukhtār b. Anjubnān,مختار بن انجبنان
3983,al-Mukhtār b. Bāba b. Ḥamdī al-Ḥājī,المختار بن بابه بن حمدي الحاجي
3984,al-Mukhtār b. Baybāt al-Yadālī,المختار بن بيبات اليدالي
3985,al-Mukhtār b. Blūl al-Ḥājī,المختار بن ابلول الحاجي
3987,al-Mukhtār b. Būna aj-Jakanī,المختار بن بُونَا الجكَنِي
3988,Mukhtār b. Fāl b. Aydah,مختار بن فال بن أيداه
3989,al-Mukhtār b. Ḥabīb Allāh al-Qulayb [Ligḷayb] as-Sbā`ī,المختار بن حبيب الله القليب السباعي
3990,Mukhtār b. Ḥāmid,مختار بن حامد
3991,Mukhtār b. Ḥāmidun b. Muḥammadhan al-Daymānī,مختار بن حامدن بن محمذن الديماني
3992,Mukhtār b. Ḥawyā,مختار بن حويا
3995,Mukhtār b. Ismā`īl b. Wadī`at Allāh al-Māsinī al-Fulānī,مختار بن إسماعيل بن وديعة الله الماسيني الفلاني
3996,al-Mukhtār b. Djangī b. Ghālī b. al-Fāḍil [Ṿāḍil] al-Yadālī,المختار بن جنگي بن غالي بن الفاضل اليدالي
3997,Mukhtār b. Muḥammad,مختار بن محمد
3998,Mukhtār b. Muḥammad Aḥmad Bāba,مختار بن محمد أحمد باب
3999,Mukhtār b. Muḥammad al-Ṭāhir b. `Alī b. al-Najīb,مختار بن محمد الطاهر بن علي بن الناجب
4000,Mukhtār b. Muḥammad b. Aḥmad al-Bakkā`ī al-Kuntī,مختار بن محمد بن أحمد البكائي الكنتي
4001,al-Mukhtār b. Muḥammad b. Aḥmad b. Sālim b. `Alī al-Abhamī ad-Daymānī,المختار بن محمد بن أحمد بن سالم بن علي الأبُهميِّ الدَّيماني
4002,Mukhtār b. Muḥammad b. al-Mukhtār b. Aḥmad,مختار بن محمد بن المختار بن أحمد
4003,Mukhtār b. Muḥammad b. Maḥmūd b. Maylud,مختار بن محمد محمود بن ميلود
4005,Mukhtār b. Muḥammad Bāba b. Aḥmad,مختار بن محمد باب بن أحمد
4006,al-Mukhtār b. Muḥammad Mbārik b. Slaymān ad-Daymānī,المختار بن محمد امْبَارِك بن سليمان الديماني
4007,al-Mukhtār b. Muḥummadhun b. Aghlambīnt ad-Daymānī,االمختار بن محمذن بن أغلمينت الديماني
4008,al-Mukhtār b. Nda`kūrī (sic) [اندعكوري] al-Ḥājī,المختار بن اندعكوري (كذا) الحاجي
4009,Mukhtār b. Sīdi Muḥammad,مختار بن سيد محمد
4011,Mukhtār b. Wadī`at Allāh al-Māsinī al-Fulānī,مختار بن وديعة الله الماسيني الفلاني
4012,al-Mukhtār Fāl [Ṿāl] b. Ibrāhīm Fāl [Ṿāl] b. Mkhayṭīr al-Barkannī,المختار فال بن إبراهيم فال بن امخيطير البركني
4013,Mukhtār Jiūb [Diop],مختار جوب
4014,al-Mukhtār as-Sālim b. `Alīyyin al-Mālikī at-Tandaghī,المختار السالم بن علين المالكي التندغي
4015,Mūlāy `Abd al-Qādir b. Muḥammad al-Sanūsī,مولاي عبد القادر بن محمد السنوسي
4016,Mūlāy `Abd Allāh b. `Alī b. Ṭāhir,مولاي عبد الله بن علي ابن طاهر
4017,Mūlāy `Alī b. Sīdi Zayan al-Ḥasanī,مولاي عالي بن سيد زيان الحسني
4018,Mūlāy A`l b. Mūlāy `Abd al-Salām,مولاي أعل بن مولاي عبد السلام
4019,Mūlāy Aḥmad al-`Azīzan al-Sharīf,مولاي أحمد العزيزان الشريف
4020,Mūlāy Aḥmad b. Bāba Bir,مولاي أحمد بن باب بير
4021,Mūlāy Aḥmad b. Babir al-Arawānī,مولاي أحمد بن بابير الأرواني
4022,Mūlāy Aḥmad b. Mūlāy `Abd Allāh b. Mūlāy Muḥammad b. al-Waḥīd al-Bārīshī al-Tūwātī,مولاي أحمد بن مولاي عبد الله بن مولاي محمد بن الواحد البريشي التواتي
4023,Mūlay Aḥmad b. Mūlāy al-Bashīr al-Ḥasanī,مولاي أحمد بن مولاي البشير الحسني
4024,Mūlāy Aḥmad b. Mūlāy Mḥammad al-Sharīf al-Tīshītī,مولاي أحمد بن مولاي امحمد الشريف التيشيتي
4026,Mūlāy al-`Arabī b. Mūlāy Hāshim al-Arawānī,مولاي العربي بن مولاي هاشم الأرواني
4027,Mūlāy al-Bukhārī b. Mūlāy `Abd al-Raḥmān,مولاي البخاري بن مولاي عبد الرحمان
4028,Mūlāy al-Ḥasan b. `Abd Allāh b. A`al b. al-Ṭāhir and Ibn al-Barakāt al-`Awsī,مولاي الحسن بن عبد الله بن أعل بن الطاهر وابن البركات العوسي
4029,Mūlāy al-Qāsim b. Mūlāy Sulaymān,مولاي القاسم بن مولاي سليمان
4030,Mūlāy al-Sa`ayd b. Mūlāy `Abd Allāh,مولاي السعيد بن مولاي عبد الله
4031,Mūlāy al-Walīd b. Aḥmad Zarrūq al-Bannānī al-Fāsī,مولاي الوليد بن أحمد زروق البناني الفاسي
4032,Mūlāy b. Muḥammad b. al-Ḥabīb b. Mūlay `Abd al-Qādir al-Ḥasanī,مولاي بن محمد بن الحبيب بن مولاي عبد القادر الحسني
4033,Mūlāy b. Muḥammad Baghayogho,مولاي بن محمد بغيغ
4034,Mūlāy Ibrāhīm b. `Umar al-Sharīf,مولاي إبراهيم بن عمر الشريف
4035,Mūlāy Idrīs b. Mūlāy al-Mahdī b. Mūlāy Ibrāhīm,مولاي إدريس بن مولاي المهد بن مولاي إبراهيم
4037,Mūlāy Idrīs b. Mūlāy al-Shaykh b. Mūlāy Aḥmad,مولاي ادريس بن مولاي الشيخ بن مولاي أحمد
4038,Mūlāy Idrīs b. Mūlāy Ibrāhīm al-Tījānī,مولاي إدريس بن مولاي إبراهيم التيجاني
4039,Mūlāy Muḥammad b. al-Hādī,مولاي محمد بن الهادي
4040,Mūlāy Muḥammad b. Awliyamān b. Muḥammad al-Sharīf,مولاي محمد بن أوليمان بن محمد الشريف
4041,Mūlāy Muḥammad b. Mūlāy Idrīs b. Mūlāy Ibrāhīm,مولاي محمد بن مولاي ادريس بن مولاي إبراهيم
4042,Munīr b. Ḥabīb Allāh al-Shamshawī,منير بن حبيب الله الشمشوي
4043,Muqaddam Aḥmad b. al-Kāhiya b. `Alī b. al-Jism al-Rāmī,مقدم أحمد بن الكاهية علي بن الجسم الرامي
4044,Mur'u b. Muḥammad al-Māsinī,مرؤ بن محمد بن الماسيني
4045,Murābiṭ b. Fandī Mālik al-Wangharī al-Nūrī (?),مرابط بن فندي مالك الونغري النوري (؟)
4046,Murdu b. Muḥammad al-Tījānī,مرد بن محمد التيجاني
4047,Mūridī,موردي
4048,"French official, Commissioner Muru",مورو
4049,Mūsa al-Qaylabī al-Mālikī,موسي القيلبي المالكي
4050,Mūsa al-Qūddūs,موسى القدوس
4051,Mūsa b. `Abd Allāh b. Jibril,موسي بن عبد الله بن جبريل
4052,Mūsa b. `Alī al-Zanātī,موسي بن علي الزناتي
4053,Mūsa b. `Umar al-Maṣmūdī,موسي بن عمر المصمودي
4054,Mūsa b. Aḥmad,موسي بن أحمد
4055,Mūsa b. Ḥamiyya,موسي بن حمي
4056,Mūsa b. Maḥmūd al-Zaghurī,موسي بن محمود الزغري
4057,Mūsa b. Muḥammad,موسي بن محمد
4058,Mūsa b. Muḥammad al-Qālībī,موسي بن محمد القليبي
4061,Mūsa b. Ṣāliḥ b. Muḥammad b. Mūsa b. Muḥammad al-Wīwī al-Dārī al-Fūtī,موسي بن صالح بن محمد بن موسي بن محمد الويوي الداري الفوتي
4062,Mūsa b. Sīdi Ḥurma,موسي بن سيد حرمه
4063,Mūsa b. Zakariyā',موسي بن زكرياء
4065,Muslim b. al-Ḥajjāj al-Qushayrī Nīsābūrī,مسلم بن الحجاج القشيري‏ ‬النيسابوري‏
4066,al-Musta`īn b. Ṭalḥa al-Kumlaylī,المستعين بن طلحة الكمليلي
4067,Muṣṭafa `Abī Ghan,مصطفي أبي غان
4069,Muṣṭafa al-Būlāqī,مصطفي البلاقي
4070,Muṣṭafa al-Ghayraghī,مصطفي الغيرغي
4071,Muṣṭafa al-Rumāṣī,مصطفي الروماصي
4072,Muṣṭafa b. `Abd al-Mū'min al-Ramalī,مصطفى بن عبد المؤمن الرملي
4073,Muṣṭafa b. `Abd al-Raḥmān,مصطفي بن عبد الرحمان
4074,Muṣṭafa b. `Abd Allāh,مصطفي بن عبد الله
4075,Muṣṭafa b. `Abd Allāh b. al-Ṭālib Muḥammad al-Tūrūdī,مصطفي بن عبد الله بن الطالب محمد الطورودي
4077,Muṣṭafa b. `Abd Allāh b. Alfāgha Manṣūr al-Shamshawī,مصطفي بن عبد الله بن الفغ منصر الشمشوي
4078,Muṣṭafa b. `Alī b. `Uthmān,مصطفي بن علي بن عثمان
4079,Muṣṭafa b. Aḥmad,مصطفي بن أحمد
4081,al-Muṣṭafā b. Aḥmad b. `Uthmān b. Mawlūd al-Ghallāwī,المصطفي بن أحمد بن عثمان بن مولود الغلاوي
4082,Muṣṭafa b. Aḥmad b. al-Imām Sīrī b. al-Ḥasan,مصطفي بن أحمد بن الإمام سيري بن الحسن
4083,Muṣṭafa b. Aḥmad b. Muḥammad al-Muṣṭafa al-Marwazī,مصطفي بن أحمد بن محمد المصطفي المروزي
4084,al-Muṣṭafā b. Aḥmad Fāl [Ṿāl] b. Sīdī b. Aḥmiddān b. Ashfagha [Atshfagha] Muḥummadhun al-`Alawī,المصطفى بن أحمد فال بن سيدي بن احمِدانْ بن أشفغ محمذن العلوي
4085,Muṣṭafa b. Aḥmad Ḥamd,مصطفي بن أحمد حمد
4086,al-Muṣṭafā b. al-`Arabī al-Muḥanḍnallī al-Abyayrī,المصطفي بن العربي المحنضنلي الإبييري
4087,Muṣṭafa b. al-Ḥājj `Uthmān,مصطفي بن الحاج عثمان
4088,Muṣṭafa b. Alfā Ibrāhīm al-Dakarī (?),مصطفي بن الفا إبراهيم الدكري
4089,al-Muṣṭafā b. Bābānā al-Ya`qūbī,المصطفي بن بابانا اليعقوبي
4090,Muṣṭafa b. Ibrāhīm,مصطفي بن إبراهيم
4091,Muṣṭafa b. Kamāl al-Dīn b. `Alī b. Muḥyi al-Dīn,مصطفي بن كمال الدين بن علي بن محيي الدين
4092,Muṣṭafa b. Mu`āwiyya al-Tandaghī,مصطفي بن معاوية التندغي
4093,Muṣṭafa b. Muḥammad `Abd al-Raḥmān,مصطفي بن محمد عبد الرحمان
4094,Muṣṭafa b. Muḥammad al-Ḥasanī,مصطفي بن محمد الحسني
4095,Muṣṭafa b. Sharaf,مصطفي بن شرف
4096,Muṣṭafa Kamāl al-Dīn,مصطفي كمال الدين
4097,Muṣṭafa Maḥmūd Afundī al-Miṣrī al-Azharī,مصطفي محمود افندي المصري الأزهري
4098,al-Muṣṭafā Maḥmūd al-Gunānī,المصطفي محمود الگناني
4099,Mutammim b. Nuwayra,متمم بن نويرة
4100,Nā`ibī Sulaymān Wālī,نائبي سليمان الوالي
4102,Nābigha,نابغة
4103,Nābigha b. Kāwī,نابغة بن كاوي
4104,Nābigha Ziyād b. Mu`āwiya al-Dhubyānī,نابغة زياد بن معاوية الذبياني
4106,Nābigha Ziyād b. Mu`āwiya al-Dhubyānī and Ẓuhayr b. Abī Salama b. Rabīa al-Muzanī and Ṭarafa b. al-`Abd b. al-Safayān al-Bakrī,نابغة الذبياني وزهير بن أبي سلمي بن ربيعة المزني وطرفة بن العبد بن سفيان البكري
4107,Nāfi` b. Ḥabīb b. al-Zāyid al-Tandaghī,نافع بن حبيب بن الزايد التندغي
4108,Naḥwī Abī `Abd Allāh al-Lakhṣī,نحوي أبي عبد الله اللخصي
4109,Najīb b. al-Muṣṭafa b. `Abd al-`Azīz,نجيب بن المصطفي بن عبد العزيز
4110,Najm al-Dīn `Umar b. Muḥammad al-Nasafī,نجم الدين عمر بن محمد النسفي‏ ‬
4111,Najm al-Dīn al-Iṣfahānī,نجم الدين الاصفهاني
4113,Najm al-Dīn b. Aḥmad al-Ghāyṭī,نجم الدين بن أحمد الغيطي
4115,Nāna Mawi bint Muḥammad,نان موي بنت محمد
4117,Nāna Mūsa bint Bāba Banī,نان موسي بنت باب بني
4118,Nāna Ṣanufu,نان صنف
4119,Nāṣif b. `Abd Allāh b. Nāṣif b. Jumblāṭ al-Yāzijī,ناصيف بن عبد الله بن ناصيف بن جنبلاط اليازجي
4120,Nāṣr al-Dīn `Abd Allāh `Umar al-Shāfi`ī,ناصر الدين عبد الله بن عمر الشافعي‏
4121,Naṣr b. `Abd al-Sayid al-Khawārzamī,ناصر بن عبد السيد الخوارزمي
4122,Naṣr b. Muḥammad b. Aḥmad al-Samarqandī,نصر بن محمد بن أحمد السمرقندي
4124,Naṣr b. Naṣr al-Hūrīnī,نصر بن نصر الهوريني
4125,Naṣr Ibrāhīm b. Naṣr al-Maqdisī,نصر إبراهيم بن نصر المقدسي
4126,Nūḥ b. al-Ṭāhir al-Fulānī,نوح بن الطاهر الفلاني
4127,Nūḥ b. al-Ṭāhir b. Abī Bakr b. Abū Mūsa,نوح بن الطاهر بن أبي بكر بن أبي موسي
4128,Nūr al-Dīn `Abd al-Raḥman b. Aḥmad al-Jāmī,نور الدين عبد الرحمن بن احمد الجامي‏
4129,Nūr al-Dīn al-Dimyāṭī,نور الدين الدمياطي
4130,Nur al-Dīn b. Muḥammad b. al-Ḥasan,نور الدين بن محمد بن حسن
4131,Nyang al-Sūdānī,انينك السوداني
4132,Pīr Muḥammad Didi b. Muṣṭafa b. Ḥabīb,بير محمد دده بن مصطفي بن حبيب
4133,"poets, several",مجموعة
4135,Qā'id Muḥammad b. Anna Muy b. Kurbu,قائد محمد بن أن مي بن كرب
4136,Qaddūr b. `Īsa,قدور بن عيسي
4137,Qāḍī `Abd al-Waḥīd b. Aḥmad al-Ḥumaydī,قاضي عبد الواحد بن أحمد الحميدي
4138,Qāḍī `Iyāḍ b. Mūsa al-Yaḥṣubī al-Sabtī al-Andalusī,قاضي عياض بن موسي اليحصبي السبتي الأندلسي
4140,Qāḍī Abī `Abd Allāh b. Aḥmad,قاضي أبي عبد الله بن أحمد
4141,Qāḍī b. al-Ḥasan b. al-Qāḍī,قاضي بن الحسن بن القاضي
4143,Qāsim b. `Alī b. Muḥammad al-Ḥarīrī,قاسم بن علي‏ ‬الحريري‏ ‬
4144,Qāsim b. `Isa al-Tinwajī,قاسم بن عيسى التنوخي‏ ‬
4145,Qāsim b. Abī Muḥammad al-Jazūlī,قاسم بن أبي محمد الجزولي
4146,Qāsim b. Ahmad b. al-Ḥasan b. Aḥmad b. Mūsa b. Amūn al-Tilīdī,قاسم بن أحمد بن الحسن بن أحمد بن موسى بن أمون التليدي‏ ‬
4147,Qāsim b. Aḥmad b. Mūsa b. Yāmūn al-Akhmāsī,قاسم بن أحمد بن موسي بن يامون الأخماسي
4148,Qāsim b. al-Yāmūnī al-Tilīdī,قاسم بن الياموني التليدي
4149,Qāsim b. Ismā`īl b. Ya`qūb al-Wasanī al-Biruṭī (?),قاسم بن إسماعيل بن يعقوب الوسني البروطي
4150,Qāsim b. Muḥammad al-Qāsim al-Ma`arūf Bāban al-Qāḍī,قاسم بن محمد بن قاسم المعروف بابن القاضي‏
4151,Qāsim b. Mūsa,قاسم بن موسي
4154,Qaylūbī,قيلوبي
4155,Qubāb b. Aḥmad b. Qāsim al-Jadāfī,قباب بن أحمد بن قاسم الجدافي
4157,Quṭab b. Kāwī b. Umm b. Ag,قطب بن كاوي بن أم بن أك
4159,Rāfi` b. Rāfi`,رافع بن رافع
4160,Rashīd b. Ghālib al-Daḥdāḥ,رشيد بن غالب الدحداح
4161,Rawā`ī,رواعي
4162,Rawkazī,روكزي
4163,Rāzī,رازي
4164,Riḍwān b. `Abd Allāh al-Janāwī,رضوان بن عبد الله الجناوي
4165,Rilwān Namakā b. Abū Bakr,رلوان نمكا بن أبو بكر
4167,Ruqayya Nyās bint al-Shaykh Ibrāhīm,رقية إنياس بنت الشيخ إبراهيم
4168,Sa`d,سعد
4171,Sa`d al-Dīn Mas`ūd b. `Umar al-Taftāzānī,سعد الدين مسعود بن عمر التفتازاني‏ ‬
4172,Sa`d al-Kull Inkundarī,سعد الكل إنكندري
4173,Sa`d b. `Abd Allāh and `Abd Allāh b. Sulaymān,سعد بن عبد الله وعبد الله بن سليمان
4174,Sa`d b. `Alī b. Muḥammad al-Zanjānī,سعد بن علي بن محمد الزنجاني
4175,Sa`d b. `Umar b. Sa`īd Jaliyā,سعد بن عمر بن سعيد جليا
4178,Sa`d b. Abī Ja`far Aḥmad b. Ibrāhīm b. Layun al-Tujibī,سعد‏ (‬ن‏: ‬سعيد‏) ‬بن ابي‏ ‬جعفر احمد بن إبراهيم بن ليون التجيبي‏
4179,Sa`dī b. Ḥabīb Bāba b. Muḥammad al-Hādī al-Ya`qūbī al-Wadānī,سعدي بن حبيب بابا بن محمد الهادي اليعقوبي الوداني
4180,Sa`d b. al-Ḥājj (Inkundarī ?),سعد بن الحاج (أنكندري ؟)
4181,Sa`d b. al-Mukhtār b. Muḥammad Bāba,سعد بن المختار بن محمد باب
4182,Sa`d b. Ibrāhīm al-Fulānī al-Sīlī al-Fūtī al-Labawī,سعد بن إبراهيم الفلاني السيلي الفوتي الابوي
4188,Sa`d b. Salmān al-Simlālī,سعد بن سلمان السملالي
4189,Sa`d Būh b. Muḥammad Faḍl [Ṿāḍil] al-Qalqamī,سعد بوه بن الشيخ محمد فاضل القلقمي
4190,Sa`īd,سعيد
4191,Sa`īd b. `Abd al-Mun`im,سعيد بن عبد المنعم
4193,Sa`īd b. `Abd al-Raḥmān b. Salām al-Ghafārī,سعيد بن عبد الرحمان بن سالم الغفاري
4194,Sa`īd b. Abī Bakr,سعيد بن أبي بكر
4195,Sa`īd b. Aḥmad,سعيد بن أحمد
4197,Sa`īd b. Aḥmad b. Muḥammad al-Māghumī,سعيد بن أحمد بن محمد الماغمي
4198,Sa`īd b. Alfā Ghiṭāṭū (Gidado) and Aḥmad Bāba b. al-`Abbās and Aḥmad b. Sani Shirfa,سعيد بن ألفا غطاطو وأحمد باب بن العباس وأحمد بن سن شرف
4199,Sa`īd b. Bāba,سعيد بن باب
4200,Sa`īd b. Bāba b. Sa`īd b. al-Ḥājj `Abd al-Raḥmān b. Ismā`īl b. Muḥammad Kūrdu al-Fulānī,سعيد بن باب بن سعيد بن الحاج عبد الرحمان بن اسمعيل بن محمد كورد الفلاني
4201,Sa`īd b. Bāba Taw b. Sa`īd b. Bāba,سعيد بن بابا تاو بن سعيد بن بابا
4203,Sa`id b. Ibrāhīm Qadūra al-Tūnisī al-Jazā'irī,سعيد بن إبراهيم قدورة التونسي الجزائري‏ ‬
4205,Sa`īd b. Mas`ūd al-Māghūsī al-Ṣanhājī,سعيد بن مسعود الماغوسي الصنهاجي
4206,Sa`īd b. Muḥammad al-`Uqbānī,سعيد بن محمد العقباني
4207,Sa`īd b. Muḥammad Baghayogho b. Muḥammad Kūrdu al-Wangarī,سعيد بن محمد بغيغ بن محمد كورد الونكري
4208,Sa`īd b. Muḥammad Bello b. `Uthmān,سعيد بن محمد بل بن عثمان
4211,Sa`īd b. Ṣiddīq b. Muḥammad Mūlay al-Ghābīrī,سعيد بن صديق بن محمد مولاي الغابيري
4212,Sa`īd b. Sulaymān,سعيد بن سليمان
4213,Sa`īd b. Tīrnū (Cerno) Aḥmadū b. Tīrnū (Cerno) Wusī,سعيد بن ترنو أحمدو بن ترنو وسي
4215,Sa`īd ibn Ābb,سعيد ابن ابّ
4216,Sa`īd LImām b. Abd `Allāh b. Mūsa b. Dāwūd Fughalāwī al-Sansāwī,سعيد لمام بن عبدالله بن موسى بن داوود الفغلاوى السنساوى
4217,Sa`īd Qāḍī b. `Uthmān al-Buzālī,سعيد قاضي بن عثمان البوزالي
4218,Ṣādiq b. Alfā Dūnakawī,صادق بن ألفا دونكوي
4219,Ṣādiq b. Munīh,صادق بن منيه
4220,Ṣādiq Muḥammad Sharīf,صادق محمد شريف
4221,Sadūm b. Ndartu,سدوم بن اندرت
4222,al-Mukhtār Ummū b. Muḥummadhun b. Aḥmad b. al-`Āqil ad-Daymānī,المختار أمو بن محمذن بن أحمد بن العاقل الديماني
4223,Ṣafī al-Dīn al-Baghdādī al-Ḥanbalī,صفي الدين البغدادي الحنبلي
4224,Sahl b. Muḥammad al-Sijistānī,سهل بن محمد السجستاني
4225,Sahl b.`Abd Allāh al-Tusturī,سهل بن عبد الله التستري
4226,Sahlā Sabrī,سهلا سبري
4228,Sājqalī Zādh Muḥammad b. Abī Bakr al-Mar`ashī,ساچقلي‏ ‬زاده محمد بن ابي‏ ‬بكر المرعشي‏ ‬
4229,Sakākī al-Barjamī,سكاكي البرجمي
4230,Saktānī al-Marrākushī,سكتاني المراكشي
4231,Ṣāliḥ b. Muḥammad al-Sūfī,صالح بن محمد السوفي
4232,Ṣalatān al-`Abdī,صلتان اللعبدي
4233,Ṣāliḥ,صالح
4234,Ṣāliḥ `Abd al-Sami` al-Abī,صالح عبد السميع الآبي
4235,Ṣāliḥ b. `Abd al-Raḥmān,صالح بن عبد الرحمان
4236,Ṣāliḥ b. Abd al-Qūddūs al-Azdī,صالح بن عبد القدوس الأزدى
4237,Ṣāliḥ b. Muḥammad al-Shaykh al-Sūqī,صالح بن محمد الشيخ السوقي
4238,Ṣāliḥ b. Muḥammad b. `Uthmān,صالح بن محمد بن عثمان
4239,Ṣāliḥ Bāba b. Abī Bakr Maī Jalālayn,صالح بابه بن أبي بكر مي جلالين
4240,Ṣāliḥ Dan Mālam Abū Bakr Bāba,صالح طن مالم أبو بكر بابه
4241,Ṣāliḥ Kūntaghūra,صالح كونت غور
4242,Sālik b. al-Bukhārī b. Muḥammad al-Amīn al-Jubahī,سالك بن البخاري بن محمد الأمين الجبهي
4243,Sālik b. al-Imām al-Ghallāwī,سالك بن الإمام الغلاوي
4244,Sālim b. Aḥmad b. Sālim,سالم بن أحمد بن سالم
4245,Sālim b. al-Shaykh b. 'Ummī,سالم بن الشيخ بن أمي
4246,Sālim b. Muḥammad al-Kasamānī,سالم بن محمد الكسماني
4248,Sālim b. Muḥammad al-Sanhūrī (Sankurī),سالم بن محمد السنهوري‏ (سنكري) ‬
4250,Salmūn b. Shaykh J.M.,سلمان بن شيخ ج . م
4251,Samak al-Mutaghīl,سمك المتغيل
4252,Sambu Wālī Junayd,سمبو ولي جنيد
4253,Ṣanba Anjam (?),سنب انجم (?)
4254,Sanba b. Barbuwī al-Fulānī al-Māsinī,سنب بربوى الفلانى الماسنى
4255,Sanba Busansadī,سنب بسنسدي
4256,Sanhūrī (Sankurī),سنهوري (سنكري)
4257,Sani Shirfa,سن شرف
4258,Ṣanif `Abd al-Raḥmān,صانف عبد الرحمان
4259,Ṣāwī,صاوي
4260,Sayrusī,سيروسي
4261,Sayum b. Muḥammad Sayum b. Ṭāhir b. `Ajam al-Juljulī,سيوم بن محمد بن سيوم بن طاهر بن عجم الجلجلي
4262,several authors,متفرقون
4264,Sha`bān b. Mudwaī,شعبان بن مدوي
4265,Shāfi`ī (and others),شافعي (وآخرون)
4266,Shamākh b. Ḍarār al-Ghaṭfānī,شماخ بن ضرار الغطفاني
4267,Shamharūsī,شمهروسي
4270,Shams al-Dīn b. Muḥammad b. `Abd Allāh al-Anṣārī,شمس الدين بن محمد بن عبد الله الأنصاري
4271,Shanfara `Amr b. Mālik al-Azdī,شننفري عمرو بن مالك الازدي
4272,Sharaf al-Din Dawūd al-Bākhalī,شرف الدين داوود الباخلي
4273,Sharīf al-Daghūghī al-Sūqī,شريف الدغوغي السوقي
4274,Sharīf b. al-Yamānī,شريف بن اليماني
4275,Sharīf b. Sīdi Aḥmad b. al-Ṣabbār al-Majlisī,شريف بن سيد أحمد بن الصبار المجلسي
4276,Sharīf Ja`far b. al-Mahdī,شريف جعفر بن المهدي
4277,Sharīf Muḥammad Bu `Asrī,شريف محمد بو عسري
4278,Sharīf Yaḥya,شريف يحيى
4279,Shatū Mai Waynā,شتو ميوينا
4280,Shaykh `Abd al-Qāḍī,شيخ عبد القاضي
4281,Shaykh `Abd al-Raḥmān,شيخ عبد الرحمان
4282,Shaykh `Abd Allāh,شيخ عبد الله
4283,Shaykh 'Ubb b. Muḥammad Yaḥya al-Walātī,شيخ أب بن محمد يحيي الولاتي
4284,Shaykh Abī Masūr `Abd Allāh al-Ṣababī,شيخ أبي مسور عبد الله الصببي
4285,Shaykh Abī Muḥammad al-Bashīr b. Muḥammad b. Muṣṭafa,شيخ أبي محمد البشير بن محمد بن مصطفى
4286,Shaykh Aḥmad,شيخ أحمد
4288,Shaykh Aḥmad al-Sūqī,شيخ أحمد السوقي
4289,Shaykh al-`Amrūsī,شيخ العمروسي
4291,Shaykh al-Imām,شيخ الإمام
4292,Shaykh al-Imām Muḥammad `Abd Allāh b. `Umar,شيخ الإمام محمد عبد الله بن عمر
4293,Shaykh al-Kayyi,شيخ الكي
4294,Shaykh al-Kuntī,شيخ الكنتي
4295,Shaykh al-Marābaṭ,شيخ المرابط
4296,Shaykh al-Qubrī al-Kuntī,شيخ القبري الكنتي
4297,Shaykh b. `Abd al-`Azīz,شيخ بن عبد العزيز
4298,Shaykh b. Aḥmad b. Idrīs,شيخ بن أحمد بن ادريس
4299,Shaykh b. Aḥmad b. Muḥammadhan Maylūd,شيخ بن أحمد بن محمذ ميلود
4300,ash-Shaykh b. Aḥmad Nāfi` al-Ya`qūbī,الشيخ بن أحمد نافع اليعقوبي
4301,Shaykh b. Bāba,شيخ بن باب
4302,ash-Shaykh b. Ḥāmmannī al-Ghallāwī,الشيخ بن حامني الغلاوي
4304,Shaykh b. Muḥammad al-Inkundarī,شيخ بن محمد الإنكندري
4305,Shaykh b. Mūlāy Ismā`īl (and his sons),شيخ بن مولاي إسماعيل (و اولاده)
4306,Shaykh b. Sa`īd al-Abyayrī,شيخ بن سعيد الإبيري
4307,ash-Shaykh b. Sīdi `Ālī b. al-Ḥabīb aj-Jakanī al-Ibrāhīmī,الشيخ بن سيد عالي بن الحبيب الجكني الإبراهيمي
4308,Shaykh b. Sīdi b. Aḥmad al-Tinwājīwī,شيخ بن سيد بن أحمد التنواجيوي
4309,ash-Shaykh b. Sīdī Muḥammad b. Muhammad b. Ḥabat al-Ghallāwī ash-Shinqīṭī,الشيخ بن سيدي محمد بن محمد بن حبت الغلاوي الشنقيطي
4310,Shaykh b. Tāj al-Dīn al-Shaykh,شيخ بن تاج الدين الشيخ
4311,Shaykh Fūdī,شيخ فودي
4312,Shaykh Isḥāq b. Sa`īd,شيخ إسحاق بن سعيد
4313,Shaykh Majd al-Dīn al-Anṣārī al-Sūqī,شيخ مجد الدين الأنصاري السوقي
4314,Shaykh Muḥammad,شيخ محمد
4315,Shaykh Mūsa Imām,شيخ موسي امام
4316,Shaykh Shuwarī Shuhutī,شيخ شوري شهتي
4317,Shaykh Sīdi Muḥammad,شيخ سيد محمد
4318,Shaykh Ṣukkutū (Sokoto),شيخ صكتو
4319,Shaykh Tijān Ghāī,شيخ تجان غاي
4320,Shaykh Zuhayr b. Sīdi Muḥammad al-Kuntī,شيخ زهير بن سيد محمد الكنتي
4321,ash-Ashbīh b. Mā' al-`Aynayn al-Qalqamī,لاشبيه بن ماء العينين القلقمي
4322,Shihāb al-Dīn Aḥmad b. Abī Ḥujla,شهاب الدين أحمد بن أبي حجله
4323,Shinqīṭī,شنقيطي
4324,Shitta b. `Abd al-Ra'ūf b. Muḥammad,شت بن عبد الرؤوف بن محمد
4325,Shu`ayb `Uthmān Zāriā,شعيب عثمان زاريا
4326,Shu`ayb b. Abī Muqri' b. Jibril,شعيب بن أبي مقرء بن جبرل
4327,Abū Madyan Shu`ayb b. al-Ḥasan al-Anṣārī al-Tilimsānī,شعيب بن الحسن التلمساني
4328,Shu`ayb b.`Abd Allāh b. Sa`d al-Ḥurīfīshī,شعيب بن عبد الله بن سعد الحريفيشي
4329,Sidāt Muḥammad al-Qayd,سيدات محمد القيد
4330,Sīdāt b. Muḥammad b. Bāba b. ash-Shaykh al-Muṣṭafā al-Abyayrī,سيدات بن محمد بن بابه بن الشيخ المصطف الأبييري
4331,Ṣiddīq b. Muḥammad,صديق بن محمد
4332,Ṣiddīq b. Ramaḍān,صديق بن رمضان
4333,Ṣiddīq Muḥammad b. al-Bukhārī,صديق محمد بن البخاري
4334,Sīdi `Abd al-Qādir al-Raqqādī,سيدي عبد القادر الرقادي
4335,Sīdi `Abd al-Wālī b. Muḥammad al-Qayrawānī,سيد عبد الوالي بن محمد القيرواني
4336,Sīdi `Abd Allāh Aḥmad Maḥmūd b. Sīdi `Abd Allāh,سيد عبد الله أحمد محمود بن سيد عبد الله
4338,Sīdi `Abd Allāh b. al-Faḍl b. Bārīk Allāh al-Shamshawī,سيد عبد الله بن الفضل بن بارك الله الشمشوي
4341,Sīdī `Abd Allāh b. al-Ḥāj Ibrāhīm al-`Alawī,سيدي عبد الله بن الحاج إبراهيم العلوي
4343,Sīdi `Abd Allāh b. Alfāgha Sīdi Aḥmad,سيد عبد الله بن الفغ سيد أحمد
4346,Sīdī `Abd Allāh b. Muḥammad b. al-Qāḍī al`Alawī ash-Shinqīṭī,سيدي عبد الله بن محمد بن القاضي العلوي الشنقيطي
4347,Sīdi `Abd Allāh b. Sīdi Muḥammad al-Raqqādī,سيد عبد الله بن سيد محمد الرقادي
4348,Sīdi `Abd Allāh Muḥammad b. Ibrāhīm b. Muḥammad Yaḥya al-Nafzī,سيد عبد الله محمد بن إبراهيم بن محمد يحيي النفزي
4349,Sīdi `Alī b. al-Najīb,سيد عالي بن النجيب
4350,Sīdi `Alī b. Muḥammad b. Muḥammad b. Bīr,سيد علي بن محمد بن محمد بن بير
4351,Sīdi `Alī b. Sīdi `Umar b. Sīdi Aḥmad b. al-Qāḍī al-Arawānī,سيد عالي بن سيد عمر بن سيد أحمد بن القاضي الأرواني
4352,Sīdi `Alī b. Wafārī,سيد علي بن وفارضي
4353,Sīdi `Anās Sū al-Jābawī,سيد عباس سو الجابوي
4354,Sīdi `Ubayd b. Sīdi Muḥammad b. Abūd al-Sanaghatī,سيد عبيد بن سيد محمد بن ابوذ السنغتي
4357,Sīdi `Umar b. Sīdi Aḥmad al-Bakkā`ī al-Kuntī,سيد عمر بن سيد أحمد البكائي الكنتي
4358,Sīdi `Uṭāf,سيد عطاف
4361,Sīdi `Uthmān b. Muḥammad Sanbāju,سيد عثمان بن محمد سنباج
4363,Sīdi A`li b. Sīdi Muḥammad al-`Alawī,سيد اعلي بن سيد محمد العلوي
4364,Sīdī A`mar b. Muḥammad b. al-Mukhtār al-Kuntī,سيدي اعمر بن محمد بن المختار الكنتي
4366,Sīdi Abī Bakr b. Sīdi Aḥmad b. al-Ṣāliḥ,سيد أبو بكر بن سيد أحمد بن الصالح
4367,Sīdi Aḥmad al-Ḥabīb b. Sīdi Muḥammad al-Arawānī,سيد أحمد الحبيب بن سيد محمد الأرواني
4368,Sīdi Aḥmad al-Raghādī,سيد أحمد الرغادي
4369,Sīdi Aḥmad b. `Arab al-Sharnūbī,سيد أحمد عرب الشرنوبي
4370,Sīdi Aḥmad b. `Umar,سيد أحمد بن عمر
4372,Sīdi Aḥmad b. Aḥmad al-Sanyāṭī,سيد أحمد بن أحمد السنياطي
4373,Sīdi Aḥmad b. al-Mubārik al-Lamṭī,أحمد بن مبارك اللمطي
4374,Sīdi Aḥmad b. al-Najīb,سيد أحمد بن النجيب
4375,Sīd Aḥmad b. Asmuhu ad-Daymānī,سيد أحمد بن أسمهو الديماني
4377,Sīdi Aḥmad b. Bukku al-`Alawī,سيد أحمد بن بك العلوي
4378,Sīdi b. Aḥmad b. Ḥabat al-Ghallāwī,سيدي بن أحمد بن حبت الغلاوي
4379,Sīdi Aḥmad b. Ḥamād al-Mahfūẓī,سيد أحمد بن حماد المحفوظي
4380,Sīdi Aḥmad b. Ḥamād b. Muḥammad al-Amīn,سيد أحمد بن حماد بن محمد الأمين
4382,Sīdi Aḥmad b. Mandīl,سيد أحمد بن منديل
4384,Sīdi Aḥmad b. Muḥammad al-Raqqād b. Aḥmad al-Fayyum b. Sīdi A`mar al-Kuntī,سيد أحمد بن محمد الرقاد بن أحمد الفيوم بن سيد أعمر الكنتي
4385,Sīdi Aḥmad b. Muḥammad b. Abī Bakr,سيد أحمد بن محمد بن أبي بكر
4386,Sīdi Aḥmad b. Muḥammad b. Qiyyas,سيد أحمد بن محمد بن قيس
4387,Sīdi Aḥmad b. Nāṣir,سيد أحمد بن ناصر
4388,Sīdi Aḥmad b. Sa`īd al-Sūsī,سيد أحمد بن سعيد السوسي
4389,Sīdi Aḥmad b. Sīdi al-Mukhtār al-Kuntī,سيد أحمد بن سيدي المختار الكنتي
4390,Sīdi Aḥmad b. Sīdi Bubakr b. al-Ṣayd al-Arawānī,سيد أحمد بن سيد ببكر بن الصيد الأرواني
4391,Sīdi Aḥmad Bannānī al-Fāsī,سيد أحمد بناني الفاسي
4392,Sīdi al-`Abbās al-Azharī,سيد العباس الأزهري
4393,Sīdi al-Amīn b. Abī Bakr b. A`mar Ṭālib,سيد الأمين بن أبي بكر بن اعمر طالب
4394,Sīdi al-Bakkā`ī b. Sīdi al-Bakkā`ī,سيد البكائي بن سيد البكائي
4395,Sīdi al-Faḍl b. Maḥmūdan,سيد الفضل بن محمودن
4396,Sīdi al-Ḥājj b. Sīdi b. al-Ṭālib Li-lla,سيد الحاج بن سيد بن الطالب لللة
4397,Sīdi al-Ḥusayn b. `Alī al-Shaghshāwī,سيد الحسين بن علي الشغشاوي
4398,Sīdi al-Maghribī,سيد المغربي
4399,Sīdi al-Manṣūr al-Hudhudī,سيد المنصور الهدهدي
4400,Sīdi al-Mukhtār,سيد المختار
4401,Sīdi al-Mukhtār (Baddi) b. Sīdī Muḥammad b. Sīdī al-Mukhtār al-Kuntī,سيدي المختار (بادي) بن سيدي محمد بن سيدي المختار الكنتي
4402,al-Mukhtār A`zīz b. aṭ-Ṭālib Mukhtār b. Ḥabīb al-`Alawī,المختار اعْزيزْ بن الطالب مختاربن حبيب العلوي
4404,Sīdi al-Mukhtār b. Aḥmad b. Abī Bakr al-Kuntī,سيدي المختار بن أحمد بن أبي بكر الكنتي
4408,Sīdi al-Mukhtār b. Aḥmad b. Maylud,سيد المختار بن أحمد ميلود
4409,Sīdī al-Mukhtār b. Aḥmad Maḥmūd b. Muḥammad al-Mukhtār al-Intisha'ī al-Abyayrī,سيدي المختار بن أحمد محمود بن محمد المختار الآنتشائي الأبييري
4410,Sīdī al-Mukhtār b. `Abd aj-Jalīl ar-Rabbānī at-Tandaghī,سيدي المختار بن عبد الجليل الأربعيني التندغي
4411,Sīdi al-Mukhtār b. Bāba al-Kuntī,سيد المختار بن بابا الكنتي
4412,Sīdi al-Mukhtār b. Muḥammad `Aynaynā,سيد المختار بن محمد عينينا
4413,Sīdī al-Mukhtār b. Sīdī Muḥammad b. ash-Shaykh Sīdīyya al-Abyayrī al-Intishā'ī,سيدي المختار بن سيدي محمد بن الشيخ سيديا الأبييري الإنتشائي
4414,Sīdi al-Ṣāliḥ b. Sīdi al-Wāfī b. Sīdi Aḥmad Ag Addā,سيد الصالح بن سيد الوافي بن سيد أحمد أك أدا
4415,Sīdi al-Sharīf Ḥabīb b. `Abd al-Qādir al-Marrākashī,سيد الشريف حبيب بن عبد القادر الممراكشي
4416,Sīdi al-Ṭāhir b. Muḥammad Aḥmad,سيد الطاهر بن محمد أحمد
4417,Sīdi b. `Abd al-Raḥmān b. Muḥammad,سيد بن عبد الرحمان بن محمد
4418,Sīdi b. Aḥmad,سيد بن أحمد
4419,Sīdi b. Aḥmad and Mūdi,سيد بن أحمد ومود
4420,Sīdi b. al-Imām Bāba b. Sīdi,سيد بن الإمام بابا بن سيد
4421,Sīdī b. al-Muhīb,سيد بن المهيب
4422,Sīdi b. al-Mukhtār Ummū al-Abhamī ad-Daymānī,سيدي بن المختار أمو الديماني الأبهمي
4423,Sīdī b. az-Zayn al-`Alawī,سيدي بن الزين العلوي
4424,Sīdi b. Bāba,سيد بن بابا
4425,Sīdi b. Muḥammad Fal,سيد بن محمد فال
4426,Sīdī b. Muḥammad b. Aḥmmaydan al-`Abdalī an-Najībī al-Ḥājī,سيدي بن محمد بن احميدن العبدلي النجيبي الحاجي
4427,Sīdi b. Sīdi Muḥammad al-`Alawī al-Shinqīṭī,سيد بن سيد محمد العلوي الشنقيطي
4428,Sīdi b. Takad al-Lamtūnī,سيد بن تكد اللمتوني
4429,Sīdi Bāba Aḥmad b. al-Mukhtār,سيد باب أحمد بن المختار
4430,Sīdi Bāba b. Sīdi Sa`iyd,سيد باب بن سيد سعيد
4431,Sīdi Bubakr al-Ḥājj,سيد بوبكر الحاج
4432,Sīdi Dāwud al-Tamalī,سيد داوود التملي
4433,Sīdi Ibrāhīm b. `Abd al-Raḥmān b. Dāwud,سيد إبراهيم بن عبد الرحمان بن داوود
4434,Sīdi Imām,سيد إمام
4435,Sīdi Maḥmūd al-Tīnbuktī,سيد محمود التنبكتي
4436,Sīdi Markābī Kunārī,سيد مركأبي كنار
4437,Sīdi Muhamamd Fataḥ b. `Abd al-Salām Kanūn,سيد محمد فتحا بن عبد السلام كنون
4438,Sīdi Muḥammad,سيد محمد
4439,Sīdi Muḥammad `Abd Allāh,سيد محمد عبد الله
4440,Sīdi Muḥammad al-Ḥājj b. `Ām al-Ghasānī,سيد محمد الحاج بن عام الغساني
4441,Sīdi Muḥammad al-Janwa`ī,سيد محمد الجنوعي
4442,Sīdi Muḥammad al-Sayyid al-Akhlāq,سيد محمد السيد الأخلاق
4443,Sīdi Muḥammad al-Sharīf,سيد محمد الشريف
4444,Sīdi Muḥammad al-Ṭayyib b. Muḥammad al-Ḥasanī,سيد محمد الطيب بن محمد الحسني
4445,Sīdi Muḥammad b. `Abbād,سيد محمد بن عباد
4446,Sīdi Muḥammad b. `Abd al-Mālik,سيد محمد بن عبد المالك
4447,Sīdi Muḥammad b. `Abd al-Raḥmān,سيد محمد بن عبد الرحمان
4448,Sīdi Muḥammad b. `Abd Allāh al-Yās (?),سيد محمد بن عبد الله الياس (؟)
4449,Sīdi Muḥammad b. `Abd Allāh b. al-Qaṣrī,سيد محمد بن عبد الله بن القصري
4450,Sīdi Muḥammad b. `Ābidīn,سيد محمد بن عابدين
4451,Sīdi Muḥammad b. `Āl al-Sūqī,سيد محمد بن عال السوقي
4452,Sīdi Muḥammad b. `Āl,سيد محمد بن عال
4453,Sīdi Muḥammad b. `Alī b. Sa`īd al-Hilālī,سيد محمد بن علي بن سعيد الهلالي
4454,Sīdi Muḥammad b. `Umayyah al-Sūqī,سيد محمد بن أمية السوقي
4455,Sīdi Muḥammad b. 'Ubb,سيد محمد بن أب
4456,Sīdi Muḥammad b. Aḥmad al-Balāwī,سيد محمد بن أحمد البلاوي
4457,Sīdi Muḥammad b. Aḥmad Maḥmūd Dāddāh al-Ntishāi' ī,سيد محمد بن أحمد محمود داداه الإنتشائي
4458,Sīdi Muḥammad b. al-Ṭālib Ibrāhīm al-Maḥjūbī al-Walātī,سيد محمد بن الطالب إبراهيم المحجوبي الولاتي
4459,Sīdi Muḥammad b. Amhamad / Ismā`īl b. Ibrāhīm al-Maghribī,سيد محمد بن أمهمد / إسماعيل بن إبراهيم المغربي
4460,Sīdi Muḥammad b. Bāba b. al-Gaṣarī,سيد محمد بن باب بن الكصري
4461,Sīdi Muḥammad b. Bakr al-`Alawī,سيد محمد بن بكر العلوي
4462,Sīdi Muḥammad b. Bubakr b. Ḥabīb Allāh,سيد محمد بن بوبكر بن حبيب الله
4463,Sīdi Muḥammad b. Ḥabīb Allāh,سيد محمد بن حبيب الله
4464,Sīdi Muḥammad b. Habat al-Ghallawī,سيدي محمد بن حبت الغلاوي
4465,Sīdi Muḥammad b. Ḥāmid,سيد محمد بن حامد
4466,Sīdi Muḥammad b. Ibrāhīm,سيد محمد بن إبراهيم
4467,Sīdī Muḥammad b. Ibrāhīm b. Sīdī Muḥammad as-Sbā`ī,سيدي محمد بن إبراهيم بن سيدي محمد السباعي
4469,Sīdi Muḥammad b. Mawlūd al-Aḥmadān,سيد محمد بن مولود آل أحمدان
4470,Sīdi Muḥammad b. Muḥammad,سيد محمد بن محمد
4471,Sīdi Muḥammad b. Muḥammad al-Mūsānī al-Jakanī,سيد محمد بن محمد الموساني الجكني
4472,Sīdi Muḥammad b. Muḥammad b. Mannī,سيد محمد بن محمد بن امني
4473,Sīdi Muḥammad b. Muḥammad Fāl b. Sharafī,سيد محمد بن محمد فال بن شرفي
4474,Sīdi Muḥammad b. Muḥammad Sa`īd al-Ya`zūwī,سيد محمد ابن محمد سعيد اليعزوي
4475,Sīdi Muḥammad b. Sharīfnā al-Tīshītī,سيد محمد بن شريفنا التيشيتي
4476,Sīdi Muḥammad b. Sīdi `Abd Allāh,سيد محمد بن سيد عبد الله
4478,Sīdi Muḥammad b. Sīdi `Abd Allāh b. al-Ḥaj Ibrāhīm al-`Alawī,سيدي محمد بن سيدي عبد الله بن الحاج إبراهيم العلوي
4479,Sīdi Muḥammad b. Sīdi Aḥmad al-Aksīmī,سيد محمد بن سيد أحمد الأكسيمي
4481,Sīdi Muḥammad b. Sīdi al-Mukhtār al-Kuntī,سيدي محمد بن سيدي المختار الكنتي
4483,Sīdi Muḥammad b. Sīdi al-Mukhtār al-Kuntī and `Abd Allāh b. Aḥmad,سيد محمد بن سيد المختار الكنتي وعبد الله بن أحمد
4487,Sīdi Muḥammad b. Sīdi al-Mukhtār al-Raqqādī,سيد محمد بن سيد المختار الرقادي
4488,Sīdī Aḥmad b. Sīdī Awbak (أوبك) at-Tāggāṭī,سيدي أحمد بن سيد أوبك التاگاطي
4489,Sīdi Muḥammad b. Sīdi b. Aḥmad b. Ḥabat,سيد محمد بن سيد ابن أحمد بن حبت
4490,Sīdi Muḥammad b. Sīdi Muḥammad,سيد محمد بن سيد محمد
4492,Sīdī Muḥammad b. ash-Shaykh Sīdiyyā b. al-Mukhtār b. al-Hayba al-Intishā'ī al-Abyayrī,سيدي محمد بن الشيخ سيديا بن المختار بن الهيبة الإنتشائي الأبييري
4493,Sīdi Muḥammad b. Sidiyya al-Ntishāi' ī (& others),سيد محمد بن سيديا الإنتشائي (وآخرون)
4495,Sīdi Muḥammad b. Sidiyya al-Intishā'ī and Muḥammad Maḥmūd b. al-Mukhtār b. `Abd Allāh al-Abyayrī,سيد محمد بن سيديا الإنتشائي ومحمد محمود بن المختار بن عبد الله الإبيري
4496,Sīdi Muḥammad b. Zakur,سيد محمد بن زاكور
4497,Sīdi Muḥammad Fatḥā b. `Abd al-Waḥīd,سيد محمد فتحا بن عبد الواحد
4498,Sīdī Riḍwān,سيد‏ ‬رضوان
4499,Sīdi Sa`īd al-`Uqbānī,سيد سعيد العقباني
4500,Sīdi Yaḥya al-Wangarī al-Tīnbuktī,سيد يحيي الونكري التنبكتي
4501,Sīdi Yaḥya b. Sīdi al-Makkī,سيد يحيي بن سيد المكي
4502,Sīdi Yūsuf al-Fāsī,سيد يوسف الفاسي
4503,Sidīdi,سديد
4505,ash-Shaykh Sīdiyyā b. al-Mukhtār b. al-Hayba al-Abyayrī al-Intishā'ī,الشيخ سيديا بن المختار بن الهيبة  الآنتشائي الأبييري
4508,Ṣullāhī b. ash-Shaykh Muḥammad al-Māmī [al-Ṃāṃī] al-Bārikī,صلاحي بن الشيخ محمد المامي الباركي
4509,Sīn al-Hamdī,سين الحمدي
4510,Sirāj al-Dīn `Abd al-Laṭif al-Andalusī,سراج الدين عبد اللطيف الأندلسي
4511,Sirij (Serigne) Mūsa Kaḥ,سرج موسى كح
4514,Sulaymān,سليمان
4515,Sulaymān al-Kilawī,سليمان الكلوي
4516,Sulaymān b. `Umar b. Manṣūr al-Azharī,سليمان بن عمر بن منصور الأزهري
4517,Sulaymān b. `Uthmān Jubbu al-Fulānī,سليمان بن عثمان جب الفلاني
4519,Sulaymān b. Aḥmad al-Fallātī,سليمان بن أحمد الفلاتي
4520,Sulaymān b. Aḥmad al-Fishtālī,سليمان بن أحمد الفشتالي
4521,Sulaymān b. Ḥama b. al-Qāḍī al-Futi,سليمان بن حم بن القاضي الفوتي
4522,Sulaymān b. J.b. Mālik al-Banbarī,سليمان بن جب بن مالك البنبري
4523,Sulaymān b. Khalaf b. Sa`d al-Bājī,سليمان بن خلف بن سعد الباجي
4525,Sulaymān b. Muḥammad al-`Alawī and `Abd al-Raḥmān b. `Alī b. Ṣāliḥ al-Makūrdī and Muḥammad. b. Idrīs al-Qarāfī,سليمان بن محمد العلوي وعبد الرحمان بن علي بن صالح المكودي ومحمد بن يعلي ومحمد بن ادريس القرافي
4526,Sulaymān b. Mūsa b. Sālim al-Kalā`ī al-Ḥimyarī,سليمان بن موسي بن سالم الكلاعي الحميري
4527,Sulaymān b. Yūsuf al-Nāṣirī,سليمان بن يوسف الناصري
4528,Sulaymān Tāj al-Dīn Aḥmad,سليمان تاج الدين أحمد
4529,Ṣulḥ b. `Abd al-Wahāb,صلح بن عبد الوهاب
4530,Sulṭān al-Samakī,سلطان السمكي
4531,Sulṭān Dātīnā Dan Ma`ydā,سلطان داتينا دنمعيدا
4532,Sulṭān of al-Maghrib (Morocco),سلطان المغرب
4533,Sulṭān of Kāshinā (Katsina),سلطان كاشنا
4534,Sūqī,سوقي
4535,Sūqī (Sūqī community),سوقي (جماعة السوقيين )
4536,Surī b. Shaykh Fāzī b. Dindī,سري بن شيخ فازي بن دندي
4537,T.N.,ت ن
4538,Ṭaha b. Muḥammad b. Fatūḥ al-Bayqūnī,طه بن محمد بن فتوح البيقوني
4539,Ṭāhir (?),طاهر (؟)
4540,Ṭāhir Abū Hamā,طاهر أبو هما
4541,Ṭāhir b. Abī Bakr Lamba Dakarī,طاهر بن أبي بكر لمب دكري
4542,Ṭāhir b. Bāba Sharaf,طاهر بن بابا شرف
4544,Tāj al-Dīn `Abd al-Wahhāb b. `Alī al-Subkī,تاج الدين عبد الوهاب بن علي السبكي
4546,"Tajakant, people of",جماعة تجكانت
4547,Tākh Ranīs Tamūlīt,توخ رنيس تموليت
4548,Takrūrī,تكروري
4549,Yaḥẓīh b. `Abd al-Wadūd ar-Ramẓānī aj-Jakanī,يحظيه بن عبد الودود الرمظاني الجكني
4550,aṭ-Ṭālib b. `Abd Allāh al-Massūmī,الطالب بن عبد الله المسومي
4551,Ṭālib `Abd Allāh b. al-Ḥājj al-Rafīf,طالب عبد الله بن الحاج الرفيف
4552,`Abd Allāh b. ash-Shaykh Muḥammad al-Amīn aj-Jakanī,عبد الله بن الشيخ محمد الأمين الجكني
4553,Sīdī Muḥammad b. aṭ-Ṭālib A`mar al-Khaṭṭāṭ al-Bārtaylī [al-Ḅārittaylī],سيدي محمد بن الطالب أعمر الخطاط البارتلي
4554,Būbakr b. Aḥmad al-Muṣṭafā b. Muḥammad `Abd Allāh al-Maḥjūbī al-Walātī,بوبكر بن أحمد المصطفى بن محمد عبد الله المحجوبي الولاتي
4555,aṭ-Ṭālib Aḥmad b. Ṭwayr aj-Janna al-Wadānī al-Ḥājī,الطالب أحمد بن طوير الجنة الوداني الحاجي
4556,Aḥmad b. Muḥammad Rārah (راره) at-Tinwājīwī,أحمد بن محمد راره التنواجيوي
4557,aṭ-Ṭālib Akhyār b. Mā' al-`Aynayn al-Qalqamī,الطالب اخيار بن ماء العينين القلقمي
4558,"Ṭālib al-Busātī and Zayn b. Jamad and Ibn Sīdi `Abd Allāh al-`Alawī and Aḥmad b. Ajmad and Sīdi A`mar, et al.",طالب البصادي وزين بن اجمد وابن سيد عبد الله العلوي وأحمد بن اجمد وسيد أعمروالبشير بن امباركي وابن العماد
4559,Ṭālib b. Abātī al-Walātī al-Maḥbūbī,طالب بن أباتي‏ ‬الولاتي‏ ‬المحبوبي‏
4560,Ṭālib b. Akhṭūr,طالب بن اخطور
4561,Ṭālib b. al-Bātin,طالب بن الباتن
4562,Ṭālib b. Alfā b. Muḥammad b. Aḥmad Akād,طالب بن ألفا بن محمد بن أحمد أكاد
4563,Ṭālib b. Sīdi b. Ḥabīb b. Alfāgha al-Ḥamad,طالب بن سيد بن حبيب بن الفغ الحمد
4564,aṭ-Ṭālib Ibrāhīm b. Yūsuf at-Tāggāṭī,الطالب إبراهيم بن يوسف التاگاطي
4566,Muḥammad b. Abī Bakr aṣ-Ṣiddīq b. `Abd Allāh b. Muḥammad b. aṭ-Ṭālib `Ali Bannān al-Bārtaylī,محمد بن أبي بكر الصديق بن عبد الله بن محمد بن الطالب علي بنان البارتلي
4570,Ṭālib Muḥammad b. Limrābiṭ al-`Alawī,طالب محمد بن لمرابط العلوي
4571,Ṭālib Muḥammad Sīssī  (Cissé),طالب محمد سيسي
4572,Sinbayru b. al-Qāḍī Sīdī al-Wāfī b. al-Qāḍī Ṭālibna b. al-Qāḍī Sīd Aḥmad b. Igād al-Arawānī,سنبيرو بن القاضي سيدي الوافي بن القاضي طالبنا بن القاضي سيدي أحمد بن أگاد الأرواني
4573,Tamyu,تميو
4574,Tanarghī,تنرغي
4575,Tankū Zubayr,تنكو زبير
4576,Ṭanṭāwī b. Jawharī al-Miṣrī,طنطاوي بن جوهري المصري
4577,Taqī al-Dīn al-Maqrīzī,تقي الدين المقريزي
4578,Taqī al-Dīn Muḥammad b. `Alī b. Maṭī` al-Manfalūṭī,تقي‏ ‬الدين محمد بن علي‏ ‬بن مطيع المنفلوطي‏ ‏
4579,Tār b. `Abd Allāh b. Muḥammad Sālim,تار بن عبد الله بن محمد سالم
4580,Ṭarafa b. al-`Abd b. Sufyān al-Bakrī,طرفة بن العبد بن سفيان البكري
4581,Ṭarbanāṭī,طربناطي
4582,Ṭayyib b. `Abd al-Majīd b. Kīrān,طيب بن عبد الماجد ابن كيران
4583,Ṭayyib b. Adham,طيب بن ادهم
4584,Ṭayyib b. Aḥmad al-Sufyānī,طيب بن أحمد السفياني
4585,Ṭayyib b. al-Ḥājj `Uthmān,طيب بن الحاج عثمان
4586,Ṭayyib b. Muḥammad al-Sharīf al-Idrīsi al-Ḥasanī,طيب بن محمد الشريف الادريسي الحسني
4587,Ṭayyib b. Shabb,طيب بن شب
4588,Tha`ālibī,ثعالبي
4589,Thābat b. Qara,ثابت بن قرة‏
4590,Thānī,ثاني
4591,The Six Jāhalī poets,الشعراء الستة الجاهليون
4592,Tījānī b. Muḥammad al-Amīn al-Arawānī,تيجاني بن محمد الأمين الأرواني
4593,Tīnbuktī,تنبكتي
4595,"Tinbuktī , people of (Timbuktu)",أهل تنبكتي
4596,Tīrnū (Cerno) Jāwu al-Fūtajālī,تيرنو جاو الفوتجالي
4597,Tīrnū Hārūn (Cerno),تيرنو هارون
4598,"Tīshīt , people of",أهل عشاي بتيشيت
4599,at-Turād b. al-`Abbās al-Qalqamī,التراد بن العباس القلقمي
4600,Turād b. al-`Abbās al-Qalqamī and Muḥammad Aḥīd b. Maḥam,تراد بن العباس القلقمي ومحمد أحيد بن محم
4602,Ṭuwaylib Abū Bakr b. al-Qāsim,طويلب أبو بكر بن القاسم
4603,Ubb b. al-Qā'id Nāj b. al-Qā'id al-Zayn al-Tawdinī,أب بن القائد ناج بن القائد الزين التودني
4604,Ubb Muqrin,أب مقرن
4605,Ujdūd b. Aknūs (Aktūshan) al-`Alawī,أجدود بن أكنوس العلوي
4607,Jdūd b. Aktawashnī b. al-`Alawī,إجدود بن أكتوشني العلوي
4608,Ujdūd b. Muḥammad al-`Alawī al-Shinqīṭī,أجدود بن محمد العلوي الشنقيطي
4609,Umm Hānī bint `Umar,أم هاني بنت عمر
4614,Unknown,مجهول
4634,Abū al-Maḥāmd ibn `Abād,ابو المحامد‏ ابن عباد‏
4635,Abī Shāma,أبي‏ ‬شامة
4636,Abū `Abd Allāh,ابو عبد الله
4637,Abū `Abd Allāh al-Raṣṣa`,أبو عبدالله الرصّاع ‏
4639,Abu al-Ṣabāgh,أبو الصباغ‏ ‬‏
4642,Abū `Umarū,أبو عمرو
4643,Abū `Umarū al-Dīn,أبو عمرو الدين
4644,Abū `Abd Allāh Abī N`aym,ابو عبد الله‏ ابي‏ ‬نعيم‏
4647,Abū al-Faḍl,ابو الفضل
4655,Abū Zayd / Zaqāq / Abū al-Ḥasan,أبو زيد /‏ زقاق / ابو الحسن
4657,Barakāt,بركات‏ ‬‏
4658,Budda,بدِّ‏
4661,Ḥasan al-Mālikī,حسن المالكي‏
4662,Ḥaṭṭāb,حطّاب‏
4663,Ibn `Aāsam / Abū Bakr Mayāra,ابن عاصم‏ / ‬ابو بكر ميارة
4664,Ibn `Abbās,ابن عباس
4665,"Ibn `Āṣam, Abū Bakr al-Ḥaṭṭāb",ابن عاصم‏، ‬ابو بكر الحطّاب‏
4666,Ibn `Aṭṭā' Allāh,ابن عطاء الله‏
4667,"Ibn `Uskār, Abū al-Qāsim",ابن عساكر، ‬أبو القاسم
4669,Ibn Abī Jumra,ابن أبي‏ ‬جمرة‏
4670,Ibn Abī Sa`f,ابن أبي سعف
4673,"Ibn al-Bārzi, Abu al-Qāsim",ابن البارزي، ‬ابو القاسم‏ ‬
4682,Ibn Ghalbūn,ابن غلبون
4684,"Ibn Kabīr, Abū Muḥammad",ابن الكبير‏، ‬ابو محمد‏ ‬‏ ‬
4687,Ibn Muḥammad,ابن محمد
4688,"Ibn Nāsr al-Dīn, Shams al-Dīn",ابن ناصر الدين، ‬شمس الدين
4691,"Khāzan, Abū Ja`far",الخازن‏، ‬ابو جعفر
4692,Mala `Aṣām,ملا عصام‏
4693,Mālam Iyram,مالم إيرم
4699,Sh`ala,شعلة
4700,Shahāb al-Dīn,شهاب الدين‏
4701,Shaykh Abū Banna,شيخ أبو بنى
4702,"Yahya al-Dīn, Ibn `Arabī",محيي‏ ‬الدين، ابن عربي‏
4704,Zayn al-Dīn,زين الدين
4705,Zayn al-Dīn Abū al-Qāsim,زين الدين‏ ‬ابو القاسم‏ ‬
4707,Aḥmad b. al-Bashīr b. al-Ḥanashī al-Ghallāwī al-Shinqīṭī (?),أحمد بن البشير بن الحنشي‏ ‬الغلاوي‏ ‬الشنقيطي (؟)
4711,unknown student,مجهول
4712,unknown Sūdānī,مجهول سوداني
4713,unknown: about Ghādamis,مجهول: عن الغدامسة
4715,unknown: Mūrītānī (Mauritanian),مجهول: موريتاني
4716,Waddarfan b. Muḥammad b. Muḥammad b. Inẓamat,ودرفن بن محمد بن محمد بن إنظمت
4717,Wadī,ودي
4718,Wadī`a b. Abī Bakr Ṭuhrāwī,وديعة بن أبي بكر طهراوي
4719,Wāfī b. Aḥmad b. Muḥammad b. Muḥammad Bīr al-Arawānī,وافي بن أحمد بن محمد بن محمد بير الأرواني
4720,Wāfī b. Muḥammad b. al-Ṣāliḥ,وافي بن محمد بن الصالح
4721,Wahab b. al-Wardī,وهاب بن الوردي
4722,"Walāta, people of",ولاة، اهل
4723,Wālī Allāh b. Marzūq,ولي الله بن مرزوق
4724,Wālī b. al-Ya`qūbī,ولي بن اليعقوبي
4725,Wālī Bandīa,ولي بندية
4726,Walīd b. `Ubayd al-Buḥturī al-Ṭā'ī,وليد بن عبيد البحتري الطائي
4728,Walīd Muḥammad,ولد امحمد
4729,Ya`īsh al-Sūqī,يعيش السوقي
4730,Ya`qūb al-Kūmī,يعقوب الكومي
4731,Ya`qūb al-Manṣūr,يعقوب المنصور
4733,Ya`qūb b. `Abd al-Raḥmān b. `Alī (compiler),يعقوب بن عبد الرحمان بن علي
4734,Ya`qūb b. Badrān,يعقوب بن بدران
4735,Ya`qūb b. Bidār,يعقوب بن بدار
4736,Ya`qūb b. Isḥāq al-Kūfī,يعقوب بن إسحاق الكوفي
4737,Ya`qūb b. Isḥāq b. `Umaran al-Kandī Abī Yūsuf,يعقوب بن إسحق بن عمرن الكندي أبي يسوف
4738,Ya`qūb b. Muḥammad b. Bāba b. ash-Shaykh Sīdiyyā al-Abyayrī al-Intishā'ī,يعقوب بن محمد بن بابه بن الشيخ سيديا الآنتشائي الأبييري
4739,Ya`qūb b. Sa`īd b. Ya`qūb al-Maklātī,يعقوب بن سعيد بن‏ ‬يعقوب المكلاتي
4740,Yaḥṣubī b. Muḥammad al-Ṭāhir b. Antahū al-Anṣārī,يحصبي بن محمد الطاهر بن أنتهو الأنصاري
4741,Yahūthā b. Sa`d al-Zakzakī,يهوذا بن سعد الزكزكي
4742,Yaḥya `Atīq,يحيى عتيق
4743,Yaḥya al-Amīn,يحيى الأمين
4744,Yaḥya b. `Abd Allāh al-Anṣārī al-Ūshī,يحيي بن عبد الله الأنصاري الأوسي
4745,Yaḥya b. `Abd Allāh al-Maghribī,يحيي بن عبد الله المغربي
4746,Yaḥya b. Abī Hafs `Umar b. Abī Bakr,يحيي بن أبي حفص عمر بن أبي بكر
4747,Yaḥya b. Aḥmad Fāl al-Tandaghī,يحيي بن أحمد فال التندغي
4748,Yaḥya b. al-Mu`ṭī b. `Abd al-Nūr al-Maghribī,يحيي بن المعطي بن عبد النور المغربي
4749,Yahya b. Jabrīl, يحيى بن جبريل
4750,Yaḥya b. Layya b. Sa`īd,يحيي بن ليا بن سعيد
4751,Yaḥya b. Ma`ādh al-Dar`ī,يحيي بن معاذ الدرعي
4752,Yaḥya b. Mu`ṭī,يحيي بن معطي
4753,Yaḥya b. Muḥammad,يحيي بن محمد
4754,Yaḥya b. Muḥammad al-Manāwī,يحيي بن محمد المناوي
4756,Yaḥya b. Muḥammad b. Hubayra al-Shaybānī,يحيي بن محمد بن هبيرة الشيباني
4758,Yahya b. Nūr al-Dīn Abī al-Khayr b. Mūsa al-`Imrīṭī,يحيى بن نور الدين ابي‏ ‬الخير بن موسى العمريطي‏
4760,Yahya b. Sa`īd al-Karāmī al-Simlālī,يحيى بن سعيد الكَرَّامي‏ ‬السملالي‏ ‬
4763,Yaḥya b. Sa`īd b. Yaḥya,يحيي بن سعيد بن يحي
4764,Yaḥya b. Ṣāliḥ al-Qādirī,يحيي بن صالح القادري
4768,Yaḥyā b. Sharaf b. Marī al-Nawawī,يحيي بن شرف بن مري النووي
4769,Yaḥya b. Zakariyyā' al-Ūshī,يحيي بن زكرياء الأوسي
4770,Yaḥya Jibrīl,يحيى جبريل
4771,Yaḥya Muḥammad,يحيي محمد
4772,Yaḥya Muḥammad al-Amīn,يحيى محمد الأمين
4773,Yahzia al-Mawlūdi al-Ḥasanī al-Idrīsi,يحظيه المولودي الحسني الادريسي
4774,Yālwān Ibrāhīm,يالوان إبراهيم
4775,Yamānī (?),يماني (؟)
4776,Yarū al-Fulānī,يرو الفلاني
4777,Yarū b. Samba b. Būwī Abī Bakr al-Māsinī,يرو بن سمب بن بوي أبي بكر الماسيني
4779,Yasār b. Qaṣṣār al-Ṭā'ī,يسار بن قصار الطائي
4780,Yass b. Zayn al-Dīn al-Ḥamṣi al-`Ulaymī,يس بن زين الدين الحمصي‏ ‬العُلَيْمي‏ ‬ ‬
4782,Yūb b. Aḥmad,يوب بن أحمد
4783,Yūsuf al-Amyīnī al-Shāfi`ī,يوسف الأميوني الشافعي
4784,Yūsuf al-Fīshī,يوسف الفيشي
4785,Yūsuf al-Tadūrmī,يوسف التدورمي‏ ‬ ‬
4786,Yūsuf b. `Abd al-Qādir b. Aḥmad al-Qargharī al-Barnāwī, يوسف بن عبد القادر بن أحمد القرغري البرناوي 
4788,Yūsuf b. `Abd Allāh al-Qurṭubī,يوسف بن عبد الله القرطبي
4789,Yūsuf b. `Umar al-Anfāsī,يوسف بن عمر الأنفاسي‏‏
4790,Yūsuf b. `Umar al-Namarī,يوسف بن عمر النمري
4791,Yūsuf b. Abī Bakr,يوسف بن أبي بكر
4793,Yūsuf b. Abī Bakr b. Muḥammad b. `Alī al-Sakākī,يوسف بن ابي‏ ‬بكر بن محمد بن علي‏ ‬السكاكي‏ ‬
4794,Yūsuf b. Abī Bakr b. Mūsa b. Yūsuf,يوسف بن أبي بكر بن موسي بن يوسف
4795,Yūsuf b. Fūdī al-Sūdānī,يوسف بن فودي السوداني
4796,Yūsuf b. Idrīs,يوسف بن إدريس
4797,Yūsuf b. Ismā`īl al-Nabhānī,يوسف بن إسماعيل النبهاني
4799,Yūsuf b. Muḥammad,يوسف بن محمد
4800,Yūsuf b. Muḥammad al-Naḥwī al-Tawzarī,يوسف بن محمد النحوي التوزري
4802,Yūsuf b. Muḥammad b. `Alī b. Yūsuf al-Fāsī al-Fihrī,يوسف بن محمد بن علي بن يوسف الفاسي الفهري
4803,Yūsuf b. Mūsa b. Hārūn Bambā,يوسف بن موسى بن هارون بمبا
4805,Yūsuf b. Sa`īd al-Filālī,يوسف بن سعيد الفلالي
4808,Yūsuf b. Sa`īd al-Ghalālī, يوسف بن سعيد الغلالي
4810,Yūsuf b. Sulaymān b. `Īsa al-Shantamarī,يوسف بن سليمان بن عيسي الشنتمري
4812,Yūsuf Basha b. `Alī Bāshā al-Qarmālī al-Rūmī,يوسف باشا بن علي باشا القرمالي الرومي
4813,Yūsuf Kamghatī,يوسف كمغتي
4814,Yūsuf Kūnātī,يوسف كوناتي
4816,Zakariyyā' b. Muḥammad b. Aḥmad al-Anṣārī,زكرياء بن محمد بن أحمد الأنصاري
4817,Zaydān b. Aḥmad,زيدان بن أحمد
4818,Zayn al-`Abidīn `Alī b. al-Ḥusayn b. `Alī b. Abī Ṭālib,زين العابدين علي بن الحسين بن علي ابن أبي طالب
4819,Zayn al-`Ābidīn al-Janāwī,زين العابدين الجناوي
4820,Zayn al-`Ābidīn al-Kuntī and Sīdi Ḥamād b. Sīdi al-Mukhtār b. Sīdi Muḥammad,زين العابدين الكنتي وسيد حماد بن سيد المختار بن سيد محمد
4821,Zayn al-`Abidīn b. Muḥammad b. Maylūd b. al-Maḥmūd Lillah,زين العابدين بن محمد بن ميلود بن المحمود لله
4822,Zayn al-Dīn Muḥammad Jabrīl,زين الدين محمد جبريل‏
4823,Zayn b. `Abd al-`Azīz al-Jubahī,زين بن عبد العزيز الجبهي
4827,Zayn b. Aḥmad,زين بن أحمد
4828,Zayn b. al-Amīn,زين بن الأمين
4829,Zayn b. al-Maḥbūbī al-Daymānī al-Yadālī,زين بن المحبوبي اليدالي الديماني
4830,Zayn b. Ajjamad al-Yadālī,زين بن اجمد اليدالي
4832,Zubayr al-Ḥasan b. Sīdi Muḥammad b. al-A`mash and Muḥammad Yaḥya al-Walātī,زبير الحسن بن سيد محمد بن الأعمش ومحمد يحيي الولاتي
4833,Zuhayr b. Abī  Sulmā al-Muzānī,زهير بن أبي سلمي المزني
4836,Zum`a b. Muḥammad al-Fallātī,زمعة بن محمد الفلاتي
4837,Askiyā Muḥammad Turī,أسكيا محمد
4838,Abū Bakr Khālidū Bā,أبو بكر خالدو با
4839,`Abd Allāh b. al-Mubārik,عبد الله بن المبارك
4840,`Abd ar-Raḥmān (Faḥfū [Vaḥvu]) b. al-Mukhtār b. al-Ḥabīb al-Massūmī,عبد الرحمن (فحفو) بن المختار بن الحبيب المسومي
4841,`Abd Allāh b. Muḥammad b. Mawlūd Fāl  [Ṿāl] al-Ya`qūbī al-Mūsawī,عبد الله بن محمد بن مولود فال اليعقوبي الموسوي
4842,Aḥmad b. Muḥammad b. Abī Bakr at-Tīshītī,أحمد بن محمد بن أبي بكر التيشيتي
4843,ash-Sharīf ash-Shābb,الشريف الشاب
4844,Khalīfa b. `Abdī Fāl,خليفة بن عبدي فال
4845,Muḥammad `Abd Allāh b. Bashīr al-Gulālī aj-Jakanī,محمد عبد الله بن البشير الكلالي الجكني
4846,Muḥummadhun Aghrabaṭ b. Aḥmad Maylūd al-Ḥājī,محمذن أغربط بن أحمد ميلود الحاجي
4847,Mūlāy Aḥmad b. ash-Shaykh b. Mūlāy Ismā`īl al-Ḥawḍī al-Ḥasanī,مولاي أحمد بن الشيخ بن مولاي إسماعيل الحوضي الحسني
4848,ash-Shbīh b. Muḥammad Sālim b. Bbūh al-Ya`qūbī al-Mūsawī,الشبيه بن محمد سالم بن ابوه اليعقوبي الموسوي
4849,Muḥammad Fāḍil [Ṿāḍil] b. Muḥammad b. A`baydī al-Ḥasanī,محمد فاضل بن محمد بن اعبيدي الحسني
4850,Aḥmad b. Muḥanḍ Aḥmad al-Mālikī al-Aḥmadhan A`dayjī,أحمد بن مَحَنْض أحمد المالكي الأحمذن اعْدَيْجِي
4851,Muḥummadhun Fāl [Ṿāl] b. Mbārīgī al-Yadmusī,محمذن فال بن امباريگي اليدمسي
4852,al-Mukhtār as-Sālim b. Muḥummadhun b. `Abbās al-Mālikī al-Ābbayrī,المختار السالم بن محمذن بن عباس الآبيري
4853,al-Muṣṭafā b. al-`Alīm al-Mālikī al-Abābakī at-Tandaghī,المصطفى بن العالم المالكي الأبابكي التندغي
4854,`Abd Allāh b. al-Imām al-Bbāta [Ḅḅāta] an-Nizārī,عبد الله بن الإمام الأباتي النزاري
4855,`Abd Allāh b. Abī Bakr b. Aḥmad b. Hayba al-Abdūkulī,عبد الله بن أبي بكر بن أحمد بن هيبه الأبدوكلي
4856,Abū Bakr b. Muḥammad ash-Shaykh b. Ibrāhīm al-Abyayrī,أبو بكر بن محمد الشيخ بن إبراهيم الأبييري
4857,Aḥmad Sālik b. Muḥummadhun b. `Abbās al-Abyayrī,أحمد سالك بن محمذن بن عباس الآبيري
4858,Akhyār Ahlu b. `Abd Allāh b. A`baydī al-Abyayrī,أخيار أهله بن عند الله بن عبدي الأبييري
4859,A`mar b. al-Fāḍil [Ṿāḍil] b. Budda al-Abyayrī,أعمر بن الفاضل بن بده الأبييري
4860,Ibrāhīm b. Muḥammad b. Sīdī al-Mukhtār b. Sīdīyyā al-Intishā'ī al-Abyayrī,إبراهيم بن محمد بن سيدي المختار بن الشيخ سيديا الإنتِشائي الإبيري
4861,Sālim b. Isallmu b. A`li Nbiṭālib b. `Abd al-Wadūd al-Abyayrī,سالم بن إسَلْمُ بن أعلي انْبطالب بن عبد الودود الأبييري
4862,Sīdī Muḥammad b. Dāddāh al-Abyayrī al-Intishā'ī,سيدي محمد بن داداه الأبييري الإنتشائي
4863,`Abd Allāh b. Aḥmad b. `Abbās al-Ābbayrī,عبد الله بن أحمد بن عباس الآبيري
4864,`Abd al-Wadūd b. Sīdī `Abd Allāh al-Abyayrī,عبد الودود بن سيدي عبد الله الأبييري
4865,Fāṭima [Vāṭma] bint Muḥammad Maḥmūd b. `Abd al-Fattāḥ al-Abyayriyya,فاطمة بنت محمد محمود بن عبد الفتاح الأبييرية
4866,Muḥammad al-Muṣṭafā b. Sīdī b. Muḥammadā b.`Umar al-Abyayrī,محمد المصطفى بن سيدي بن محمدا بن عمر الأبييري
4867,Muḥummadhun b. Muḥummadhun Fāl [Ṿāl] b. Aḥmad b. `Abbās al-Ābbayrī,محمذن بن محمذن فال بن أحمد بن عباس الآبيري
4868,Muḥammad b. Yikbir b. Amīn al-Ābbayrī,محمد بن يكبر بن آمين الآبيري
4869,Muḥammad Khaṭṭār b. al-Bakkā'ī b. Muḥammad b. Sa`īd al-Abyayrī,محمد خطاري بن البكاي بن محمد بن سيد الأبييري
4870,Muḥammad Sālim b. Muḥummadhun Fāl [Ṿāl] [Ḅḅāḅḅa] al-Abyayrī,محمد سالم بن محمذن فال أبَّابَّ الآبيري
4871,Muḥammaddin b. `Abd aṣ-Ṣamad b. `Abd al-Mālik al-Ābbayrī,محمدن بن عبد الصمد بن عبد الملك الآبيري
4872,Muḥammaddin b. al-Mukhtār as-Sālim b. `Abd Allāh al-Ābbayrī,محمدن بن المختار السالم بن عبد الله الآبيري
4873,Muḥammaddin b. Muḥammaddū (Bbu) b. `Abd Allāh al-Ābbayrī,محمدن بن محمدو (بو) بن عبد الله الآبيري
4874,Muḥammad b. Uwwāhu al-Abyayrī al-Idabba`mrī,محمد بن أواهو الأبييري الأدبعمري
4875,Muḥammad Sīdīnā b. Aḥmad Maḥmūd b. Sīdīnā al-Abyayrī,محمد سيدينا بن أحمد محمود بن سيدينا الأبييري
4876,Muḥummadhun b. Muḥammadā al-Abyayrī al-Idabba`mrī,محمذن بن محمدا الأبييري الإدبعمري
4877,Aḥmad b. Muḥammad b. ash-Shaykh Sīdīyya Bāba al-Intishā'ī al-Abyayrī,أحمد بن محمد بن الشيخ سيديا بابه الإنتشائي الأبييري
4878,Yūsuf b. Bāba b. Sīdī Muḥammad b. ash-Shaykh Sīdiyyā al-Intishā'ī al-Abyayrī,يوسف  بن بابه بن سيدي محمد بن الشيخ سيديَّا الآنتشائي الأبييري
4879,ash-Shaykh b. Aḥmad Maḥmūd al-Khājīlī [al-Khādjīlī] al-Abyayrī,الشيخ بن أحمد محمود الخاجيلي الأبييري
4881,Muḥammad `Umrān b. Sīdī b. Ashfagha [Atshfagha] al-Busātī,محمد عمران بن سيدي بن أشفغ البساتي
4882,Sīdī b. `Abd Allāh b. Muḥammad b. Aḥmad al-Khalaf al-Alfagha Ḥayballī,سيدي بن عبد الله بن محمد بن أحمد الخلف الألفغَ حيبلي
4883,Muḥammad Mbārik b. Babakr al-Alfagha Ḥayballī,محمد امبارك بن ببكر الألفغ حيبلي
4884,Aḥmad Bazayd b. Muḥammad Sa`īd al-Alfagha Ḥayballī,أحمد بَزَيْدْ بن محمد سعيد الألْفَغِ حيْبَلِّي
4885,Muḥammad al-Amīn b. Muḥammad al-Alfagha Ḥayballī,محمد الأمين بن محمد الألفغ حيبلي
4886,Muḥammad b. al-Mukhtār b. Sīdī b. Sa`īd al-Alfagha al-Ḥayballī,محمد بن المختار بن سيدي بن سعيد الألفغ حيبلي
4887,Muḥammad `Abd ar-Raḥmān b. Muḥummadhun Akhyār al-Alfagha Ḥayballī,محمد عبد الرحمن بن محمذن بن أخيار الألفغ حيبلي
4888,Muḥummadhun b. Mḥammad al-Amīn al-Alfagha Ḥayballī,محمذن بن امحمد الأمين الألفغَ حيبلي
4889,Muḥammad Maḥmūd b. Muḥummadhun b. Ashfagha [Atshfagha] al-Muṣṭafā al-Ashfagha [Atshfagha] al-Ḥayballī,محمد محمود بن محمذن بن أشفغ المصطف الألفغ حيبلي
4890,Sīdī b. Anjubnān [Ndyubnān] b. Muḥammad b. Aḥmad Jahaja [Dyahdya] (جهجه) al-Alfagha Ḥayballī,سيدي بن انجبنان بن محمد بن أحمد جهجه الألفغ حيبلي
4891,Muḥummadhun b. Munīra al-Alfaghī [al-Idātfaghī],محمذن بن منيرة الألفغي
4892,Sālim b. al-Muṣṭafā b. Abbūda al-Alfaghī [al-Idātfaghī] al-Ḥubbaynī,سالم بن المصطفى بن آبودَه الألفغي الحبيني
4893,Munīra b. Ḥabīb Allāh [Ḥabībaḷḷā] al-Alfaghī [al-Idātfaghī],منيرة بن حبيب الله الألفغي
4894,Muḥammaddu b. al-Mukhtār aj-Jār (الْجَارْ) b. Abūbak al-Intābī,محمدو بن المختار (الْجَارْ) بن أبُوبَكْ الأَنتَابِي
4895,A`mar Mawlūd b. Shaybatta al-Intābī,أَعْمَرْ مَوْلُودْ بن شَيْبَة الأَنْتَابِي
4896,Aḥmad b. aj-Jar al-Intābī,أحمد بن الجار الإنتابي
4897,Murābiṭ b. Khaṭrī al-Idāshfaghī [al-Idātfaghī],المرابط بن خطري الإداشفغي
4898,Aḥmadnāh b. Ghulām b. Aḥmad b. Hammar al-Idagfūdī at-Tandaghī,أحمدْنَاهْ بن غلام بن أحمد بن هَمَّرْ الإِدَكفُودْيي التَّنَدغي
4899,Abbūh (Aḥmad Fāl [Ṿāl]) b. Muḥammad Fāl [Ṿāl] b. Muḥammad b. Asyād al-Idakwūdyī,أحمدْ فال بن محمد فال بن محمد بن أسياد الإدَكُّودِي
4900,Muḥummadhun Bāba b. Muḥammad b. Mbārik b. Bābbīh al-Idakwūdyī,محمذن بابه بن محمد بن امبارك بن بابيه الإدكودي
4901,al-Muṣṭafā b. Muḥummadhun b. Muṣṭafā al-Idakwūdyī,المصطفى بن محمذن بن المصطفى الإدَكُّودِي
4903,ash-Shaykh Aḥmad Maḥmūd b. al-Ghallāwī al-Idyaydbī,الشيخ أحمد محمود بن الغلاوي الإديجبي
4904,Bāba Aḥmad al-Idyaydbī,بابه أحمد الإديجبي
4905,Shakrūd b. Muḥammad b. Maḥmūd al-Idyaydbī,شكرود بن محمد بن محمود الإديجبي
4906,ash-Shaybānī b. Muḥammad Yaḥya b. Muḥammad Atfagha [Atshfagha] al-Idyaydbī,الشيباني بن بن محمد يحي بن محمد أشفغ الإديجبي
4907,`Abd Allāh b. ash-Shaykh `Abd Allāh al-Kabīr al-Idyaydbī,عبد الله بن الشيخ عبد الله الكبير الإديجبي
4908,Muḥammad b. ash-Shaykh `Abd Allāh al-Idyaydbī,محمد بن الشيخ عبد الله الإديجبي
4909,Muḥammad `Abd ar-Raḥmān b. al-Bārr al-Idyaydbī,محمد عبد الرحمن بن البار الإديجبي
4910,Muḥammad `Abd Allāh b. al-Ghallāwī al-Idyaydbī,محمد عبد الله بن الغلاوي الإديجبي
4911,Muḥammad Yaḥya b. al-Munjī al-Idyaydbī,محمد يحيى بن المنجى الإديجبي
4912,al-Muṣṭafā b. ash-Shaykh `Abd Allāh al-Idyaydbī,المصطفى بن الشيخ عبد الله الإديجبي
4913,al-Muṣṭafā b. al-Munjī al-Idyaydbī,المصطفى بن المنجى الإديجبي
4914,al-Muṣṭafa b. Udā`a al-Idyaydbī,المصطفى بن أداعة الإديجبي
4915,Aḥmad Sālim b. Bāggā al-Idawdanyuqbī,أحمد سالم بن باگا الإدودنيعقبي
4917,`Abd Allāh b. aṭ-Ṭālib `Uthmān az-Zaḥḥāfī al-Idayllbī,عبد الله بن الطالب عثمان الزحافي الإديلبي
4918,Sīdī Aḥmad b. Muḥammad b. Ā`jjī al-Idayllbī al-Walātī,سيدي أحمد بن محمد بن أعجي الإديلبي الولاتي
4919,Aḥmad Miska b. al-`Atīq al-Bārikī,أحمد مسكه بن العتيق الباركي
4920,Aḥmad Ya`qūb b. Muḥammad b. Abnu`umar al-Bārikī,أحمد يعقوب بن محمد بن أبنعمر الباركي
4921,Sīdī `Abd Allāh b. al-Fāẓil al-Bārikī,سيدي عبد الله بن الفاظل الباركي
4922,Muḥammad al-Māmī [al-Ṃāṃī] b. Muḥammad b. Maḥmūdan b. al-Amīn al-Bārīkī,محمد المامي بن محمد بن محمودن بن الأمين الباركي
4923,al-Mrābiṭ b. `Abd al-`Azīz al-Bārikī,المرابط بن عبد العزيز الباركي
4924,al-Bukhārī b. al-Filālī al-Miskī al-Bārikī,البخاري بن الفلالي المسكي الباركي
4925,Muḥammad b. al-Bukhārī al-Bārikī,محمد بن البخاري الباركي
4926,Aḥmad b. Abī Bakr b. al-Ḥāj `Abd ar-Raḥmān al-Bārtaylī [al-Ḅārittaylī],أحمد بن أبي بكر بن الحاج عبد الرحمن البارتلي
4927,Aḥmad b. `Abd Allāh b. Aḥmad b. Bbūh al-Bārtaylī [al-Ḅārittaylī],أحمد بن عبد الله بن أحمد بن ابوه البارتلي
4928,Bāba Muḥammad b. al-Bashīr al-Bārtaylī [al-Ḅārittaylī],بابه محمد بن البشير البارتلي
4929,`Alī b. aṭ-Ṭālib A`mar al-Bārtaylī [al-Ḅārittaylī],علي بن الطالب أعمر البارتلي
4930,aṭ-Ṭālib A`lī b. Muḥammadnā Allāh [Muḥunḍ N-aḍḍa] b. aṭ-Ṭālib Jibrīl al-Bārtaylī [al-Ḅārittaylī],الطالب اعلي بن محمدن ا لله بن الطالب جبريل البارتلي
4931,Muḥammad `Abd Allāh b. aṭ-Ṭālib Aḥmad al-Bārtaylī [al-Ḅārittaylī],محمد عبد الله بن الطالب أحمد البارتلي
4932,Aḥmad b. Muḥammad b. `Abd Allāh b. Abī Bakr aṣ-Ṣiddīq al-Bārtaylī [al-Ḅārittaylī],أحمد بن محمد بن عبد الله بن أبي بكر الصديق البارتلي
4933,Jiddū b. aṭ-Ṭālib aṣ-Ṣaghīr al-Bārtaylī [al-Ḅārittaylī],جدو بن الطالب الصغير البارتلي
4934,Bashīr b. al-Ḥāj Abī Bakr b. aṭ-Ṭālib Muḥammad b. aṭ-Ṭālib A`mar al-Bārtaylī [al-Ḅārittaylī],بشير بن الحاج أبي بكر بن الطالب محمد بن الطالب أعمر البارتلي
4936,Muḥammad al-Mukhtār b. al-Ma`rūf al-Barkannī,محمد المختار بن معروف البركني
4937,Muḥammad al-Amīn b. ash-Shaykh al-Ma`lūm b. `Abd Allāh al-Kawrī al-Busātī,محمد الأمين بن الشيخ المعلوم بن عبد الله الكوري البساتي
4938,ash-Shaykh al-Ḥasan b. ash-Shaykh al-Ma`lūm al-Busātī,الشيخ الحسن بن الشيخ المعلوم البساتي
4939,Sīdātī b. al-Ma`lūm al-Busātī,سيداتي بن المعلوم البساتي
4940,Sīd Aḥmad al-Bakkāy b. ash-Shaykh al-Ma`lūm al-Busātī,سيدي أحمد البكاي بن الشيخ المعلوم البساتي
4941,al-Quṭb b. ash-Shaykh al-Ma`lūm al-Busātī,القطب بن الشيخ المعلوم البساتي
4942,Muḥammad al-Amīn b. aṣ-Ṣabbār al-Busātī,محمد الأمين بن الصبار البساتي
4943,Muḥammad al-Amīn b. Bāba al-Busātī,محمد الأمين بن بابه البساتي
4944,Muḥammad al-Amīn b. Muhammad al-Aghẓaf b. ash-Shaykh al-Ma`lūm al-Busātī,محمد الأمين بن محمد الأغظف بن الشيخ المعلوم البساتي
4945,Muḥammad al-Fāḍil [Ṿāḍil] b. ash-Shaykh al-Ma`lūm al-Busātī,محمد فاضل بن الشيخ المعلوم البساتي
4946,Muḥammad Ibrāhīm b. Muḥammad `Umrān al-Busātī,محمد إبراهيم بن محمد عمران البساتي
4947,Muḥammad Fāl [Ṿāl] b. `Abd Allāh b. aṭ-Ṭālib A`mar al-Busātī,محمد فال بن عبد الله بن الطالب أعمر البساتي
4948,Muḥammad Maḥmūd b. Taqī Allāh al-Busātī,محمد محمود بن تقي الله البساتي
4949,Muḥammad Maḥmūd b. Muḥammad Yahẓīh al-Busātī,محمد محمود بن محمد يحظيه البساتي
4950,Muḥanḍ Bāba b. Sīdī b. an-Nājī al-Busātī,محنض بابه بن سيديا بن الناجي البساتي
4951,al-Ma`lūm b. `Abd Allāh al-Kawrī al-Busātī,الشيخ المعلوم بن عبد الله الكوري البساتي
4952,Muḥammad al-Amīn b. Aḥmadda b. `Abd al-Wadūd al-Busātī,محمد الأمين بن أحمده بن عبد الودود البساتي
4953,Muḥammad al-Mujtabā b. Khaṭrī b. al-Mujtabā al-Busātī,محمد المجتبي بن خطري بن المجتبي البساتي
4954,`Abd Allāh b. al-Māmī [al-Ṃāṃī] al-A`jī [A‘dyī] al-Busātī,عبد الله بن المامي الأعجي البساتي
4955,Jiddnā b. Ḥabib Allāh b. Abī Bakr al-Būḥubbaynī at-Tandaghī,جدنا بن حبيب الله بن أبي بكر البوحبيني التندغي
4956,Aḥmad al-Maqarrī b. `Abd Allāh b. Muḥummadhun al-Būḥubbaynī at-Tandaghī,أحمد المقري بن عبد الله بن مُحمذَنْ البُوحُبيَّني التندغي
4957,Ṣillaḥī b. al-Maqarrī b. `Abd Allāh al-Būḥubbaynī at-Tandaghī,صلاحي بن المقري بن عبد الله البوحبيني التندغي
4958,Muḥammad b. al-Muṣṭafa b. Muḥanḍ Aḥmad al-Būḥubbaynī at-Tandaghī,محمد بن المصطفى بن محنض أحمد البوحبيني التندغي
4959,Ibrāhīm Fāl [Ṿāl] b. al-Muṣṭafā b. Ājjah al-Ghallāwī at-Tāshidbītī,إبراهيم فال بن المصطفى بن آجه  الغلاوي التاشدبيتي
4960,Ḥaymidda b. `Abd Allāh b. Ḥmiddān al-Ghallāwī at-Tāshidbītī,حيمده بن عبد الله بن احمدان الغلاوي التاشدبيتي
4961,Muḥammad b. Aḥmad b. al-Mukhtār b. Ājja (آجه) at-Tinwājīwī at-Tāshidbītī al-Ghallāwī,محمد بن أحمد بن المختار بن آجه التنواجيوي التاشدبيتي الغلاوي
4962,al-Mukhtār b. Muḥammad Āskar al-Ghallāwī at-Tāshidbītī,المختار بن محمد آسكر الغلاوي التاشدبيتي
4963,`Abd al-Wadūd b. `Abd ar-Raḥmān al-Bābbī (البابي) at-Tinwājīwī,عبد الودود بن عبد الرحمن البابي التنواجيوي
4964,Aḥmad b. Ashfagha [Atshfagha] at-Tāgnītī,أحمد بن أشفاغ التاكنيتي
4965,Sīdi Muḥammad b. Muḥammad b. Aḥmad at-Tāggāṭī,سيد محمد بن محمد بن أحمد التاگنيتي
4966,Ḥabīb Allāh [Ḥabībaḷḷā] b. Aḥmad b. Muḥammad Ḥurma at-Tāgnītī,حبيب الله بن أحمد بن محمد حرمة تاكنيتي
4967,Aḥmad Bāba b. Busayf at-Tāggāṭī,أحمد بابه بن بوسيف التاگاطي
4968,`Abd ar-Raḥmān b. A`mar Babāna at-Tāggāṭī,عبد الرحمن بن أعمر ببان التاگاطي
4969,Muḥammad `Abd al-Qādir b.`Abd Allāh b. Aḥmad at-Tāggāṭī,محمد عبد القادر بن سيد محمد التاگاطي
4970,Muḥammadī b. Sīdī `Uthmān at-Tāggāṭī al-Dāwudī (waṭanan),محمدي بن سيدي عثمان التاگاطي نسبا الداودي وطنا
4971,Ismā'il b. Sīdī Muḥammad b. `Abd al-Fattāḥ at-Turkuzī,إسماعيل بن سيدي محمد بن عبد الفتاح التركزي
4972,ash-Shaykh Sīdi b. Sīdīyya at-Turkuzī,الشيخ سيد بن سيدي التركزي
4973,Muḥammad al-Amīn b. Muḥammad Mūsa b. Sīdī at-Turkuzī,محمد الأمين بن محمد موسى بن سيدي التركزي
4974,Muḥammad Maḥmūd b. at-Talāmīd at-Turkuzī ash-Shinqīṭī,محمد محمود بن التلاميد التركزي الشنقيطي
4975,Muḥammad Fāl [Ṿāl] b. Ābbannī (آبني) at-Tāmglāwī,محمد فال بن آبني التامگلاوي
4976,Aḥmad b. Būl`arāf at-Tiknī al-Wādnūnī at-Tinbuktī,أحمد بن بولعراف التكني الوادنوني التنبكتي
4977,Ammannī b. al-`Uwaylim (العويلم) at-Tandaghī al-Agdabījī (الأكدبيجي),امني بن العويلم التندغي الأكدبيجي
4978,Nna b. aṣ-Ṣafī al-Idagfūdī (الإدكفودي) at-Tandaghī,انَّه بن الصفي الإدكفودي التندغي
4979,Abnū `Umar b. Sīdī al-Muṣṭaf at-Tandaghī,أبنو عمر بن سيدي المصطف التندغي
4980,Aḥmaddu b. Abbā wuld Aghmīrātī (اغْمِرَاتي) at-Tandaghī,أحمدُّ بن آبَّا ولد اغْمِرَاتي التندغي
4981,Aḥmad b. Muḥammad b. Aḥmad b. al-Bashīr at-Tandaghī,أحمد بن محمد بن أحمد بن البشير التندغي
4982,Aḥmad b. Muḥummadhun b. al-Bukhārī b. al-Mu`ammar at-Tandaghī al-Arba`īnī,أحمد بن محمذن بن البخاري بن المعمر التندغي الأربعيني
4983,Aḥmad Zarrūq b. Bullahā (بُلَّها) ar-Rakkūnī (الركوني) al-Būḥubbaynī at-Tandaghī,أحمد زروق بن بُلَّها الركوني البوحبيني التَّنْدَغِي
4984,Aḥmad Sālim b. al-Muṣṭafā b. al-Mukhtār Ummu b. Muḥammad b. Bū Ya`dil al-Abījī at-Tandaghī,أحمد سالم بن المصطفى بن المختار امو بن محمد بن بويعدل الأبيجيالتندغي
4985,Aḥmad Fāl [Ṿāl] b. Imījin (إيميجن) b. `Abd Allāh b. Muḥanḍ at-Tandaghī,أحمد فال بن إيميجن بن عبد الله بن محنض التدغي
4986,Aḥmad Yūra (يُورَهْ) b. Muḥamd Aḥmad b. Muḥammad `Abd ar-Raḥmān b. ar-Rabbānī at-Tandaghī,أحمد يُورَهْ بن محمد أحمد بن محمد عبد الرحمن بن الرباني التندغي
4987,Aḥmaddū b. Bbā ar-Rakkūnī (الركوني) at-Tandaghī,أحمدُّو بن ابا الركوني التندغي
4988,Aḥmaddū `Umaru b. as-Sālik at-Tandaghī,أحمدُّو بن عمارو بن السالك التندغي
4989,Aḥmaydī b. aṣ-Ṣiddīq al-Būḥubbaynī at-Tandaghī,أحميدي بن الصديق البوحبيني التندغي
4990,al-Amīn b. al-Muṣṭafā b. Aḥmaddū b. al-`Īdī at-Tandaghī,الأمين بن المصطفى بن أحمدُّو بن العيدي التندغي
4991,Ḥamdi b. Ḥamdī b. Aḥmad b. aj-Jamāl al-Indayjagurārī (الانديجگُرَاري) at-Tandaghī,حمدي بن حمدي بن أحمد بن جمال الانديجگُرَاري التندغي
4992,ad-Daymānī b. Aḥmaddu b. `Abddī al-Būḥubbaynī at-Tandaghī,الديماني بن أحمدُّ بن عَبْدِي البوحبيني التَّنْدَغِي
4993,`Abd ar-Raḥmān b. al-Muṣṭafā b. al-Mukhtār Ummu b. Muḥammad b. Bū Ya`dil al-Abījī at-Tandaghī,عبد الرحمن بن المصطفى بن المختار أمو التندغي الأبيجي
4994,`Alī b. Muḥammad b. `Abd Allāh b. Maḥḥam at-Tandaghī,علي بن محمد بن عبد الله بن محم التندغي
4995,al-Ghazālī b. Jābir at-Tandaghī,الغزالي بن جابر التندغي
4996,Ḥamdi b. al-Mukhtār al-Ikhwāwī [nasaban] at-Tandaghī [waṭanan],حمد بن المختار الإخواوي نسبا التندغي موطنا
4997,Muḥammad al-Abbāt [Labbāt] b. Aḥmad al-Amīn b. al-Wālī b. al-Ya`qūbī at-Tandaghī,محمد الأبات بن أحمد الأمين بن الولي بن اليعقوبي التندغي
4998,Muḥammad al-Amīn b. Muḥammad b. Maḥḥam b. Khlīfa b. ad-Danabja al-Arba`īnī at-Tandaghī,محمد الأمين بن محمد بن محم بن اخليفة بن الدنبجه الأربعيني التندغي
4999,Muḥammad as-Sālim b. al-Fatān b. Kāshif al-Karab ar-Rakkūnī (الركوني) al-Būḥubbaynī at-Tandaghī,محمد السالم بن الفتى بن كاشف الكرب الركوني البوحبيني التندغي
5000,Muḥammaddū b. al-Kharrāshī b. Aḥmad Rāṣu at-Tandaghī,محمدُّو بن الخراشي بن أحمد راص التندغي
5001,Muḥammaddin b. ash-Shaykh Muḥammaddū b. Ḥabīb ar-Raḥmān at-Tandaghī,محمدن بن الشيخ محمدُّو بن حبيب الرحمن التندغي
5002,Muḥammad b. al-Mu'ayyad b. Sidīna al-Ishugānī (الإشگاني) at-Tandaghī,محمد بن المؤيد بن سيدينا الإشگاني التندغي
5003,Muḥammad b. Ḥurma b. Ḥabīb Allāh [Ḥabībaḷḷā] at-Tandaghī,محمد بن حرمه بن حبيب الله التندغي
5004,Muḥammaddun b. Maḥammaddu an-Nābigha al-Arba`īnī at-Tandaghī,محمدن بن محمدُّو النابغة الأربعيني التندغي
5005,Muḥammad `Abd Allāh b. Aḥmaddū b. Muḥummadhun b. al-Mukhtār Allāh ar-Rakkūnī (الركوني) at-Tandaghī,محمد عبد الله بن أحمد بن محمذن بن المختار الله الركوني التندغي
5006,Muḥammad `Abd al-Wadūd b. Muḥammad Aḥmad b. ar-Rabānī al-Arba`īnī at-Tandaghī,محمد عبد الودود بن محمد أحمد بن الرباني الأربعيني التندغي
5007,Muḥammad Yaḥya b. ad-Danabja (الدنبجه) al-Arba`īnī at-Tandaghī,محمد يحيى بن الدنبجه الأربعيني التندغي
5008,Muḥammaddin as-Sālik b. Aḥmaddu b. Muḥummadhun b. Aḥmad al-Yaḥyāwī at-Tandaghī,محمدن السالك بن أحمدو بن محمذن بن أحمد اليحيوي التندغي
5009,Muḥammaddin b. Aḥmaddū b. al-Ḥasan b. Ḥammādī ash-Sharīf (nisban) at-Tandaghī (waṭanan),محمدن بن أحمدُّ بن الحسن بن حمادي الشريف (نسبا) التندغي (وطنا)
5010,Muḥammaddin b. Ābbā b. Bbātī al-Fūdī at-Tandaghī,محمدن بن آبا بن باتي (آبا تي) الفودي التندغي
5011,Muḥammaddū b. Aḥmaddū b. Ḥabīb b. Fūdī al-Idagfūdī (الإدكفودي) at-Tandaghī,محمدُّو بن أحمدُّو بن حبيب بن فوديه الإدكفودي التندغي
5012,Muḥummadhun b. Muḥammad Khayrāt at-Tandaghī,محمذن بن محمد خيرات التندغي
5013,al-Mukhtār b. Aḥmad Maḥmūd al-Khawāwī [nasaban] at-Tandaghī [waṭanan],المختار بن أحمد محمود الخواوي نسبا التندغي وطنا
5014,al-Mukhtār b. Būjāh at-Tandaghī,المختار بن بجاه التندغي
5015,al-Muṣṭafā b. al-‘Īdī b. an-Naf‘ī al-Mālikī al-Aḥmadhan al-‘Udayjī,المصطفى بن الْعيدِي بن النَّفعِي التندغي المالكي الأحْمَذْن العديجي
5016,al-Muṣṭafā b. al-Mukhtār Ummū b. Muḥammad b. Bū Ya`dil al-Abījī at-Tandaghī,المصطفى بن المختار أمو بن محمد بن بويعدل الأبيجي التندغي
5017,al-Muṣṭafā b. Jamāl al-Ishugānī (الإشگاني) at-Tandaghī,المصطفى بن جمال الإشگاني التَّندَغي
5018,al-Muṣṭafā b. Muhammad b. Yābūn ar-Rakkūnī (الركوني) al-Būḥubbaynī at-Tandaghī,المصطفى بن محمد بن يابون الركوني البوحبيني التندغي
5019,Mu`āwiyya b. Ishiddū b. al-Fāḍil [Ṿāḍil] b. Aḥmad al-Idagfūdī (الإدكفودي) at-Tandaghī,معاوية بن إشدو بن الفاضل بن أحمد الإدكفودي التندغي
5020,Mawnāk (Mubarrak) b. al-Muṣṭafā b. Mubarrak al-Arba`īnī at-Tandaghī,موناك (مبرك) بن المصطفى بن مبرك الأربعيني التندغي
5021,Muḥammad Nāfi` b. Ḥabīb b. az-Zāyīd al-Idagfūdī at-Tandaghī,محمد نافع بن حبيب بن الزايد الإيدگفودي التندغي
5022,Yaḥya b. al-Muṣṭafā b. Ḥabīb at-Tandaghī,يحيى بن المصطفى بن حبيب التندغي
5023,Muḥammaddū b. Maḥmūdan b. Amīnu al-Ishugāni (الإشكاني) at-Tandaghī,محمدُّو بن محمودن بن أمينو الإشكاني التندغي
5024,Muḥammaddū b. Bāba b. Aḥmaddu b. al-Buṣayrī al-Arba`īnī at-Tandaghī,محمدُّو بن بابه بن أحمدو بن البوصيري الأربعيني التندغي
5025,Yaḥya b. Muḥummadhun b. al-Muṣṭafā al-Arba`īnī at-Tandaghī,يحيى بن محمذن بن المصطفى الأربعيني التندغي
5026,ash-Shaykh Aḥmaddū b. Ḥabīb ar-Raḥmān al-Arba`īnī at-Tandaghī,الشيخ أحمدُّو بن حبيب الرحمن الأربعيني التندغي
5027,Muḥammad Aḥmad b. ar-Rabbānī al-Arba`īnī at-Tandaghī,محمد أحمد بن الرباني الأربعيني التندغي
5028,Ḥabīb b. az-Zāyid al-Agdabījī (الأكدبيجي) [Abījī] at-Tandaghī,حبيب بن الزايد الأكدبيجي التندغي
5029,Bbāh [Ḅḅāh] b. Anjubnān al-Ishugānī (الإشگاني) at-Tandaghī,اباه بن انجبنان الإشگاني التندغي
5030,Aḥmaddū b. Muḥammaddin b. Ghalī al-Būḥubbaynī at-Tandaghī,أحمدُّو بن محمدِّن بن غالي البوحبَّيْني التَّنْدغِي
5031,ash-Shaykh aṭ-Ṭālib b. ash-Shaykh `Abd Allāh (Gillāh) b. Ṣullāḥī al-Būḥubbaynī at-Tandaghī,الشيخ الطالب بن الشيخ عبد الله الملقب گلاه بن صِلاَّحِي البُوحُبَّيْني التَّنْدَغي
5032,`Abd ar-Raḥman b. Muḥamadi b. `Abd Allāh al-Būḥubbaynī at-Tandaghī,عبد الرحمن بن محمدي بن عبد الله البوحُبَّيني التندغي
5033,Muḥammad Bārik Allāh b. Ṭfayl b. Ḥammād al-Būḥubbaynī at-Tandaghī,محمد بارك الله بن اطفيل بن حماد البوحُبَّيني التندغي
5034,Muḥammaddin as-Salim b. al-Fata [b. Fatan?] al-Būḥubbaynī at-Tandaghī,محمدن السالم بن الفتي  البوحبيني التندغي
5035,Ḥabīb Allāh [Ḥabībaḷḷā] b. Abī Bakr b. Aḥmaydan al-Būḥubbaynī ar-Rakkūnī (الركوني) at-Tandaghī,حبيب الله بن أبي بكر بن احميدنَّ البوحبيني الركوني التندغي
5036,Muḥammad al-Ḥabīb b. al-Mukhtār b. Ntafī ar-Rakkūnī (الركوني) at-Tandaghī,محمد الحبيب بن المختار بن انتفي الركوني التندغي
5037,Baddāh b. Bū al-Ābbayrī,بداه بن بو الآبيري
5038,Muḥammad `Abd Allāh b. al-Bashīr al-Mālikī at-Tandaghī,محمد عبد الله بن البشير المالكي التندغي
5039,Muḥammaddin b. Muḥammad Yaḥẓih al-Mālikī al-Aḥmadhan `Udayjī (أعديجي) at-Tandaghī,محمدن بن محمد يحظيه المالكي الأحمذن أعديجي التندغي
5040,Dāddāh (Muḥammaddū) b. al-Bashīr b. Sīdī Aḥmad b. al-Amīn al-Mālikī al-Abābakī at-Tandaghī,داداه (محمدّوُ) بن البشير بن سيد أحمد بن الأمين المالكي الأبابكي التندغي
5041,`Abd ar-Raḥmān (`Abdū) b. al-`Alīm b. Aḥmad al-Mālikī al-Abābakī at-Tandaghī,عبد الرحمن (عبدُ) بن العالم بن أحمد المالكي الأبابكي التندغي
5042,`Abd Allāh an-Nih (النه) b. Aḥmaddu b. Muḥammad b. `Abd Allāh at-Tandaghī al-Mālikī al-Abābakī,عبد الله (النه) بن أحمدُّو بن محمد بن عبد الله التندغي المالكي الأبابكي
5043,`Abd Allāh b. Muḥammad al-Mukhtār (ash-Shāh) b. Muḥammad al-Abābakī at-Tandaghī,عبد الله بن محمد مختار (الشاه) بن محمد المالكي الأبابكي التندغي
5044,Muḥammad b. `Abd Allāh b. Muḥammad b. al-Amīn al-Mālikī al-Abābakī at-Tandaghī,محمد بن عبد الله بن محمد بن الأمين المالكي الأبابكي التندغي
5045,Muḥammaddin b. Muḥamūdan b. Sīdī Aḥmad al-Mālikī al-Abābakī at-Tandaghī,محمدن بن محمذن بن سيدي أحمد المالكي الأبابكي التندغي
5046,al-Mukhtār b. Baṭṭār b. Budda b. Aḥmad b. Maḥḥam al-Mālikī al-Abābakī at-Tandaghī,المختار بن بَطَّارْ بن بدِّ بن أحمد بن مَحَّمْ المالكي الأَبَاِبكي التندغي
5047,al-Muṣṭafā b. Aḥmaddu b. Muḥummadhan b. Sīdī Aḥmad al-Mālikī al-Abābakī at-Tandaghī,المصطفى بن أحمدُّو بن مُحَمَّذِنْ بن سِيد أحمد المالكي الأَبَابِكِي التَّنْدَغِي
5048,Muḥammad Maḥmūd b. Aḥmaddū al-Wāthiq al-Mālikī al-`Udayjī (العديجي) at-Tandaghī,محمد محمود بن أحمدُّو الواثق المالكي العديجي التندغي
5049,Muḥammad Likbayd b. al-Muṣṭaf b. Jabba al-Yaḥyawī at-Tandaghī,محمد الكبيد بن المصطف بن چبة  اليحيوي التندغي
5050,Muḥammad Lūlī b. `Abd Allāh b. ash-Sharīf (nasaban) al-Ya`qūbī at-Tandaghī (waṭanan),محمد لولي بن عبد الله بن الشريف( نسبا)  اليعقوبي التندغي(وطنا)
5051,Aḥmad Ḥāmid b. Muḥummadhun al-Mukhtār Allāh (Abūh) al-Tandaghī al-Abīji,أحمد حامد بن محمذن بن المختار الله (أبوه) التندغي الأبيجي
5052,`Abd Allāh b. Muḥummadin b. al-Muṣṭafā al-Buḥubbaynī at-Tandaghī,عبد الله بن محمدن بن المصطفى البوحبيني التندغي
5053,ash-Shaykh Muḥammad Fāḍil [Ṿāḍil] b. Gillāh b. Ṣullāhī al-Būḥubbaynī al-Tandaghī,الشيخ محمد فاضل بن كلاه بن صلاحي البوحبيني التندغي
5054,`Abd al-Fattāḥ Bābbah b. Aḥmad b. Lūlī b. al-Ya`qūbī at-Tandaghī ar-Rakkūnī (الركوني) ash-Sharīf (watanan),عبد الفتاح الملقب بابَه بن أحمد بن لولي بن اليعقوبي التندغي الركوني وطنا الشريف
5055,Ḥamdi b. al-Bashīr al-Mālikī at-Tandaghī,حمد بن البشير المالكي التندغي
5056,Muḥummadhun b. Sīdī Aḥmad b. al-Amīn b. Maḥḥam b. Abābak al-Mālikī at-Tandaghī,محمذن بن سيدي أحمد بن الأمين بن محم بن أبابك المالكي التندغي
5057,Namūh (نموه) b. Sīdī A`lī at-Tinwājīwī,نموه بن سيدي عالي التنواجيوي
5058,Aḥmad b. Ḥaddī ash-Sharīf at-Tīshītī,أحمد بن حدي الشريف التيشيتي
5059,Dādda b. Aydda at-Tīshītī,دادَّه بن يده التيشيتي
5060,Zayn b. Sīdī ash-Sharīf at-Tīshītī,زين بن سيدي الشريف التيشيتي
5061,Muḥammad b. Yadghūr b. Aḥmad b. ash-Shaykh b. al-Amīn b. Muḥammad Abū ar-Raqaba al-Gābī al-Māsinī at-Tīshītī,محمد بن يدغور بن أحمد بن الشيخ بن الأمين بن محمد أبو الرقبة الگابي الماسني التيشيتي
5062,`Abd Allāh b. ash-Sharīf Hima Allāh [Ḥmāhaḷḷa] at-Tīshītī,عبد الله بن الشريف حمى الله التيشيتي
5063,Sīdī `Abd Allāh b. Sīdī Muḥammad b. Muḥammad aṣ-Ṣaghīr b. Anbūja al-`Alawī at-Tīshītī,سيدي عبد الله بن سيد محمد بن محمد الصغير بن انبوجه العلوي التيشيتي
5064,Aḥmad b. Fāḍil [Ṿāḍil] ash-Sharīf at-Tīshītī,أحمد بن فاضل الشريف التيشيتي
5065,Muḥammaddū b. Fāḍil [Ṿāḍil] ash-Sharīf at-Tishītī,محمدُو بن فاضل الشريف التيشيتي
5066,Aḥmad b. Yadsir b. Aḥmad Kaffāt al-Muslimī at-Tīshītī,أحمد بن يدسر بن أحمد كفات المسلمي التيشيتي
5067,Abū Bakr b. Aḥmad b. ash-Shagh al-Muslimī at-Tīshītī,أبو بكر بن أحمد بن الشَّغَّه المسلمي التيشيتي
5068,Muḥammadnā llāh b. Mḥammad b. al-Mukhtār ash-Shawāf al-Muslimī at-Tīshītī,محمدنا لله بن امحمد بن المختار الشواف المسلمي التيشيتي
5069,Muḥammaddū b. Aḥmaddu aṣ-Ṣaghīr al-Muslimī at-Tīshītī,محمدُو بن أحمدَ الصغير المسلمي التيشيتي
5070,Attāh b. Yaḥzih b. `Abd al-Wadūd aj-Jakanī,التاه بن يِحْظِيهْ بن عبد الودود الجكَنِي
5071,Khṭūr (اخطور) wuld Aḥmad Fāl [Ṿāl] aj-Jakanī,اخطور ولد أحمد فال الجكني
5072,Afilwāṭ [Avilwāṭ] b. Muḥammaddū b. al-Mukhtār b. Aḥmad b. Ashfagha [Atshfagha] aj-Jakanī,آفلواط بن محمدو بن المختار بن أحمد بن أشفغ الجكني
5073,Aḥmad al-Afram b. Muḥammad al-Mukhtār b. Sīdī Aḥmad Bāba aj-Jakanī,أحمد الأفرم بن محمد المختار بن سيدي أحمد بابه الجكني
5074,Aḥmad al-Amīn b. `Abd ar-Raḥmān b. al-Mukhtār b. Ḥabīb aj-Jakanī,أحمد الأمين بن عبد الرحمن بن المختار بن حبيب الجكني
5075,Aḥmad al-Badawī b. Ḥabīb Allāh [Ḥabībaḷḷā] aj-Jakanī,أحمد البدوي بن حبيب الله الجكني
5076,Aḥmad al-Barāwi wuld Asnad aj-Jakanī,أحمد البراوي ولد أسند الجكني
5077,ash-Shaykh Aḥmad b. ash-Shaykh Muḥammad al-Amīn aj-Jakanī,الشيخ أحمد بن الشيخ محمد الأمين الجكني
5078,Aḥmad Fāl [Ṿāl] b. Muḥammad b. Sīd Aḥmad b. Bayyāh aj-Jakanī,أحمد فال بن محمد بن سيدي أحمد بن بياه الجكني
5079,Aḥmad b. Bābbāh aj-Jakanī,أحمد بن باباه الجكني
5080,ash-Shaykh Aḥmad b. Sīdī al-Mukhtār b. al-Maḥjūb al-Massūmī,الشيخ أحمد بن سيدي المختار بن المحجوب المسومي
5081,Aḥmad b. Muḥammad Aḥīd b. al-Kharrāshī aj-Jakanī,أحمد بن محمد أحيد بن الخراشي الجكني
5082,ash-Shaykh Aḥmad b. Muḥammad b. Sīdīyya aj-Jakanī,الشيخ أحمد بن محمد بن سيدي الجكني
5083,Aḥmad Khūnā b. al-Ḥusayn b. Aḥmad al-Afram aj-Jakanī,أحمد خونا بن الحسين بن أحمد الأفرم الجكني
5084,Aḥmad Ṭālib b. Sīdī Aḥmad Bāba b. Aḥmad b. aṭ-Ṭālib Aḥmad al-Gulālī aj-Jakanī,أحمد طالب بن سيد أحمد بابا بن أحمد بن الطالب أحمد الگلالي الجكني
5085,Aḥmad Fāl [Ṿāl] b. Ādduwwa aj-Jakanī,أحمد فال بن آدو الجكني
5086,Aḥmad Maḥmūd b. aṭ-Ṭayib b. al-Ma`zūz aj-Jakanī al-Ashfaghī,أحمد محمود بن الطيب بن المعزوز الجكني أشفغي
5087,Asnad wuld Muḥammad Nājim aj-Jakanī,أسند ولد محمد ناجم الجكني
5088,A`mar b. Muḥammad `Abd Allāh b. Maḥḥam Bawbba aj-Jakanī,أعمر بن محمد عبد الله بن محم بوبه الجكني
5089,Umm al-Khayrāt bint Muḥammad Aḥīd b. Aḥmad b. al-Mukhtār aj-Jakaniyya,أم الخيرات بنت محمد أحيد بن أحمد بن المختار الجكنية
5090,al-Amīn b. Mānāh aj-Jakanī,الأمين بن ماناه الجكني
5091,aṭ-Ṭālib al-Amīn b. Muḥammad b. Ṣamba aj-Jakanī,الطالب الأمين بن محمد بن صمبه الجكني
5092,Awfā b. Yaḥẓīh b. `Abd al-Wadūd aj-Jakanī,أوفى بن يحظيه بن عبد الودود الجكني
5093,al-Imām (Ḥabīb Allāh [Ḥabībaḷḷā]) b. al-Mukhtār b. Aḥmad b. Ashfagha [Atshfagha] aj-Jakanī,الإمام (حبيب الله) بن المختار بن أحمد بن أشفغ الجكني
5094,Bāba an-Nājī b. Sīd Aḥmad Bāba b. Muḥammaddū b. aṭ-Ṭālib `Īsā aj-Jakanī,بابه الناجي بن سيدي أحمد بابه بن محمدو بن الطالب عيسى الجكني
5095,Bāba b. Aḥmad Fāl aj-Jakanī,بابه بن أحمد فال الجكني
5096,Ḥasnī b. aṭ-Ṭayyib b. Aḥmad Nūḥ aj-Jakanī,حسني بن الطيب بن أحمد نوح الجكني
5097,as-Sādāt b. Ḥaynna aj-Jakanī,السادات بن حين الجكني
5098,Sīdi Muḥammad b. Aḥmad b. Bābbāh ar-Ramẓānī aj-Jakanī,سيدي محمد بن أحمدّ بن باباه الرمضاني الجكني
5099,Sīdī al-Amīn b. al-Mukhtār b. Aḥmad Jār Allāh aj-Jakanī,سيدي الأمين بن المختار بن أحمد جار الله الجكني
5100,Sīdī al-Amīn b. al-Mukhtār b. Ḥabīb b. Abān Aḥmad aj-Jakanī,سيدي الأمين بن المختار بن حبيب بن أبانا أحمد الجكني
5101,Sīdī al-Amīn b. Sīdī aj-Jakanī,سيدي الأمين بن سيدي الجكني
5102,Sīdī al-Mukhtār b. Muḥammad an-Nājim aj-Jakanī,سيدي المختار بن محمد الناجم الجكني
5103,Sīdī Aḥmad b. al-Mukhtār b. Fūdī aj-Jakanī,سيدي أحمد بن المختار بن فودي الجكني
5104,Sīdī b. Ḥaynna aj-Jakanī,سيدي بن حين الجكني
5105,Sīdī `Ālī b. Muḥammad al-Amīn b. Aḥmad Zaydān aj-Jakanī,سيدي عالي بن محمد الأمين بن احمد زيدان الجكني
5106,Sīdī Muḥammad b. Ajmaylī ash-Sharīf aj-Jakanī,سيدي محمد بن اجميلي الشريف الجكني
5107,Sīdī Muḥammad b. Muḥammad al-Mukhtār b. Aḥmad Nūḥ aj-Jakanī,سيدي محمد بن محمد المختار بن أحمد نوح الجكني
5108,Sīdī Mawlūd b. Muḥammad b. ash-Shaykh Sīdī al-Amīn aj-Jakanī,سيدي مولود بن محمد بن الشيخ سيدي الأمين الجكني
5109,aṭ-Ṭayyib b. Muhammad b. Bāba b. al-Ma`zūz aj-Jakanī,الطيب بن محمد بن بابه بن المعزوز الجكني
5110,`Abd ar-Raḥmān b. Aḥmad b. Muḥammad b. al-Maḥmūd aj-Jakanī,عبد الرحمن  بن أحمد بن محمد بن المحمود الجكني
5111,`Abd ar-Raḥmān b. Āfilwāṭ aj-Jakanī,عبد الرحمن بن آفلواط الجكني
5112,`Abd Allāh b. al-Khaḍir b. Bārīk aj-Jakanī,عبد الله بن الخضر بن باريك الجكني
5113,`Atīq b. Abatī aj-Jakanī,عتيق بن ابتي الجكني
5114,`Alī aj-Jakanī,علي الجكني
5115,Muḥammad al-Amīn b. A`baydī aj-Jakanī,محمد الأمين بن اعبيدي الجكني
5116,Muḥammad al-Amīn b. ash-Shaykh Aḥmad aj-Jakanī,محمد الأمين بن الشيخ أحمد الجكني
5117,ash-Shaykh Muḥammad al-Amīn b. ash-Shaykh Muḥammad b. Sīdī aj-Jakanī,الشيخ محمد الأمين بن الشيخ محمد بن سيدي الجكني
5118,Muḥammad al-Amīn b. Baydar b. al-Gulālī aj-Jakanī,محمد الأمين بن بيدر بن الگلالي الجكني
5119,Muḥammad al-Amīn b. Sīdī al-Muṣṭafā b. Aḥmad Zaydān aj-Jakanī,محمد الأمين بن سيدي المصطف بن أحمد زيدان الجكني
5120,Muḥammad al-Amīn b. Sīdī Muḥammad b. Mālik b. al-Imām aj-Jakanī,محمد الأمين بن سيدي محمد بن مالك بن الإمام الجكني
5121,Muḥammad al-Buṣayrī b. Sīdī al-Mukhtār aj-Jakanī,محمد البوصيري بن سيدي المختار الجكني
5122,Muḥammad as-Sālik b. Muḥammad `Abd Allāh b. aṭ-Ṭālib aj-Jakanī,محمد السالك بن محمد عبد الله بن الطالب الجكني
5123,Muḥammad al-`Āqib b. Manī b. `Abd ar-Raḥman al-Akhḍarī aj-Jakanī,محمد العاقب بن مني بن عبد الرحمن الأخضري الجكني
5124,Muḥammad al-Mukhtār b. Ajmaylī aj-Jakanī,محمد المختار بن اجميلي الجكني
5125,Muḥammad al-Mukhtār b. Sīdī al-Amīn b. Ḥabīb Allāh [Ḥabībaḷḷā] b. Aḥmad Mazyad aj-Jakanī,محمد المختار بن سيدي الأمين بن حبيب الله بن أحمد مزيد الجكني
5126,Muḥammad al-Muṣṭafā b. ash-Shaykh Aḥmad al-Ibrāhīmī aj-Jakanī,محمد المصطفى بن الشيخ أحمد الإبراهيمي الجكني
5127,Muḥammad Abbāt [Aḅḅāt] ̣b. ash-Shawwāf aj-Jakanī,محمد أباتْ بن الشواف الجكني
5128,Muḥammad Aḥīd b. Ya`qūb b. aṭ-Ṭālib A`baydī al-Ashfaghī aj-Jakanī,محمد أحيد بن يعقوب بن الطالب اعبيدي الأشفغي الجكني
5129,Muḥammad b. al-Amīn b. Aḥmad b. Biyya aj-Jakanī,محمد بن الأمين بن أحمد بن بي الجكني
5130,Muḥammad b. al-Ḥabīb b. Ayd al-Amīn aj-Jakanī,محمد بن الحبيب بن أيدَّ الأمين الجكني
5131,Muḥammad b. ash-Shaykh b. Bāba b. Abānā al-Karīm ar-Ramẓānī aj-Jakanī,محمد بن الشيخ بن بابه بن أبانا الكريم الرمظاني الجكني
5132,Muḥammad Maḥmud b. ash-Shaykh Muḥammad b. Sīdī ar-Ramẓānī aj-Jakanī,محمد محمود بن الشيخ محمد بن سيدي الرمظاني الجكني
5133,Muḥammad b. aṭ-Ṭālib Zaydān b. Aḥmad al-Afram aj-Jakanī,محمد بن الطالب زيدان بن أحمد الأفرم الجكني
5134,Muḥammad b. Aḥmad b. Ashfagha [Atshfagha] aj-Jakanī,محمد بن أحمد بن أشفغ الجكني
5135,Muḥammad b. Baydar b. al-Imām aj-Jakanī,محمد بن بيدر بن الإمام الجكني
5136,Muḥammaddu b. Sīdī Muḥammad al-Gulālī al-Ḥājī aj-Jakanī,محمدو بن سيد محمد الگلالي الحاجي الجكني
5137,Muḥammad b. Sīdī b. Muḥammad b. Sīdī Aḥmad b. aṭ-Ṭālib Maḥḥam aj-Jakanī,محمد بن سيدي بن محمد بن سيدي احمد بن الطالب محم الجكني
5138,Muḥammaddu b. Sīdī Muḥammad b. al-Hāshim al-Gulālī aj-Jakanī,محمدُّو بن سيدي محمد بن الهاشم الگلالي الجكني
5139,Muḥammad b. Sīdī Mawlūd b. Sīdī aj-Jakanī,محمد بن سيدي مولود بن سيدي الجكني الرمظاني
5140,Muḥammad `Abd Allāh b. ash-Shaykh Aḥmad b. ash-Shaykh Muḥammad al-Amīn al-Ibrāhīmī aj-Jakanī,محمد عبد الله بن الشيخ أحمد بن الشيخ محمد الأمين الإبراهيمي الجكني
5141,Muḥammad `Abd Allāh b. Sīdī Muḥammad b. al-Imām az-Zalmāṭī aj-Jakanī,محمد عبد الله بن سيدي محمد بن الإمام الزلماطي الجكني
5142,Muḥammad Fāḍil [Ṿāḍil] b. ad-Dammīn ar-Ramẓānī aj-Jakanī,محمد فاضل بن الدمين الرمظاني الجكني
5143,Muḥammad Fāḍil [Ṿāḍil] b. `Abd al-Bāqī b. A`mar b. `Abd al-Laṭīf al-Gulālī aj-Jakanī,محمد فاضل بن عبد الباقي بن أعمر بن عبد اللطيف الگلالي الجكني
5144,Muḥammad Fāḍil [Ṿāḍil] b. Māyāba al-Yūsufī aj-Jakanī,محمد فاضل بن مايابى اليوسفي الجكني
5145,Muḥammad Maḥmūd b. A`waynāt aj-Jakanī,محمد محمود بن اعوينات الجكني
5146,Muḥammad Maḥmūd b. ash-Shaykh Aḥmad al-Ibrāhīmī aj-Jakanī,محمد محمود بن الشيخ أحمد الإبراهيمي الجكني
5147,Muḥammaddu b. ash-Shaykh Aḥmad aj-Jakanī al-Ibrāhīmī,محمدُّو بن الشيخ أحمد الجكني الإبراهيمي
5148,Muḥamdī b. Aḥmad Fāl al-Yūsufī aj-Jakanī,محمدي بن أحمد فال اليوسفي الجكني
5149,al-Mukhtār b. Sīdī al-Amīn aj-Jakanī,المختار بن سيدي الأمين الجكني
5150,al-Mukhtār b. `Abd al-Mālik al-Ashfaghī aj-Jakanī,المختار بن عبد المالك الأشفغي الجكني
5151,al-Mukhtār b. Muḥammad b. Bā`jī aj-Jakanī,المختار بن محمد بن باعجي الجكني
5152,Marīam bint Sīdī b. Ḥaynna az-Zalmāṭiyya aj-Jakaniyya,مريم بنت حين الزلماطية الجكنية
5153,an-Nājī b. Maḥmūd aj-Jakanī al-Ibrāhīmī,الناجي بن محمود الجكني الإبراهيمي
5154,an-Ni`mah b. Aḥmad b. Sīdī al-Amīn b. Muḥammad b. aṭ-Ṭālib Ḥabīb Allāh [Ḥabībaḷḷā] b. ash-Shawwāf aj-Jakanī,النعمه بن أحمد بن سيدي الأمين بن محمد بن الطالب حبيب الله بن الشواف الجكني
5155,`Abd Allāh b. al-`Atīq b. Ḥayballa [Ḥaybaḷḷa] aj-Jakanī,عبد الله العتيق بن هيبل الجكني
5156,al-Ḥaḍrāmī b. A`baydī al-Idyaydbī (watanan) aj-Jakanī (nisaban),الحضرمي بن اعبيدي الجكني
5157,Muḥammad `Abd Allāh b. Aḥmad Zaydān b. Muḥammad al-Amīn aj-Jakanī al-Ibrāhīmī,محمد عبد الله بن أحمد زيدان بن محمد الأمين الجكني الإبراهيمي
5158,Muḥammad al-Aghẓaf b. Aḥmad Mawlūd al-Wasrī aj-Jakanī,محمد الأغظف بن أحمد مولود الوسري الجكني
5159,Muḥammad al-Amīn b. aṭ-Ṭālib `Abd al-Wahhāb al-Filāllī aj-Jakanī,محمد الأمين بن الطالب عبد الوهاب الفلالي الجكني
5160,Muḥammad `Abd Allāh b. Yaḥẓih al-Gunānī aj-Jakanī,محمد عبد الله بن يحظيه القناني الجكني
5161,Muḥammad Fāḍil [Ṿāḍil] b. al-Ḥabīb,محمد فاضل بن الحبيب
5162,Muḥammaddu b. Ṣāliḥ al-Gulālī aj-Jakanī,محمدو بن صالح الگلالي الجكني
5163,Sīdī Aḥmad b. ash-Shaykh b. al-Imām b. Muhammad aj-Jakanī,سيدي أحمد بن الشيخ بن الإمام الجكني
5164,Abbūh wuld `Abd Allāh aj-Jakanī,ابُّوهْ بن عبد الله الجكني
5165,Aḥmaddū b. Asnad b. Muḥammad Nājim b. al-Amīn Fāl al-Ibrāhīmī aj-Jakanī,أحمدُو بن أسْنَدْ بن محمد ناجم بن الأمِينْ فَالْ الإبراهيمي الجَكَنِي
5166,Aḥmad b. Māymūt aj-Jakanī,أحمد بن مايموت الجكني
5167,Sīdī al-Maḥjūb b. Ḥabīb b. al-Qāḍī b. Muḥammad al-Yūsufi aj-Jakanī,سيدي المحجوب بن حبيب بن القاضي بن محمد اليوسفي الجكني
5168,Muḥammad al-Amīn b. Muḥammad Maḥmūd b. Khatār al-Ashfaghī aj-Jakanī,محمد الأمين بن محمد محمود بن ختار الأشفغي الجكني
5169,Muḥammad al-Bayḍāwī b. Sīdī `Abd Allāh b. Muḥammad b. Amānatu Allāh aj-Jakanī,محمد البيضاوي بن سيد عبد الله بن محمد بن أمانة الله الجَكْنِي
5170,Muḥammad al-`Āqib b. Muḥammad al-Ḥasan (Baydaru) b. al-Imām aj-Jakanī al-Gulālī,محمد العاقب بن محمد الحسن (بيدر) بن الإمام الجكني الگلالي
5171,Muḥammad `Abd Allāh wuld Haybad aj-Jakanī,محمد عبد الله ولد هيبد الجكني
5172,Muḥammad Yaḥya b. ash-Shaykh al-Ḥusayn b. Addū ar-Ramẓānī aj-Jakanī,محمد يحيى بن الشيخ الحسين بن آدوالرمظاني الجكني
5173,Muḥammad as-Sālik b. aṭ-Ṭālib al-Awjafī aj-Jakanī,محمد السالك بن الطالب الأوجفي الجكني
5174,Aḥmad b. al-Mukhtār b. Sīdī al-Amīn al-Ibrāhīmī al-Maḥẓarī aj-Jakanī,أحمد بن المختار بن سيدي الأمين الإبراهيمي المحظري الجكني
5175,Abī b. Aḥmadū b. Ḥaymūd al-Mūsānnī aj-Jakanī,أبي بن أحمدو بن حيمود الموساني الجكني
5176,al-Mukhtār b. Aḥmad Maḥmūd al-Mūsānnī ash-Shinqīṭī aj-Jakanī,المختار بن أحمد محمود الموساني الشنقيطي الجكَنِي
5177,Muḥammad al-Karrāmī b. Sīdī `Abd Allāh b. Māyāba al-Yūsufī aj-Jakanī,محمد الكرامي بن سيدي عبد الله بن مايابي اليوسفي الجكني
5178,Muḥummadhun b. Aḥmad b. Ajjīh [Adyīh] al-Mūsānnī aj-Jakanī,محمذن بن أحمد بن اجيه الموساني الجكني
5179,aṭ-Ṭālib Ṣiddīq b. aṭ-Ṭālib al-Ḥasan aj-Jummānī,الطالب صديق بن الطالب الحسن الجماني
5180,Aḥmad b. Muḥammad b. al-Ḥāj aṭ-Ṭiyyib b. aṭ-Ṭālib Ṣiddīq aj-Jummānī,أحمد بن محمد بن الحاج الطيب بن الطالب صديق الجماني
5181,Ḥaydda b. al-Ḥāj `Umar aj-Jummānī,حيده بن الحاج عمر الجماني
5182,Sīdī Muḥammad b. Sīdī Aḥmad b. A`mar Sālam al-Ajmallī,سيدي محمد بن سيدي أحمد بن أعمر سالم  الأجملي
5183,Sīdī Muḥammad b. Muḥammad Aḥmad al-Najmurī al-Ajmallī,سيدي محمد بن محمد أحمد النجمري الأجملي
5184,Kābir b. Sīdī b. Maṣyūb al-Ajmallī,كابر بن سيدي بن مصيوب الأجملي
5185,Kabd b. Sīdī Muḥammad al-Ajmallī,كبد بن سيدي محمد الأجملي
5186,Muḥammad al-Mukhtār b. al-Ṭiyyib b. Jmaylli al-Ajmallī,محمد المختار بن الطيب بن اجميل الأجملي
5187,Muḥammad al-Mukhtār b. Kabd al-Ajmallī,محمد المختار بن كبد الأجملي
5188,Muḥammad Mbārik b. Sīdī b. Maṣyūb al-Ajmallī,محمد امبارك بن سيدي بن مصيوب الأجملي
5189,Aḥmad b. al-Ḥusayn al-Ḥājī,أحمد بن الحسين الحاجي
5190,Būz (sic) b. Bū at-Ṭbūl al-Ḥājī,بوز (كذا) بن بو الطبول الحاجي
5191,Aḥmad Sālim b. `Abd Allāh b. al-`Ālīm al-Ḥājī,أحمد سالم بن عبد الله بن العالم الحاجي
5192,Bāba b. Aḥmad b. Bāba b. Ḥamdī al-Ajwadī al-Ḥājī,بابه بن أحمد بن بابه بن حمدي الأجودي الحاجي
5193,Bāba b. Ḥamdī b. al-Mukhtār al-Ajwadī al-Ḥājī,بابه بن حمدي الأجودي الحاجي
5194,Ḥamdī b. al-Mukhtār b. aṭ-Ṭālib Ajwad al-Ḥājī,حمدي بن المختار بن الطالب أجود الحاجي
5195,`Abd Allāh b. Blūl al-Ḥājī,عبد الله بن ابلول الحاجي
5196,Muḥummadhun b. Maḥmūdna al-Ḥājī,محمذن بن محمودنا الحاجي
5197,Muḥanḍ Bāba b. al-Mukhtār al-Ḥājī,محنض بابه بن المختار الحاجي
5198,Muḥammad al-Mahdī b. ad-Dāhī al-Ḥājī,محمد المهدي بن الداهي الحاجي
5199,Aḥmad b. ash-Shams al-Ḥājī ash-Shinqīṭī,أحمد بن الشمس الحاجي الشنقيطي
5200,as-Sālik b. al-Imām al-Wadānī al-Ḥājī,السالك بن الإمام الوداني الحاجي
5201,Muḥammad al-`Āqib b. Muḥammad al-Amīn b. Ṭwayr aj-Janna al-Wadānī al-Ḥājī,محمد العاقب بن محمد الأمين بن طوير الجنة الوداني الحاجي
5202,Albū b. `Abdāwa al-Ḥijjājī,البو بن عبداوه الحجاجي
5203,Būba [Ḅawḅḅa] b. Aḥmad Mawlūd b. aṭ-Ṭālib Mḥammad az-Zu'aymī al-Yūnusī,بوبه بن أحمد مولود بن الطالب امحمد الزعيمي اليونسي
5204,Muḥammad al-Amīn b. Sīdī b. `Abd Allāh al-Ḥijjājī,محمد الأمين بن سيدي بن عبد الله الحجاجي
5205,Muḥammad b. Muhammad al-`Atīq al-Ḥijjājī,محمد بن محمد العتيق الحجاجي
5206,Bbātnā b. Aḥmad b. Muḥammad al-Mukhtār b. Muḥammad b. aṭ-Ṭālib al-Ḥabīb al-Ḥarshī,أباتنا بن أحمد بن محمد المختار بن محمد بن الطالب الحبيب الحرشي
5207,Aḥmad al-Maqqarī b. `Aynaynā al-Ḥasanī al-Āgdāshī,أحمد المقري بن عينينا الحسني الأكداشي
5208,Aḥmad b. al-Fāḍil [Ṿāḍil] al-Yūsufī al-Ḥasanī,أحمد بن الفاضل اليوسفي الحسني
5209,Aḥmad Maḥmūd b. as-Siyyid al-Ḥasanī,أحمد محمود بن السيد الحسني
5210,Aḥmaddū b. Muḥammad b. `Abd Allāh b. al-Mukhtār al-Ḥasanī,أحمدُّو بن محمد بن عبد الله بن المختار الحسني
5211,Ḥāmid b. Āmzighzin al-Ḥasanī,حامد بن آمزغزن الحسني
5212,Ḥabīb Allāh [Ḥabībaḷḷā] b. al-Maqqarī ash-Shuqrawī,حبيب الله بن المقري الشقروي
5213,as-Sālim b. Aḥmad Sālim al-Ḥasanī,السالم بن أحمد السالم الحسني
5214,Sīdī al-Fāḍil [Ṿāḍil] b. Maḥmūdan al-Ḥasanī (waṭanan) al-Majlisī (aṣlan),سيدي الفاضل بن محمودن الحسني توطنا المجلسي أصلا
5215,Sīdī Muḥammad b. ash-Shaykh Muḥammaddu b. Aḥmadhayya al-Ḥasanī al-Yūsufī,سيدي محمد بن الشيخ محمدو بن أحمذيه الحسني اليوسفي
5216,ash-Shaykh b. Aḥmaddū b. `Abd Allāh b. al-Mmannī (?) al-Bān`amarī al-Ḥasanī,الشيخ بن أحمدو بن عبد الله بن المنى البانعمري الحسني
5217,aṭ-Ṭā'i` al-Ḥasanī,الطَّائِع الحسني
5218,`Abd al-Karīm b. Muḥammad b. al-Manṣūr b. Mayyāh b. Maylūd al-Bān`amarī al-Ḥasanī,عبد الكريم بن محمد بن المنصور بن مياه بن ميلود البانعمري الحسني
5219,"`Abd Allāh al-Mukhtār b. Muḥummadhun b. Aḥmadh al-Munā ""Nnih""(إنيّه) b. Muḥummadhun al-Ḥasanī",عبد الله المختار بن محمذن بن أحمذ المنى &laquo;إنيّه&raquo; بن محمذن الحسني
5220,`Abd Allāh b. Aḥmad b. Ābballa [Āḅḅalla] al-Ḥasanī,عبد الله بن أحمد بن آبله الحسني
5221,`Abd Allāh b. Muḥummadhun b. Maḥmūdān al-Bān`amarī al-Ḥasanī,عبد الله بن محمذن بن محمودا البانعمري الحسني
5222,Fāḍil [Ṿāḍil] b. Ajwadhī al-Yūsufī al-Ḥasanī,فاضل بن أجوذي اليوسفي الحسني
5223,Muḥammad b. al-Muṣṭafā b. Aḥmad `Ālim al-Ḥasanī,محمد بن المصطفى بن أحمد عالم الحسني
5224,Muḥammad b. Aḥmad b. Muḥummadhun al-Fāḍil [Ṿāḍil] b. Maḥḥam al-Ḥasanī,محمد بن أحمد بن الفاضل الحسني
5225,Muḥummadhun b. `Abd ar-Raḥmān al-Ḥasanī,محمذن بن عبد الرحمن الحسني
5226,Muḥammad b. `Abd Allāh b. Ismā`īl al-Ḥasanī,محمد بن عبد الله بن اسماعيل الحسني
5227,Muḥammaddu b. ash-Shaykh Aḥmadu b. Aḥmadhayya al-Yūsufī al-Ḥasanī,محمدو بن الشيخ أحمدو بن أحمذي اليوسفي الحسني
5228,Muḥammaddu b. al-Fāḍil [Ṿāḍil] b. Maylūd al-Āgdāshī al-Ḥasanī,محمدُّو بن الفاضل بن ميلود الأكداشي الحسني
5229,Muḥanḍ b. Fatan ash-Shuqrawī,محنض بن فتى الشقروي
5230,al-Mukhtār b. Maḥmūd b. Muhammad b. Bū al-Mukhtār al-Ḥasanī,المختار بن المحمود بن محمدْ بن بُو المختار الحسني
5231,al-Mukhtār b. al-Mu`allā al-Ḥasanī,المختار بن المعلى الحسني
5232,al-Mukhtār b. Aḥmad b. Ābballa al-Āgdāshī al-Ḥasanī,المختار بن أحمد بن آبله الأكداشي الحسني
5233,Yūsuf b. `Abd Allāh al-Ḥasanī,يوسف بن عبد الله الحسني
5234,`Abd Allāh as-Sālim b. Aḥmad b. Muḥammaddū b. Ḥmaydī al-Ḥasanī,عبد الله السالم بن أحمد بن محمدو بن احميدي الحسني الأكداشي
5235,Bullā b. al-Fāḍil [Ṿāḍil] ash-Shuqrawī,بلا بن الفاضل الشقروي
5236,Muḥammaddū b. Ḥẓānā al-Ḥasanī,محمدو بن أحظانا الحسني
5237,Muḥammad Fāl [Ṿāl] b. `Aynaynā al-Ḥasanī,محمد فال بن عينينا الحسني
5238,Aḥmaddu b. an-Nih al-Ḥasanī,أحمدو بن النيه الحسني
5239,Aḥmaddu b. Ḥabīb Allāh [Ḥabībaḷḷā] b. `Ubayd ash-Shuqrawī al-Hasanī,أحمدو بن حبيب الله بن عبيد الشقروي الحسني
5240,Ḥabīb Allāh [Ḥabībaḷḷā] b. `Abd Allāh al-Ḥasanī,حبيب الله بن عبد الله الحسني
5241,al-Ḥasan b. Ayya al-Ḥasanī,الحسن أيّه الحسني
5242,Muḥammad b. Ashfagha [Atshfagha] al-Fāḍil  [Ṿāḍil] b. Abī Sufyān al-Yūsufi al-Ḥasanī,محمد بن أشفغ الفاضل بن أبي سفيان اليوسفي الحسني
5243,Muḥammad b. Ḥabīb Allāh [Ḥabībaḷḷā] b. Aghrabaṭ al-Ḥasanī,محمد بن حبيب الله بن أغربظ الحسني
5244,Aḥmad b. Dhī al-Qarnayn al-Akhtīrī al-Ḥasanī,أحمد بن ذي القرنين الأختيري الحسني
5245,Aḥmaddū b. Muḥammad al-Mukhtār b. al- Afḍal al-Akhtīrī al-Ḥasanī,أحمدو بن محمد المختار بن الأفظل الإختيري الحسني
5246,Ḥasan b. ash-Shaykh al-Ḥasan al-Ḥasanī al-Akhtīrī,حسن بن الشيخ الحسن الحسني الإختيري
5247,Aḥmad b. Bay b. Imāmna b. Muḥummadhun al-Āgdāshī al-Ḥasanī,أحمدْ بن بيْ بن إمامُنا بن محمذٍ الإدوكتشلي الحسني
5248,Aḥmaddu b. Anbābī al-Āgdāshī al-Ḥasanī,أحمدُ بن انبابي الإدوكتشلي الحسني
5249,Sālim b. Waddād b. Muḥammad Mawlūd al-Āgdāshī al-Ḥasanī,سالم بن وَدَّادْ بن محمد مولود الأگداشي الحسني
5250,`Abd Allāh b. ash-Shaykh b. Ammī al-Ḥasanī al-Āghāshī,عبد الله بن الشيخ بن امي الحسني الإگداشي
5251,Muḥammad Fāḍil [Ṿāḍil] b. Ḥabīb Allāh [Ḥabībaḷḷā] b. Muḥummadhun al-Āgdāshī al-Ḥasanī,محمد بن محمد بن أحمد بن الفالي (الفاضل) الأگداشي الحسني
5252,Muḥammad Fāḍil b. Ḥabīb Allāh b. Muḥummadhun al-Idaw Gatshallī al-Ḥasanī,محمد فاضل بن حبيب الله بن محمذن الإدوكتشلي الحسني
5253,Aḥmad b. Muḥammadhun b. Muḥammaddū b. Muḥummadhun b. al-Mmannī (المنى) al-Bān`amarī al-Ḥasanī,أحمد بن محمذن بن محمدو بن محمذن بن المنى البانعمري الحسني
5254,Mbayrīk b. Muḥummadhun b. Maylūd al-Bān`amarī al-Ḥasanī,امبيريك بن محمذن بن ميلود البانعمري الحسني
5255,Aḥmad Ajwad b. al-Bār al-Yūsufī al-Ḥasanī,أحمد أجود بن البار اليوسفي الحسني
5256,Aḥmaddu b. Muḥammad b. Aḥmad Būya al-Yūsufi al-Ḥasanī,أحمدو بن محمد بن أحمد بويا اليوسفي الحسني
5257,Muḥammad Maḥfūẓ b. ash-Shaykh Muḥammaddu b. Aḥmadhayya al-Yūsufi al-Ḥasanī,محمد محفوظ بن الشيخ محمدو بن أحمذيه اليوسفي الحسني
5258,Aḥmad b. Ābballa b. Rābī`a al-Āgdāshī al-Ḥasanī,أحمد بن آبله بن ربيعة  الأكداشي الحسني
5259,al-Ḥasan b. Banyāmīn al-Āgdāshī al-Ḥasanī,الحسن بن بنيامين الأگداشي الحسني
5260,Sīdi `Abd Allāh b. Aḥmad Dāmu b. `Abd ar-Raḥmān al-Bān`amarī al-Ḥasanī,سيدي عبد الله بن أحمد دامْ بن عبد الرحمن البانعمري الحسني
5261,Muḥammad al-Ḥasan b. Ḥabīb Allāh [Ḥabībaḷḷā] al-Bān`amarī al-Ḥasanī,محمد الحسن بن حبيب الله البنعمري الحسني
5262,al-Fāḍil [Ṿāḍil] b. Abī al-Fāḍil [Ṿāḍil] (Shaykh ash-Shuyūkh) al-Ḥasanī al-Būfāḍilī,فاضل بن أبي الفاضل الحسني البوفاضلي
5263,al-Mukhtār b. al-Ḥasan Ḥammādī al-Ḥasanī (nasaban) at-Tandaghī (waṭanan),المختار بن الحسن حَمَّادي الحسني نسبا التندغي وطنا
5264,Muḥammad b. Ḅḅayyāh al-Alfagha Ḥayballī,محمد بن ابياه الألفغ حيبلي
5265,Maḥfūẓ b. al-Ghawth b. Sidīnā ad-Dāwudī,محفوظ بن الغوث بن سيدينا الداودي
5266,Sīdī `Īsa b. Muḥammad al-Mukhtār b. Ahl Aḥmad ad-Dāwudī,سيدي عيسى بن محمد المختار بن أهل أحمد الداودي
5267,al-Marwānī b. aṭ-Ṭālib `Abd Allāh an-Naffā` ad-Dāwudī al-Walātī,المرواني بن الطالب عبد الله النفاع الداودي الولاتي
5268,Sīdī Muḥammad b. Aḥmad b. Yaḥya b. Ibrāhīm b. A`mar al-Ma`qilī ad-Dulaymī,سيدي محمد بن أحمد بن يحيى بن إبراهيم بن أعمر المعقلي الدليمي
5269,Ashfagha [Atshfagha] al-Amīn b. Sīdi al-Fāḍil [Ṿāḍil/al-Ṿāḷḷī] ad-Daymānī,أشفغ الأمين بن سيدي الفاضل [الفالي] الديماني
5270,Ajjamad b. Ḥāmidtū [Ḥāmittu] ad-Daymānī,الجمدْ بن حامدتو [حامتّ] الديماني
5271,Aḥmad b. al-Kawrī b. Sīdī b. Amand ad-Daymānī,أحمد بن الكوري بن سيدي بن آمند الديماني
5272,Aḥmad b. Aḥmad ad-Daymānī,أحمد بن أحمد الديماني
5273,ash-Shaykh Aḥmaddū b. Slaymān ad-Daymānī,الشيخ أحمدو بن سليمان الديماني
5274,Ḥāmidun b. al-Mukhtār b. Baydaḥ [Ḅaydaḥ] ad-Daymānī,حامدن بن المختار بن بيدح الديماني
5275,Sīdī al-Amīn b. Muḥummadhun b. Aḥmad b. al-`Āqil ad-Daymānī,سيدي الأمين بن محمذن بن أحمد بن العاقل الديماني
5276,Sīdīyyā b. ash-Shaykh Aḥmaddū b. Slaymān ad-Daymānī,سيديا بن الشيخ أحمدو بن سليمان الديماني الباركي
5277,Muḥammaddū b. al-Barā' b. Baggī ad-Daymānī,محمدُّو بن البراء بن بگّي الديماني الفاضلي
5278,Muḥummadhun b. Muḥanḍ Bāba b. A`bayd ad-Daymānī,محمذن بن محنض بابه بن اعبيد الديماني
5279,Muḥanḍ Bāba b. Mmayn [Ṃṃayn] ad-Daymānī,محنض بابه بن امَّيْنْ الديماني
5280,al-Mukhtār b. aṭ-Ṭālib Ajwad ash-Sharīf ad-Daymānī,المختار بن الطالب أجود الشريف نسبا الديماني وطنا
5281,al-Mukhtār b. Baydaḥ b. an-Nāsik b. al-Ghallāwī ad-Daymānī,المختار بن بيدح بن الناسك بن الغلاوي الديماني
5282,Ālwaymināt b. Mḥammad b. Sīd Aḥmad ad-Daymānī,آلويمنات بن امحمد بن سيدي أحمد الديماني
5283,Yagwa b. Muḥummadhun b. Aḥmad Maylūd al-Fāḍīlī ad-Daymānī,يگوي بن محمذن بن أحمد ميلود الفاضلي الديماني
5284,al-Mukhtār b. Muḥummadhun b. Bābāna al-Būmayjī ad-Daymānī,المختار بن محمذن بن بابنا البوميجي الديماني
5285,Aḥmad b. Muḥammadā b. Ḥāmid b. Muḥanḍ Bāba al-Bārikī ad-Daymānī,أحمد بن محمدا بن حامد بن محنض بابه الباركي الديماني
5286,Sīd Aḥmad b. Māmīnna ad-Daymānī al-Yadnahanḍī,سيد أحمد بن مامين الديماني اليدنهنضي
5287,Muḥammad Wālad b. al-Muṣṭafā b. Khālunā ad-Daymānī,محمد والد بن المصطفى بن خالنا الديماني
5288,Muḥummadhun b. Bābakr b. Ahmayd al-Būmayjī ad-Daymānī,محمذن بن بابكر بن احميد البوميجي الديماني
5289,ash-Shaykh Aḥmad b. al-Fāḍil [Ṿāḍil] al-Abhamī ad-Daymānī,الشيخ أحمد بن الفاضل الأبهمي الديماني
5290,Ḥāmid b. Muḥammad Fāl b. Muḥummadhun b. Aḥmad b. Muḥammad al-`Āqil ad-Daymānī al-Abhamī,حامد بن محمد فال (ببها) بن محمذن بن أحمد بن محمد العاقل الديماني الأبهمي
5291,Ziyyād b. Ḥāmidtu [Ḥāmittu] b. `Ubayd al-Abhamī ad-Daymānī,زياد بن حامدتو بن عبيد الديماني الأبهمي
5292,`Abd Allāh b. al-Mukhtār b. Baydaḥ al-Bābaḥamdī ad-Daymānī,عبد الله بن المختار بن بيدح البابحمدي الديماني
5293,Muḥammad `Ā`lī b. Aḥmadhū b. Ziyyād al-Abhamī ad-Daymānī,محمد عالي بن أحمذو بن زياد الأبهمي الديماني
5294,Muḥammad Fāl [Ṿāl] b. Aḥmadhū b. Ziyyād al-Abhamī ad-Daymānī,محمد فال بن أحمذو بن زياد الأبهمي الديماني
5295,Muḥammad Maḥmūd b. Aḥmadhū b. Ziyyād al-Abhamī ad-Daymānī,محمد محمود بن أحمذو بن زياد الأبهمي الديماني
5296,Muḥummadhun b. Aḥmad b. al-`Āqil al-Abhamī ad-Daymānī,محمذن بن أحمد بن العاقل الأبهمي الديماني
5297,Muḥummadhun b. aj-Jidd b. az-Zubayr al-Abhamī ad-Daymānī,محمذن بن ألجد بن الزبير الأبهمي الديماني
5298,Muḥammad Fāl [Ṿāl] b. Bāha b. Laylām ad-Daymānī al-Idakūjī,محمد فال بن باه بن ليلام الديماني الإدكوجي
5299,Kawrī b. Quṭrub al-Bābaḥamdī ad-Daymānī,الكوري بن قطرب البابحمدي الديماني
5300,Ḥāmidun b. al-Mukhtār b. Ḥamdan b. Sīdī al-Būmayjī ad-Daymānī,حامدن بن المختار بن حامدن بن سيدي البوميجي الديماني
5301,`Abd Allāh b. Muḥummadhun b. Ḥabīb Allāh [Ḥabībaḷḷā] at-Tāmglāwī,عبد الله بن محمذن بن حبيب الله التامگلاوي
5302,Muḥummadhun (al-Haj) b. Ashfagha [Atshfagha] al-Mukhtār ad-Daymānī at-Tāmglāwī,محمذن بن أشفغ المختار الديماني التامكلاوي
5303,Aḥmad b. ad-Dāhī al-Fāḍilī ad-Daymānī,أحمد بن الداهي الفاضلي الديماني
5304,Bābakr b. `Umar b. Abnu `Abdam al-Fāḍilī ad-Daymānī,بابكر بن عمر بن أبنو عبدم الفاضلي الديماني
5305,Baggī b. Sīdī b. Ḥurma al-Fāḍilī ad-Daymānī,بگّي بن سيدي بن حرمه الفاضلي الديماني
5306,Khaylīd b. Muttayliyya b. Sīdī al-Fāḍil [Ṿāḍil] al-Fāḍilī ad-Daymānī,خيليد بن متيليه بن سيدي الفاضل الفاضلي الديماني
5307,Za`dar b. Ḥurma al-Fāḍilī ad-Daymānī,زعدر بن حرمه الديماني الفاضلي
5308,Zayn al-`Ābidīn b. Ashfagha [Atshfagha] al-Amīn al-Fāḍilī ad-Daymānī,زين العابدين بن أشفغ الأمين الفاضلي الديماني
5309,Sīdī al-Amīn b. `Āwin al-Fāḍilī ad-Daymānī,سيدي الأمين بن عاون الفاضلي الديماني
5310,`Ā'isha [`Aysha] bint Bābakr b. Ḥjāb al-Fāḍiliyya ad-Daymāniyya,عائشة بنت بابكر بن احجاب الفاضلية الديمانية
5311,`Umar b. Ibnū `Abdam al-Fāḍilī ad-Daymānī,عمر بن أبنو عبدم الفاضلي الديماني
5312,Muḥammad Fāl [Ṿāl] b. al-Bannānī ad-Daymānī al-Fāḍilī,محمد فال بن البناني الديماني الفاضلي
5313,Muḥammaddu b. Muḥummadhun b. al-Mukhtār b. Banyūg al-Fāḍilī ad-Daymānī,محمدُّو بن محمذن بن المختار بن بنيوگ الفاضلي الديماني
5314,Muḥummadhun b. al-Mukhtār b. Maḥmūdan al-Fāḍilī ad-Daymānī,محمذن بن المختار بن محمودن الفاضلي الديماني
5315,Muḥummadhun b. Abbūda al-Fāḍilī ad-Daymānī,محمذن بن آبوده الفاضلي الديماني
5316,Muḥummadhun b. Bābakr b. Ḥjāb al-Fāḍilī ad-Daymānī,محمذن بن بابكر بن احجاب الفاضلي الديماني
5317,Muḥummadhun b. Muḥammad b. al-Amīn al-Fāḍilī ad-Daymānī,محمذن بن محمد بن الأمين الديماني الفاضلي
5318,Abū Bakr (Bakkin) b. Muḥummadhun b. Abī Bakr ad-Daymānī,أبو بكر (بكن) بن محمذن بن أبي بكر الدَّيْماني الفاضلي
5319,Aḥmaddū Sālim b. al-Quṭb al-Yadālī,أحمدُّو سالم بن القطب اليدالي
5320,Isḥāq b. Muḥammad b. al-Maḥbūbi al-Yadālī,إسحاق بن محمد بن المحبوب اليدالي
5321,al-Imām b. Sīdī b. Bābbāh ad-Daymānī al-Yadālī,الإمام بن سيدي بن باباه الديماني اليدالي
5322,Zayn b. al-Amīn b. Idūmu al-Yadālī,زين بن الأمين بن ايدوم اليدالي
5323,Zayn b. Muḥammad b. al-Maḥjūbī al-Yadālī,زين بن محمد بن المحبوبي اليدالي
5324,Muḥammaddin b. Muḥammad b. Ḥimmaynnā al-Yadālī,محمدن بن محمد بن حمينا اليدالي
5325,Muḥummadhun b. Sīdī al-Amīn b. al-Imām al-Yadālī,محمذن بن سيدي الأمين بن الإمام اليدالي
5326,Muḥummadhun Fāl [Ṿāl] b. al-Mukhtār b. Sa`īd b. Muḥammad al-Yadālī,محمذن فال بن المختار بن سعيد بن محمد اليدالي
5327,Muḥammad Sālim b. al-Mukhtār b. Alummā al-Yadālī,محمد سالم بن المختار بن ألما اليدالي
5328,al-Amīn b. Burāṣ b. Sīdī al-Amīn al-Bārikī ad-Daymānī,لأمين بن بوراس بن سيدي الأمين الباركي الديماني
5329,ash-Shaykh Sīdī Muḥammad b. ash-Shaykh Aḥmaddu b. Slaymān al-Bārikī ad-Daymānī,الشيخ سيدي محمد بن الشيخ أحمدو بن اسليمان الباركي الديماني
5330,`Abd Allāh b. Mmayn [Ṃṃayn] al-Bārikī ad-Daymānī,عبد الله بن امَّيْنْ الباركي الديماني
5331,Muḥammad b. ash-Shaykh Sīdī Muḥammad b. ash-Shaykh Aḥmaddu al-Daymānī,محمد بن الشيخ سيدي محمد بن الشيخ أحمدُّو الديماني الباركي
5332,Ḥmāda b. Muḥammaddū b. Bbā [Ḅḅā] al-Abhamī ad-Daymānī,احماده بن محمدو بن ابَّا الأبهمي الديماني
5333,Aḥmad Zayn b. Muḥummadhun b. `Ubaydī al-Abhamī ad-Daymānī,أحمد زين بن محمذن بن عبيدي الأبهمي الديماني
5334,Sidi (Dīdī) b. Muḥammad b. al-Amin b. Mahham ad-Daymānī,يدي بن مجمد بن الأمين بن محم الديماني
5335,Ashfagha [Atshfagha] `Abd Allāh b. A`mar al-Abhamī ad-Daymānī,أشفغ عبد الله بن أعمرالأبهمي الديماني
5336,Afāḍal b. Aḥmadhū b. Zayyād al-Abhamī ad-Daymānī,أفضل بن أحمذو بن زياد الأبهمي الديماني
5337,Ḥamdan b. Sīdī b. at-Tāh al-Abhamī ad-Daymānī,حمدن بن سيدي بن التاه الأبهمي الديماني
5338,Khadīja [Qadīja] bint Muḥammad al-`Āqil al-Abhamiyya ad-Daymāniyya,خديجه [قديجه] بنت محمد العاقل الأبهمية الديمانية
5339,Muttāl b. Muḥanḍ b. Billa al-Abhamī ad-Daymānī,متال بن محنض بن بله الأبهمي الديماني
5340,Muḥammad Ā`lī b. Muḥanḍ al-Abhamī ad-Daymānī,محمد عالي بن محنض الأبهمي الديماني
5341,Muḥummadhun Bāba b. Dāddāh al-Abhamī ad-Daymānī,محمذن بابه بن داداه الأبهمي الديماني
5342,Muḥummadhun b. `Alī ad-Daymānī al-Abhamī,محمذن بن علي الديماني الأبهمي
5343,al-Mukhtār b. `Abdī b. Aḥmad Mutīlī ad-Daymānī al-Abhamī,المختار بن عبدي بن أحمد متيليه الديماني الإدودنيعقبي
5344,al-Murīd b. Agmatmīn al-Abhamī ad-Daymānī,المريد بن أكمتمين الأبهمي الديماني
5345,Bashīr b. `Abd al-Ḥayy ar-Ruqaybī [ar-Rgaybī],بشير بن عبد الحي الرقيبي
5346,Khalīl b. al-Ḥabīb b. `Abd al-Ḥayy ar-Ruqaybī [ar-Rgaybī],خليل بن الحبيب بن عبد الحي الرقيبي
5347,Ḥabīb b. al-Ḥusayn b. `Abd al-Ḥayy ar-Ruqaybī [ar-Rgaybī],حبيب بن الحسين بن عبد الحي الرقيبي
5348,Muḥammad b. `Abd al-Ḥayy ar-Ruqaybī [ar-Rgaybī],محمد بن عبد الحي الرقيبي
5349,Isallmū b. as-Sālik az-Zaynabī,إسلمو بن السالك الزينبي
5350,Sīdī Muḥammad b. Jār Allāh b. ash-Shaykh b. Ammanī az-Zaynabī,سيدي محمد بن جار الله بن الشيخ بن امني الزينبي
5351,Muḥammad Maḥfūẓ b. Jār Allāh az-Zaynabī,محمد محفوظ بن جار الله الزينبي
5352,Muḥammad Maḥmūd az-Zaynabī,محمد محمود الزينبي
5353,Muḥummadhun (Bbāh [Ḅḅāh]) b. an-Naḥwī az-Zaynabī,محمذن بن النحوي الزينبي
5354,Ḥabīb b. Sīdī Muḥammad b. al-`Ālim ad-Dmaysī as-Sbā`ī,حبيب بن سيدي محمد بن العالم الدميسي السباعي
5355,Ḥammūd b. A`ryra as-Sbā`ī,حمود بن اعريره السباعي
5356,Sīdī Mbārik b. al-Khirshī as-Sbā`ī,سيدي امبارك بن الخرشي السباعي
5357,Sīdī Muḥammad b. Aḥmad Ma`lūm ad-Dmaysī (nasāban) al-Ghallāwī (sākan) as-Sbā`ī,سيدي محمد بن أحمد معلوم الدميسي نسبا الغلاوي (سكنا) السباعي
5358,Sīdī Muḥammad b. `Abd ar-Raḥmān as-Sbā`ī,سيدي محمد بن عبد الرحمن السباعي
5359,`Abd Allāh b. Abī Bakr b. Sīdī Muḥammad as-Sbā`ī,عبد الله بن أبي بكر بن سيدي محمد السباعي
5360,Aḥmad b. al-Khirshī al-`Azzūzī as-Sbā`ī,أحمد بن الخرشي العزوزي السباعي
5361,Sīdī al-Ḥāfiẓ b. Sīd Aḥmad b. Sa`īd al-`Azzūzī as-Sbā`ī,سيدي الحافظ بن سيدي احمد بن اسعيد العزوزي السباعي
5362,`Abd al-Wadūd b. Aḥmad Mawlūd ash-Shamsadī,عبد الودود بن أحمد مولود الشمسدي
5363,Bānummu b. Aḥmad b. `Abd Allāh ash-Shamsadī,بانمو بن أحمد بن عبد الله الشمسدي
5364,Muḥammad al-Majdhūb b. Aḥmad b. Aḥsayn ash-Shamsadī,محمد المجذوب بن أحمد بن احسين الشمسدي
5365,Sīdī b. Khlīl ash-Shamsadī,سيدي بن اخليل الشمسدي
5366,Abā al-Mukhtār b. Ḥabīb Allāh [Ḥabībaḷḷā] b. Ḥāmdīnū ash-Shuqrawī,ابا المختار بن حبيب الله بن حامدينو الشقروي
5367,Abū Bakr b. al-Mukhtār b. Muḥammad Fal [Ṿāl] b. Aḥmad b. al-Fāḍil ash-Shuqrawī,أبو بكر بن المختار بن محمد فَالْ بن أحمد بن الفاضل الشقروي
5368,Abū Bakr b. Maḥfūẓ b. Badda ash-Shuqrawī,أبو بكر بن محفوظ بن بده الشقروي
5369,Abū Bakr b. Muḥammad Maḥmūd ash-Shuqrawī,أبو بكر بن محمد محمود الشقروي
5370,Aḥmaddu b. ash-Shaykh Muḥammaddin `Abd ar-Raḥmān b. Abī Bakr b. Fatan ash-Shuqrawī,أحمدُ بن الشيخ محمدنْ عبد الرحمن بن أبي بكر بن فتًى الشقروي
5371,"Aḥmaddū b. Muḥammadu ""Ḥmāh Allāh"" b. Muḥanḍ b. Sīdī `Abd Allāh ash-Shuqrawī",أحمدُ بن محمدُ الملقب احْماهْ الله بن محنض بن سيدي عبد الله الشَّقروي
5372,Aḥmaddū b. Sīdī Muḥammad b. Muḥammad Mawlūd ash-Shuqrawī,أحمدُّو بن سيدي محمد بن محمد مولود الشقروي
5373,al-Amīn b. al-Ḥāj ash-Shuqrawī,الأمين بن الحاج الشقروي
5374,al-Ḥārith b. Muḥanḍ b. Sīdī `Abd Allāh ash-Shuqrawī,الحارث بن مَحَنْضْ بن سِيدِي عبد الله الشَّقْرَوي
5375,`Abd Allāh b. al-Amīn b. Abī Mayja ash-Shuqrawī,عبد الله بن الأمين بن أبي ميجة الشقروي
5376,`Abd Allāh b. al-Ghazāllī ash-Shuqrawī,عبد الله بن الغزالي الشقروي
5377,`Abd Allāh b. Muḥammad b. Bugayā b. al-Ḥāj ash-Shuqrawī,عبد الله بن محمدٌن بن بگيا بن الحاج الشقروي
5378,Muḥammad b. Abnū (`Abd Allāh) b. Ḥmayda ash-Shuqrawī,محمد بن أبنو (عبد الله) بن احميدا الشقروي
5379,Muḥammad b. Bakkyā b. al-Ḥāj ash-Shuqrawī,محمد بن بكيا بن الحاج الشقروي
5380,Muḥammad Sālim b. Mḥummadhun ash-Shuqrawī,محمد سالم بن با محمذن الشقروي
5381,Muḥammad `Abd ar-Raḥmān b. Maylūd ash-Shuqrawī,محمد عبد الرحمن بن ميلود الشقروي
5382,Muḥammaddin b. Ḥabīb Allāh [Ḥabībaḷḷā] b. Ḥaddu ash-Shuqrawī,محمدن بن حبيب الله بن حدو الشقروي
5383,Marīam bint al-Amīn b. al-Ḥāj ash-Shuqrawīyya,مريم بنت الأمين بن الحاج الشقروية
5384,Yaḥya b. `Abd Allāh ash-Shuqrawī,يحيى بن عبد الله الشقروي
5385,al-Amīn b. al-Ghazālī ash-Shuqrawī,الأمين بن الغزالي الشقروي
5386,Abū Bakr b. Fatan ash-Shuqrawī,أبو بكر بن فتى الشقروي
5387,Muḥammad Sālim b. Qathm b. ad-Dāh ash-Shamsadī,محمد سالم بن قثم بن الداه الاسماسيد
5388,Muḥammad Sīdīnā b. Birru ash-Shamsadī,محمد سيدينا بن برو الشمسدي
5389,"Muḥammad Aḥmad b. `Abd ar-Raḥmān b. Muḥammad as-Sālik b. `Abd Allāh b. Muḥammad ""al-Imām"" ash-Shamsadī",محمد أحمد بن عبد الرحمن بن محمد السالك بن عبد الله بن محمد الملقب الإمام الشمسدي
5390,Muḥammad al-Ḥabīb b. `Abd al-Qādir b. Hayyin ash-Shamsadī,محمد الحبيب بن عبد القادر بن هيين الشمسدي
5391,Muḥammad Sālim b. Zaydān ash-Shamshawī al-Idāshfaghī,محمد سالم بن زيدان الشمشوي الإداشفغي
5392,Aḥmad Bāba b. al-Bukhārī b. al-Filālī al-Bārikī,أحمد بابه بن البخاري بن الفلالي الباركي
5393,Muḥummadhun Ābba ash-Shamshawī,محمذن آبه الشمشوي
5394,Anjubnān [Andyubnān] b. Aḥmad Jahjah [Dyahdya] al-Alfagha Ḥayballī ash-Shamshawī,انجبنان بن أحمد جهجه الألفغ حيبلي الشمشوي
5395,`Abd Allāh b. al-Ḥāj `Abd Allāh b. al-Faqīh Muḥammad ash-Shinqīṭī,عبد الله بن الحاج عبد الله بن الفقيه محمد الشنقيطي
5396,ash-Shaykh b. Sīdī Muḥammad b. `Ābīdīn aṣ-Ṣa`īdī,الشيخ بن سيدي محمد بن عابدين الصعيدي
5397,Aḥmad b. Muḥammad b. Muḥammad Sālim aṭ-Ṭalābī,أحمد بن محمد بن محمد سالم الطلابي
5398,Abadda b. Maḥmūd al-`Alawī,أبَّدَّه بن محمود العلوي
5399,Muḥammad b. Aḥmad Miska al-Bārikī,محمد بن أحمد مسكه الباركي
5400,Aḥmad b. Baddī al-`Alawī,أحمد بن بدي العلوي
5401,Aḥmad b. Muḥammad b. aṭ-Ṭālib b. A`lī al-`Alawī,أحمد بن محمد بن الطالب بن أعْلِي العلوي
5402,Aḥmad Maḥmūd (Mannābba) b. Muḥammad (Ibn aṭ-Ṭulba) b. Aḥmaddū b. Muḥammad al-Ḥāfiẓ al-`Alawī,أحمد محمود (مَنَّ آبَّهْ) بن محمد (ابن الطُّلْبَه) بن أحمدو بن محمد الحافظ العلوي
5403,Aḥmaddū b. Babānā al-`Alawī,أحمدُّو بن ببانا العلوي
5404,Alfagha [Atshfagha] Sīd Aḥmad al-`Alawī,ألفغ سيدي أحمد العلوي
5405,Ashfagha [Atshfagha] Mīnnaḥnā (أشفغ مِينحْنَا) b. Mūdī Mālik ad-Daymānī (waṭanan) al-`Alawi (nasaban),أشفغ مِينحْنَا بن مودي مالك الديماني وطنا العلوي نسبا
5406,Isallmū b. Muḥammad Aḥīd b. Sīdī `Abd Allāh al-`Alawī,إسلمو بن محمد أحيد بن سيدي عبد الله العلوي
5407,at-Tijānī b. Bāba b. Aḥmad Bayba al-`Alawī,التجاني بن بابه بن أحمد بيبه العلوي
5409,Ḥurma b. `Abd aj-Jalīl al-`Alawī,حرمه بن عبد الجليل العلوي
5410,as-Sālik b. Bāba b. Aḥmad Bayba al-`Alawī,السالك بن بابه بن أحمد بيبه العلوي
5411,as-Sālik b. `Umār b. al-Ḥāj Muḥammad b. al-Ḥāj (al-Imām) `Abd ar-Raḥmān al-`Alawī,السالك بن عمار بن الحاج محمد بن الحاج (الإمام) عبد الرحمن العلوي
5412,Sīdī al-Mukhtār b. aṭ-Ṭālib b. Ḥankūsh al-`Alawī,سيدي المختار بن الطالب بن حنكوش العلوي
5413,Sīdī b. Mawlūd b. Ḥābīb b. al-Mukhtār b. al-Amīn al-`Alawī,سيدي بن مولود بن حابيب بن المختار بن الأمين العلوي
5414,Sīdī `Abd Allāh b. Ashfagha [Atshfagha] Sīdī Aḥmad b. Maḥḥam b. al-Qāḍī al-`Alawī,سيدي عبد الله بن أشفغ سيدي أحمد بن محم بن القاضي العلوي
5415,Sīdī `Abd Allāh b. Muḥammad Maḥmūd b. Sīdī `Abd Allāh b. al-Ḥāj Ibrāhīm al-`Alawī,سيدي عبد الله بن محمد محمود بن سيدي عبد الله بن الحاج إبراهيم العلوي
5416,`Abd ar-Raḥmān b. aṭ-Ṭālib `Abd Allāh b. `Abd ar-Raḥmān b. al-Maqqarī al-`Alawī,عبد الرحمن بن الطالب عبد الله بن عبد الرحمن بن المقري العلوي
5417,`Abd ar-Raḥmān b. aṭ-Ṭālib Muḥammad b. al-Amīn b. Mūdī al-`Alawī,عبد الرحمن بن الطالب محمد بن الأمين بن مودي العلوي
5418,`Abd ar-Raḥman b. al-Kūrī al-`Alawī,عبد الرحمن بن الكور العلوي
5419,Muḥammad al-Bannānī b. Aḥmad Jiddu al-`Alawī,محمد البناني بن أحمد جدو العلوي
5420,Muḥammad al-Mukhtār b. Aḥmad Fāl [Ṿāl] b. Sīdī b. Aḥmaddan al-`Alawī,محمد المختار بن أحمد فال بن سيدي بن أحمدٌان العلوي
5421,Muḥammad al-Mishrī b. `Abd Allāh (Tayyāh) al-`Alawī,محمد المشري بن عبد الله العلوي
5422,Muḥammad Aḥīd b. Sīdī `Abd Allāh b. al-Ḥāj Ibrāhīm al-`Alawī,محمد أحيد بن سيدي عبد الله بن الحاج إبراهيم العلوي
5423,Muḥammad b. Sīd Aḥmad b. Aḥmaddan al-`Alawī,محمد بن سيد أحمد بن احمدان العلوي
5424,Muḥammad b. Sīd Aḥmad b. al-Khalīfa b. Sīdīna al-`Alawī,محمد بن سيد أحمد بن الخليفة بن سيدينا العلوي
5425,Muḥammad b. `Abd aj-Jalīl b. Ḥurmat Allāh al-`Alawī,محمد بن عبد الجليل بن حرمة الله العلوي
5426,Sīdī Muḥammad b. `Abd ar-Raḥmān al-`Alawī,سيدي محمد بن عبد الرحمن العلوي
5427,Muḥammad b. `Abd al-Qādir al-`Alawī,محمد بن عبد القادر العلوي
5428,Muḥammad b. Maḥḥam `Āshūr al-`Alawī,محمد بن محم عاشور العلوي
5429,Muḥammaddu b. Muḥamdī b. Sidīna al-`Alawī,محمدو بن محمدي بن سيدينا العلوي
5430,Muḥammad b. Maḥmūd b. Muḥammad b. Aḥmad b. Khayār b. al-Qāḍī al-`Alawī,محمد بن محمود بن محمد بن أحمد بن خيار بن القاضي العلوي
5431,Muḥammad Bayba b. Sīd Aḥmad b. `Abd ar-Raḥmān b. Aḥmad al-Maqqarī al`Alawī,محمد بيبه بن سيدي احمد بن عبد الرحمن بن أحمد المقري العلوي
5432,Muḥammad A`lī b. Muḥammaddū b. al-Muṣṭafa b. Fatan al-Ḥasanī al-`Alawī,محمد عالي بن محمدو بن المصطفى بن فتى العلوي
5433,Muḥammad Fāl [Ṿāl] b. `Abd Allāh b. Muḥammad Fāl [Ṿāl] b. Bābah [Ḅḅāh] al-`Alawī,محمد فال بن عبد الله بن محمد فال بن بابه العلوي
5434,Muḥammad Maḥmūd b. Muḥammad Kābir al-`Alawī,محمد محمود بن محمد كابر العلوي
5435,Muḥammad al-Amīn b. Aḥmad b. Bābāna al-`Alawī,محمد الأمين بن أحمد بن بابانا  العلوي
5436,Muḥummadhun b. Bābāna al-`Alawī,محمذن بن بابان العلوي
5437,al-Mukhtār b. Babānā al-`Alawī,المختار بن ببانا العلوي
5438,`Abd ar-Raḥmān b. al-Imām al-`Alawī,عبد الرحمن بن الإمام العلوي
5439,Muḥammad `Abd Allāh b. A`bayd ar-Raḥmān al-`Alawī,محمد عبد الله بن اعبيد الرحمن العلوي
5440,Muḥammadu b. al-Muṣṭafā b. Muḥammad al-Mukhtār b. Fatan al-`Alawī,محمدُ بن المصطفى بن محمد المختار بن فتى العلوي
5441,Muḥammad b. Sīdi Muḥammad b. Muḥammad aṣ-Ṣaghīr b. Mbūja al-`Alawī,محمد بن سيدي محمد بن محمد الصغير بن انبوجه العلوي
5442,Sīdī Ibrāhīm b. al-Imām al-`Alawī,سيدي إبراهيم بن الإمام العلوي
5443,Muḥammad b. `Abd Allāh b. al-Muṣṭafa [Ṿaffā] b. Aḥmad Fāl [Ṿāl] al-`Alawī,محمد عبد الله بن المصطفى بن أحمد فال العلوي
5444,Muḥammad al-Ḥasan b. Muḥammad `Abd al-Jalīl b. al-Amīn b. al-Ḥāj al-`Alawī,محمد الحسن بن محمد عبد الجليل بن الأمين بن الحاج العلوي
5445,Muḥammad al-Ḥāfiẓ b. al-Mukhtār b. al-Ḥabīb al-`Alawī ash-Shinqīṭī,محمد الحافظ بن المختار بن الحبيب العلوي الشنقيطي
5446,Muḥammad al-Amīn b. al-Mukhtār b. ar-Rabbānī al-Ghallāwī  al-`Alawī (nasaban),محمد الأمين بن المختار بن الرباني الغلاوي العلوي
5447,Muḥammad Fāl [Ṿāl] b. Bawbu al-`Alawī al-Mālikī,محمد فال بوبوه العلوي المالكي
5448,Ibrāhīm (Shighālī) b. Aḥmad Maḥmūd b. `Abd ar-Raḥmān al-Wāfī al-Ghallāwī,إبراهيم (شغالي) بن أحمد محمود الغلاوي
5449,Sīd Aḥmad b. `Uthmān b. Mawlūd al-Ghallāwī,سيدي أحمد بن عثمان بن مولود الغلاوي
5450,Sīdī Bubakr b. aṭ-Ṭālib Jiddū al-Ghallāwī,سيدي بوبكر بن الطالب جدو الغلاوي
5451,`Abd ar-Raḥmān al-Khalīfa b. Aḥmad Ṭālib b. Jiddu al-Ghallāwī,عبد الرحمن الخليفة بن احمد طالب بن جيد الغلاوي
5452,Muḥammad b. Bashīr al-Ghallāwī,محمد بن البشير الغلاوي
5453,Muḥammad al-Mukhtār b. Muḥammad al-Amīn b. Muḥummadhun Mukhtār b. Aḥmad b. Ḥabīb Allāh b. al-Ghallāwī,محمد المختار بن محمد الأمين بن محمذن مختار الغلاوي
5454,Sīdī al-Mukhtār b. aṭ-Ṭālib Sīdī Aḥmad b. al-Ḥāj al-Muṣṭafā al-Ghallāwī,سيدي المختار بن الطالب سيدي أحمد بن الحاج المصطفى الغلاوي
5455,Muḥammad b. Bba [Ḅḅa] al-Ghallāwī at-Tuwātī,محمد بن اب التواتي الغلاوي
5456,Aḥmad Ṭālib b. aṭ-Ṭālib Muṣṭafā b. aṭ-Ṭālib `Uthmān al-Ghallāwī al-Aḥmadī,أحمد طالب بن الطالب مصطفي بن الطالب عثمان الغلاوي الأحمدي
5457,al-Muṣṭafā b. aṭ-Ṭālib `Uthmān b. al-Mukhtār Ya`qūb b. Aḥmad al-Ghallāwī al-Aḥmadī,المصطفى بن الطالب عثمان بن المختار بن يعقوب بن أحمد الغلاوي الأحمدي
5458,Abū Bakr b. al-Ḥāj `Īsa al-Ghallāwī as-Saydāwī ash-Shar`i,أبو بكر بن الحاج عيسى الغلاوي السيداوي الشرعي
5459,Muḥammad `Abd Allāh b. ash-Shaykh b. Ḥāmmannī [Ḥāṃṃannī] al-Ghallāwī al-Shinqīṭī,محمد عبد الله بن الشيخ بن حامني الغلاوي
5460,`Uthmān b. Muḥammad b. aṭ-Ṭālib al-Wāfī al-Ghallāwī,عثمان بن محمد بن الطالب الوافي الغلاوي
5461,Muḥammad b. Maḥmūd b. Muḥammad b. `Abd al-Qādir al-Fūtī,محمد بن محمود بن محمد بن عبد القادر الفوتي
5462,aṭ-Ṭālib Aḥmad b. Māmma al-Ghallāwī,الطالب أحمد بن مامَّه الغلاوي
5463,Aḥmad b. `Abd al-Azīz b. Hāmmannī [Ḥāṃṃannī] al-Ghallāwī,أحمد بن عبد العزيز بن حَامَّنِّي الغلاوي
5464,Ḥammūd b. Muttār al-Ghallāwī,حمود بن متار الغلاوي
5465,Sīdī Ibrāhīm b. Aḥmad Ramẓān al-Ghallāwī,سيدي إبراهيم بن أحمد رمظان الغلاوي
5466,`Abd ar-Raḥmān b. al-Qāsim b. Muḥammad Aḥmad al-Ghallāwī,عبد الرحمن بن القاسم بن محمد أحمد الغلاوي
5467,`Abd Allāh b. Aḥmad b. al-Ḥāj Ḥima Allāh [Ḥmāhaḷḷa] al-Ghallāwī ash-Shinqīṭī,عبد الله بن أحمد بن الحاج حمى الله الغلاوي الشنقيطي
5468,Muḥammad al-Ḥabīb b. al-Murābiṭ [Limrābiṭ] b. aṭ-Ṭālib Jiddu al-Ghallāwī,محمد الحبيب بن المرابط بن الطالب جدُ الغلاوي
5469,Muḥammad Aḥmad b. Sīdī Ibrāhīm al-Ghallāwī,محمد أحمد بن سيدي إبراهيم الغلاوي
5470,Muḥammad Khūnā b. Bayān al-Ghallāwī,محمد خونا بن بيان الغلاوي
5471,Idūmu b. an-Nagga al-Ghallāwī,إدومو بن النگه الغلاوي
5472,Sa`d b. ash-Shaykh Ḥasannā b. Mā' al-`Aynayn,سعد بن الشيخ حسنا بن ماء العينين
5473,Aḥmad b. Hayba al-Qalqamī,أحمد بن هيبة القلقمي
5474,an-Ni`mah b. ash-Shaykh Mā' al-`Aynayn al-Qalqamī,النعمه بن الشيخ ماء العينين القلقمي
5475,al-Ḥasan b. Ahmad Maḥmūd b. Sīdī Slaymān al-Gunānī,الحسن بن أحمد محمود بن سيدي سليمان الگناني
5476,Sīdī al-Mukhtār b. al-Mā`mūn al-Gunānī,سيدي المختار بن المأمون الگناني
5477,`Umar b. Bāba al-Gunānī,عمر بن بابه الگناني
5478,Mubārak b. Yamīnu al-Gunānī,مبارك بن يمين الگناني
5479,Muḥammad b. Bābbāh b. Muḥammad Luqmān b. Sīdī al-Mukhtār b. Māmūn al-Gunāni,محمد بن باباه بن محمد لقمان بن سيدي المختار بن مامون الگناني
5480,Muḥammad `Abd ar-Raḥman b. Mubārak b. Yamīnu al-Gunānī,محمد عبد الرحمن بن المبارك بن يمين الگناني
5481,Muḥammad Mawlūd b. Bābbah al-Gunānī,محمد مولود بن باباه الگناني
5482,Muḥammad Yaḥya b. Aḥmad b. `Abdī b. Būmsān al-Gunānī,محمد يحيى بن أحمد بن عبدي بن بومسان الگناني
5483,Aḥmad Dayna b. Aḥmad b. Muḥammad al-Kumlaylī,أحمد دين بن أحمد بن محمدا الكمليلي
5484,Aḥmad Dayna b. Bhūh al-Kumlaylī,أحمد دين بن ابهوه الكمليلي
5485,Biddin b. al-`Atīq b. Khāddil al-Kumlaylī,بدن بن العتيق بن خادل الكمليلي
5486,Ḍiyā' ad-Dīn b. Aḥmad b. Kiddāh b. `Abd al-Bāqī b. Aḥmad b. Kraysh az-Zalmātī aj-Jakanī,ضياء الدين بن أحمد بن كداه بن عبد الباقى بن أحمد بن اكريش الزلماطي الجكني
5487,Aḥmad b. `Abd Allāh b. Waddādī al-Kuntī,أحمد بن عبد الله بن ودادي الكنتي
5488,Ḥāmid b. Sīdī Aḥmad b. Sīdī al-Amīn al-Kuntī,حامد بن سيدي أحمد بن سيدي الأمين الكنتي
5491,Muḥammad b. `Ābidīn al-Kuntī,محمد بن عابدين الكنتي
5492,Muḥammad b. Sīdī al-Amīn b. aṭ-Ṭālib `Amar al-Kuntī al-Busayfī,محمد بن سيدي الأمين بن الطالب أعمر الكنتي البوسيفي
5493,ash-Shaykh Bay b. Sīdī Muḥammad al-Kuntī,الشيخ باي بن سيدي محمد الكنتي
5495,Aḥmad b. Amānat Allāh b. Muḥammad al-Amīn al-Lamtūnī,أحمد بن أمانة الله بن محمد الأمين اللمتوني
5496,Imām al-Makkī al-Lamtūnī,إمام المكي اللمتوني
5497,al-Imām b. Muḥammad b. `Abdāwa al-Lamtūnī,الإمام بن محمد بن عبداوه اللمتوني
5498,Bāba Aḥmad b. Muḥammad b. Mbārik al-Lamtūnī,بابه أحمد بن محمد بن مبارك اللمتوني
5499,Sīdī al-Mukhtār b. Aḥmad b. al-Hādī al-Lamtūnī,سيدي المختار بن أحمد بن الهادي اللمتوني
5500,Mālik b. ‘Abdāwa b. al-Ma‘zūz b. al-Fāllī [al-Vāḷḷī] al-Lamtūnī,مالك بن عبداوه المعزوز بن الفاللي اللمتوني
5501,Muḥammad Shayknā b. Bbāh [Ḅḅāh] b. Muḥammad al-Amīn al-Lamtūnī,محمد شيخنا بن اباه بن محمد الأمين اللمتوني
5502,Muḥammad `Abd ar-Raḥmān b. Aḥmad al-Hādī al-Lamtūnī,محمد عبد الرحمن بن احمد بن الهادي اللمتوني
5503,Muḥammad Fāḍil [Ṿāḍil] b. Muḥammad al-Amīn al-Lamtūnī,محمد فاضل بن محمد الأمين اللمتوني
5504,Muḥammad Maḥmūd b. Sīdī Aḥmad b. Aḥmad b. al-Hādī al-Lamtūnī at-Tmaddakī,محمد محمود بن سيدي أحمد بن أحمد بن الهادي اللمتوني اتمدكي
5505,Muḥammad Maḥmūd b. Muḥammad al-Amīn al-Lamtūnī,محمد محمود بن محمد الأمين اللمتوني
5506,Aḥmad b. Muḥammad `Aynaynā b. Aḥmad al-Hādī al-Lamtūnī at-Tmaddakī,أحمد بن محمد عينينا بن أحمد بن الهادي اللمتوني التمدكي
5507,`Abd al-Wadūd b. Muḥummadhun b. al-Ma`zūz al-Mālikī at-Tandaghī,عبد الودود بن محمذن بن المعزوز المالكي التندغي
5508,`Alī b. Muḥammad b. al-Amīn al-Mālikī at-Tandaghī,علي بن محمد بن الأمين المالكي التندغي
5509,ash-Shaykh Muḥammadin b. ash-Shaykh Bāba Khay al-Mālikī at-Tandaghī,الشيخ محمدن بن الشيخ بابه خي المالكي التندغي
5510,Muḥammaddu b. `Abd Allāh b. Muḥammad b. al-Amīn al-Mālikī at-Tandaghī,محمدُّو بن عبد الله بن محمد بن الأمين المالكي التندغي
5511,Muḥummadhun b. Sīdī Aḥmad al-Mālikī,محمذن بن سيدي أحمد المالكي
5512,Muḥammad b. Muḥammad b. al-Faqīh Mūdī Mālik ad-Daymānī,محمد بن محمد بن الفقيه مودي مالك الديماني
5513,Aḥmaddū b. al-Bashīr al-Mālikī al-Abābakī at-Tandaghī,أحمدُّو بن البشير المالكي الأبابكي التندغي
5514,`Abd Allāh b. Muḥammad b. al-Amīn al-Mālikī al-Abābakī at-Tandaghī,عبد الله بن محمد بن الأمين المالكي الأبابكي التندغي
5515,Muḥammad `Abd Allāh b. `Abd ar-Raḥmān b. al-Bashīr al-Mālikī at-Tandaghī,محمد عبد الله بن عبد الرحمن بن البشير المالكي التندغي
5516,Muḥammaddin b. al-`Ālim al-Mālikī at-Tandaghī,محمدن بن العالم المالكي التندغي
5517,Aḥmaddū al-Wāthiq b. Jaddū al-Mālikī al-Aḥmadhan al-`Udayjī (العديجي) at-Tandaghī,أحمدُّو الواثق بن جدُّو المالكي الأحمذن العديجي التندغي
5518,Aḥmad b. `Abd ar-Ra'ūf (الرؤوف) b. al-Ma`zūz al-Mālikī al-Abābakī at-Tandaghī,أحمد بن عبد الرؤوف بن المعزوز المالكي الأبابكي التندغي
5519,Muḥummadhun Maylūd b. Mḥammad al-Mālikī al-Būkhayārī at-Tandaghī,محمذن ميلود بن امحمد المالكي البوخياري التندغي
5520,Aḥmad Maḥmūd b. Amīnu al-Mubārikī al-Ya`qūbī,أحمد محمود بن أمينو المباركي اليعقوبي
5521,Muḥammad Sālim b. Muḥammad `Āli b. `Abd al-Wadūd (`Addūd) al-Mubārikī,محمد سالم بن محمد عالي بن عبد الودود (عدود) المباركي
5522,Muḥammad Ā`lī b. `Abd al-Wadūd [`Addūd] al-Mubārikī,محمد عالي بن عبد الودود (عدود) المباركي
5523,Muḥammad Yaḥya b. Muḥammad `Alī b. `Abd al-Wadūd [`Addūd] al-Mubārikī ash-Shamshawī,محمد يحيي بن محمد علي بن عبد الودود [عدود] المباركي الشمشوي
5524,Bbāh [Ḅḅāh] b. `Alī b. an-Ni`ma al-Majlisī,اباه بن عالي بن نعمه المجلسي
5525,aj-Jakānī (Sīd Aḥmad) b. ash-Shaykh al-Imām b. Muḥammadā al-Majlisī,الجكاني (سيدي أحمد) بن الشيخ الإمام بن محمدا المجلسي
5526,Ḥabīb Allāh [Ḥabībaḷḷā] b. Aḥmad al-Badawī al-Majlisī,حبيب الله بن أحمد البدوي المجلسي
5527,Sīdī Aḥmad b. al-Mukhtār b. Ḥūma Allāh al-Majlisī,سيدي أحمد بن المختار بن حوم الله المجلسي
5528,Sīdi Muḥammad b. Amīn b. al-Majlisī,سيد محمد بن امين المجلسي
5529,Sīdī Muḥammad ash-Sharīf b. Sīdī Aḥmad b. Muḥummadhun b. aṣ-Ṣabbār al-Majlisī,سيدي محمد الشريف بن سيدي أحمد بن محمذن بن الصبٌار المدلشي
5530,Muḥammad (Abūku) b. Swayd Aḥmad b. Muḥammad Khūya al-Majlisī,محمد (ابُّوكو) بن اسويد أحمد بن محمد خويا المجلسي
5531,Muḥammad al-Amīn (an-Naynnī) b. `Abd Allāh al-Majlisī,محمد الأمين (النَّيْنِّي) بن عبد الله المجلسي
5532,Muḥammad al-Ḥayy b. Ḥamādan al-Majlisī,محمد الحي بن حمادن المجلسي
5533,Muḥammad al-Ghawth b. `Abd Allāh b. Muḥammad b. Aghshummamt al-Majlisī,محمد الغوث بن عبد الله بن محمد بن أغشممت المجلسي
5534,Muḥammad b. al-Hādī al-Majlisī,محمد بن الهادي المجلسي
5535,Muḥammad b. Aghshummamt al-Majlisī,محمد بن أغشممت المجلسي
5536,Muḥammad `Abd al-Qādir b. Ḥabīb Allāh [Ḥabībaḷḷā] al-Majlisī,محمد عبد القادر بن حبيب الله المجلسي
5537,al-Mukhtār b. Muḥammadā al-Majlisī,المختار بن محمدا المجلسي
5538,al-Muṣṭafā  Bufummayn [Buṿuṃṃayn] al-Buḥamdī al-Majlisī,المصطفى بوفمين البوحمدي المجلسي
5539,Muḥummadhun b. as-Sālim b. Maylūd al-Ḥasanī al-Ban`amarī (waṭanan) al-Majlisī (nasaban),محمدن بن االسالم بن ميلود البنعمري الحسني المجلسي
5540,Sīdī Aḥmad b. aṣ-Ṣabbār al-Majlisī,سيدي أحمد بن الصبار المجلسي
5541,Abū Bakr b. Muḥammad b. al-Ḥāj Aḥmad b. Anda `Abd Allāh al-Maḥjūbī,أبو بكر بن محمد بن الحاج أحمد بن اندعبد الله المحجوبي
5542,A`mar Mammū b. Muḥammad b. Abī Bakr b. Muḥammad Nāllāh al-Maḥjūbī,أعمر ممو بن محمد بن أبي بكر بن محمد نالله المحجوبي
5543,al-Imām Būbakr b. Muḥammad b. Muḥammad Asrī al-Maḥjūbī,الإمام بوبكر بن محمد بن محمد أسري المحجوبي
5544,Muḥammad b. al-Ḥāj Aḥmad b. Anda `Abd Allāh (Andawda [Andawḍḍa]) b. A`lī b. ash-Shaykh al-Maḥjūbī,محمد بن الحاج أحمد بن أَندَ عبد الله (اندوضة) بن اعلي بن الشيخ المحجوبي
5545,Muḥammad b. al-Faqīh `Abd ar-Raḥmān b. Aḥmad al-Wālī b. Abī Bakr b. Aḥmad b. `Abd Allāh al-Maḥjūbī,محمد بن الفقيه عبد الرحيم بن أحمد الولي بن أبي بكر بن أحمد بن عبد الله المحجوبي
5546,Muḥammad b. Aḥmad (Bū Guffa) al-Maḥjūbī,محمد بن أحمد (بوگفٌ المحجوبي
5547,Muḥammad `Abd Allāh b. aṭ-Ṭālib `Abd Allāh b. Muḥammad b. Anda `Abd Allāh al-Maḥjūbī al-Walātī,محمد عبد الله بن الطالب عبد الله بن محمد بن أَندَ عبد الله المحجوبي الولاتي
5548,Aḥmad al-Wālī b. Abī Bakr b. Aḥmad b. `Abd Allāh al-Maḥjūbī al-Walātī,أحمد الولي بن أبي بكر بن أحمد بن عبد الله المحجوبي الولاتي
5549,`Umar b. Bāba b. `Alī b. Anda `Abd Allāh b. Sīdī Aḥmad al-Maḥjūbī,عمر بن بابه بن علي بن أَندَ عبد الله بن سيدي أحمد المحجوبي
5550,Muḥammad Buya b. aṭ-Ṭālib Būbakr b. Aḥmad al-Muṣṭafā al-Maḥjūbī,محمد بويا بن الطالب بوبكر بن أحمد المصطفى المحجوبي
5551,al-Maḥjūb b. Muḥammad b. al-Ḥāj Aḥmad al-Maḥjūbī al-Wālatī,المحجوب بن محمد بن الحاج أحمد المحجوبي الولاتي
5552,Muḥammad b. `Alī b. aṭ-Ṭālib Abī Bakr b. `Alī b. ash-Shaykh al-Maḥjūbī al-Walātī,محمد بن علي بن الطالب أبي بكر بن علي بن الشيخ المحجوبي الولاتي
5553,Muḥammad `Abd Allāh b. Ambūya [Nbūya] al-Maḥjūbī al-Walātī,محمد عبد الله بن امبوي المحجوبي الولاتي
5554,Mḥammad b. al-Mukhtār ash-Shawwāf al-Muslimī at-Tīshītī,امحمد بن المختار الشواف المسلمي التيشيتي
5555,Aḥmad b. Sīdī b. al-Maḥjūb al-Massūmī,أحمد بن سيدي بن المحجوب المسومي
5556,`Abd ar-Raḥmān (Sīdī) b. Abī Bakr b. al-Ḥabīb al-Massūmī,عبد الرحمن (سيدي) بن أبي بكر بن الحبيب المسومي
5557,Muḥammad al-Muṣṭafā b. Sīdī Yaḥya al-Massūmī,محمد المصطفى بن سيدي يحيى المسومي
5558,Muḥammad Aḥīd b. Sīdī `Abd ar-Raḥmān b. Muḥammad b. aṭ-Ṭālib `Īsa al-Massūmī,محمد أحيد بن سيدي عبد الرحمن بن محمد بن الطالب عيسى المسومي
5559,Muḥammad Maḥmūd an-Najāshī b. Muḥammad Aḥīd b. Sīdī `Abd ar-Raḥmān al-Massūmī,محمد محمود النجاشي بن محمد أحيد بن سيدي عبد الرحمن المسومي
5560,Abū al-Ma`ālī b. Muḥammad b. `Abd Allāh b. Abī al-Ma`ālī al-Ya`qūbī,أبو المعالي بن محمد بن أبي المعالي اليعقوبي
5561,Muḥammad Maḥmūd b. `Abd al-Ḥāmid al-Mūsānnī aj-Jakanī,محمد محمود بن عبد الحميد الموساني الجكني
5562,Ā`lī Maḥmūd b. Muḥammad aṣ-Ṣaghīr an-Nāṣirī,اعلي محمود بن محمد الصغير الناصري
5563,Byā b. Sulaymān an-Nāṣirī,بيا بن سليمان الناصري
5564,Ḥammūdī b. Muḥammad al-Hādī b. Murābiṭ an-Nāṣirī,حمودي بن محمد الهادي بن مرابط الناصري
5565,Ṣāliḥ b. ar-Rashīd b. Muḥammad aṣ-Ṣāliḥ b. `Abd al-Wahāb an-Nāṣirī,صالح بن الرشيد بن محمد صالح بن عبد الوهاب الناصري
5566,Muḥammad Maḥmūd b. A`mar Ṭālib an-Nāṣrī,محمد محمود بن أعمر طالب الناصري
5567,Muḥammad ash-Shaybānī b. Muḥammad Aḥmad an-Najmurī al-Ajmallī (waṭanan),محمد الشيباني بن محمد أحمد النجمري
5568,Muḥammad Ḥāmid b. Muḥammad Aḥmad an-Najmurī,محمد حامد بن محمد أحمد النجمري
5569,Bbāta [Ḅḅāta] b. aṭ-Ṭālib Aḥmad Jiddū b. al-Mukhtār b. aṭ-Ṭālib `Abd Allāh al-Nizārī,أبات بن الطالب أحمد جدو بن المختار بن الطالب عبد الله النزاري
5570,Aḥmad b. Muḥammad Bbāta [Ḅḅāta] b. aṭ-Ṭālib b. Aḥmad Jaddū an-Nizārī,أحمد بن محمد أبات بن الطالب جدو النزاري
5571,Muḥammad Bbāta [Ḅḅāta] b. Muḥammad `Abd ad-Dāym b. Bbāta [Ḅḅāta] an-Nizārī,محمد أباتْ بن محمد عبد الدايم بن أباتْ النزاري
5572,Muḥammad b. Aḥmad b. Muḥammad Bbāta [Ḅḅāta] b. aṭ-Ṭalib Aḥmad Jiddu an-Nizārī,محمد بن أحمد بن محمد أباتْ بن الطالب أحمد جدٌ النزاري
5573,Sīdī Muḥammad b. Bāba `Aynaynā an-Ni`māwī,سيدي محمد بن بابه عينينا النعماوي
5574,`Abd ar-Raḥīm b. `Abd as-Salām b. Muḥammad b. `Abd Allāh b. an-Nīsābūrī at-Tandaghī,عبد الرحيم بن عبد السلام بن محمد عبد الله بن النيسابوري التندغي
5575,Sīdī Aḥmad b. Ayd al-Qāsim al-Wadānī al-Ḥājī,سيدي أحمد بن أيْدَه القاسم الوداني الحاجي
5576,Muḥammad b. Aḥmad b. Abī Bakr al-Wadānī al-Ḥājī,محمد بن أحمد بن أبي بكر الوداني الحاجي
5577,al-Ḥasan b. Ubbā al-Mūsānnī aj-Jakanī,الحسن بن أبَّا الموساني الجَكَنِي
5578,Muḥammad Faḍl Allāh b. Aydda al-Wasrī aj-Jakanī,محمد فضل الله بن أيدَّه الوسري الجكني
5579,`Abd Allāh b. Abī Bakr b. `Alī ash-Shaykh al-Maḥjūbī al-Walātī,عبد الله بن أبي بكر بن اعلي الشيخ المحجوبي الولاتي
5580,Sīdī `Īsa b. Aḥmaddū aj-Ja`farī al-Walātī,سيدي عيسى بن أحمدو الجعفري الولاتي
5581,Gaṣrī b. al-Faqih Muḥammad b. al-Mukhtār b. al-Gaṣrī al-Idayllbī,الگصري بن الفقيه محمد بن المختار بن الگصري الإديلبي
5582,`Uthmān al-Kabīr b. A`mar b. Sīdātī al-Yūnusī al-Walātī,عثمان الكبير بن اعمر بن سيداتي اليونسي الولاتي
5583,`Uthmān b. Muḥammad Yaḥya b. Salīma b. al-Ḥāj A`mar al-Yūnusī al-Walātī,عثمان بن محمد يحيى بن سليمة بن الحاج أعمر اليونسي
5584,Aḥmad b. Anda `Abd Allāh b. `Alī b. ash-Shaykh al-Walātī al-Maḥjūbī,أحمد بن أَندَ عبد الله بن على بن الشيخ الولاتي المحجوبي
5585,`Abd ar-Raḥīm b. al-Faqīh Aḥmad al-Wāfī al-Walātī al-Maḥjūbī,عبد الرحيم بن الفقيه أحمد الولي الولاتي المحجوبي
5586,`Umar al-Wālī b. al-Shaykh Muḥammad `Abd Allāh b. `Abd Allāh al-Maḥjūbī al-Walātī,عمر الولي بن الشيخ محمد عبد الله بن عبد الله المحجوبي الولاتي
5587,Aḥmad b. Muḥammad (b. Aḥmad) al-Maḥjūbī al-Walātī,أحمد بن محمد (بن أحمد) المحجوبي الولاتي
5588,Aḥmad b. Muḥammad al-Ya`qūbī al-Walātī al-Maḥjūbī,أحمد بن محمد اليعقوبي المحدوبي الولاتي
5589,Muḥummadhun Fāl [Ṿāl] b. Muḥammad Sālim b. al-Mukhtār b. Alummā al-Yadālī,محمذن فال بن محمد سالم بن المختار بن ألما اليدالي
5590,al-Bashīr b. Mbārigī al-Yadmūsī ash-Shamshāwī,البشير بن امبارگي اليدمسي الشمشوي
5591,Aḥmad b. Yāmuttālī al-Yadmusī,أحمد بن يامتالي اليدمسي
5592,Aḥmaddū Bamba b. Muḥummadhun Fāl [Ṿāl] b. aṣ-Ṣūfī al-Yadmusī,أحمدُّو بمبه بن محمذن فال بن الصوفي اليدمسي
5593,`Abd Allāh b. Aḥmatnān al-Yadmusī,عبد الله بن أحمتنان اليدمسي
5594,Muḥammad b. Ḥbayyib al-Yadmusī,محمد بن احبيب اليدمسي
5595,Muḥammad Mukhtār b. Muḥammad `Abd Allāh al-Yadmusī,محمد مختار بن محمد عبد الله اليدمسي
5596,Muḥammaddu b. Yamuttālī al-Yadmusī,محمدُّو بن يامتالي اليدمسي
5597,al-Hāshimī b. al-Amīn al-Yadmusī,الهاشمي بن الأمين اليدمسي
5598,Aḥmad b. al-Amīn al-Ya`qūbī,أحمد بن امين اليعقوبي
5599,Aḥmad b. Abī Ma`ālī b. Ḥabībi al-Ya`qūbī,أحمد بن أبي المعالي بن حبيبي اليعقوبي
5600,Aḥmad Fāl [Ṿāl] b. Aḥmaddu b. al-Khadīm al-Ya`qūbī,أحمد فال بن أحمدُّو الخديم اليعقوبي
5601,Aḥmad Ma`lūm b. Muḥammad b. `Abd Allāh al-Ya`qūbī,أحمد معلوم بن محمد بن عبد الله اليعقوبي
5602,al-Bukhārī b. al-Māmūn Muḥammad aṣ-Ṣūfī al-Ya`qūbī,البخاري بن المأمون محمد الصوفي اليعقوبي
5603,Shaykhnā (al-Mukhtār) b. Muḥanḍ b. al-Mukhtār b. `Abd Allāh al-Ya`qūbī,شيخنا (المختار) بن محنض بن المختار اليعقوبي
5604,`Abd Allāh b. az-Zubayr al-Ya`qūbī,عبد الله بن الزبير اليعقوبي
5605,Aḥmad al-Māmūn b. Muḥummadhun aṣ-Ṣūfī b. `Abd Allāh al-Mujāwir al-Ya`qūbī,أحمد مامون بن محمذن الصوفي بن عبد الله اليعقوبي
5606,Muḥammad al-Amīn b. Aḥmad b. Ḥabb Allāh [Ḥabbaḷḷa] al-Ya`qūbī,محمد الأمين بن أحمد بن حب الله اليعقوبي
5607,Muḥammad al-Māmī [al-Ṃāṃī] b. al-Mukhtār b. Muḥammad b. Sīdī b. al-Mubārik al-Ya`qūbī,محمد المامي بن المختار بن محمد بن سيدي بن المبارك اليعقوبي
5608,Muḥammad al-Māmī [al-Ṃāṃī] b. `Abd Allāh al-Ya`qūbī,محمد المامي بن عبد الله اليعقوبي
5609,Muḥammad al-Mukhtār b. Aḥmad b. Ḥabīb Allāh [Ḥabībaḷḷā] b. al-Ghallāwī al-Ya`qūbī,محمذن مختار بن أحمد ين حبيب الله بن الغلاوي اليعقوبي
5610,Muḥammad b. Sīdī Muḥammad b. Aḥmad Fāl [Ṿāl] (Ddeṿāl) b. Ḥabīb Allāh [Ḥabībaḷḷā] al-Ya`qūbī,محمد بن سيدي محمد بن أحمد فال (ادفال) بن حبيب الله اليعقوبي
5611,Muḥammad b. Maḥmūd b. Mawlūd al-Ya`qūbī al-Mūsawī,محمد بن محمود بن مولود اليعقوبي
5612,Muḥammad Ḥimā Allāh [Ḥmāhaḷḷa] b. Aḥmad Mawlūd al-Ya`qūbī,محمد حمى الله بن أحمد مولود اليعقوبي
5613,Muḥammad `Abd ar-Raḥmān b. Bilbillāh al-Ya`qūbī,محمد عبد الرحمن بن بلبلاه اليعقوبي
5614,Muḥammad `Abd Allāh (Bullāhī) b. Muḥammad b. Anbābba al-Ya`qūbī,محمد عبد الله (بلاهي) بن محمد بن انبابه اليعقوبي
5615,Muḥammad Yaḥya b. Muḥammad b. Muḥanḍ al-Ya`qūbī,محمد يحيى بن محمد بن محنض اليعقوبي
5616,Muḥammaddin b. Akāh al-Ya`qūbī,محمدن بن اكاه اليعقوبي
5617,Muḥammaddin b. Bilbillāh al-Ya`qūbī,محمدن بن بلبلاه اليعقوبي
5618,Aḥmad Fāl [Ṿāl] b. Muḥummadhun Fāl b. al-Amīn b. al-Mukhtār al-Ya`qūbī,أحمد فال بن محمذن فال بن الأمين بن المختار اليعقوبي
5619,Aḥmad Miska b. Bārīk Allāh [Bārikaḷḷa] al-Ya`qūbī al-Bārikī,أحمد مسكه بن بارك الله اليعقوبي الباركي
5620,Muḥammad b. `Abd Allāh al-Ya`qūbī (d. 1923-4),محمد بن عبد الله اليعقوبي
5621,Muḥammaddin b. Ashfagha [Atshfagha] A`mar al-Ya`qūbī al-A`māmī,محمدن بن أشفع أعمر اليعقوبي الأعمامي
5622,Muḥammad b. `Abd Allāh b. al-Bukhārī al-Bārikī,محمد بن عبد الله بن البخاري الباركي
5623,Afilwāṭ [Avilwāṭ] b. ash-Shaykh Muḥammad al-Māmī [al-Ṃāṃī] al-Bārikī,أفلواط بن الشيخ محمد المامي الباركي
5624,Aḥmad Takrūr b. Ābba [Āḅḅa] b. al-Mukhtār b. Ashfagha [Atshfagha] Mūsa al-Ya`qūbī al-Mūsawī,أحمد تكرور بن آبه بن المختار بن أشفغ موسى اليعقوبي الموسوي
5625,al-`Atīq b. Mḥammad b. aṭ-Ṭulba al-Ya`qūbī al-Mūsawī,العيق بن امحمد بن الطلبة اليعقوبي الموسوي
5626,Muḥammad al-Muṣṭafā b. Muḥammad `Abd Allāh b. Muḥammad b. al-Mukhtār b. Aḥmad Takrūr al-Mūsawī al-Ya`qūbī,محمد المصطفى بن الشيخ محمد عبد الله بن محمد بن المختار بن أحمد تكرور اليعقوبي الموسوي
5627,Muḥammad `Abd Allāh b. al-Mukbtār b. Muḥammad Āskir b. Ḥaymidda al-Ghallāwī,محمد عبد الله بن المختار بن محمد آسكر بن حيمدٌ اللغلالي
5628,Muḥammad Mukhtār b. `Abd Allāh b. al-Amīn al-Ya`qūbī al-Mūsawī,محمد مختار بن عبد الله بن الأمين اليعقوبي الموسوي
5629,Muḥummadhun Limjaydrī b. Ḥabballa al-Ya`qūbī al-Mūsawī,محمذن المجيدري بن حب الله اليعقوبي الموسوي
5630,Sīdi al-Mukhtār b. Aḥmad b. an-Nu`aym al-Ya`qūbī al-Yadālī,سيد المختار بن أحمد النعيم اليعقوبي اليدامي
5631,al-Mukhtār b. Ashfagha [Atshfagha] Mūsa al-Ya`qūbī al-Mūsawī,المختار بن أشفغ موسى اليعقوبي الموسوي
5632,Ḥabīb Allāh [Ḥabībaḷḷa] b. Muḥammad b. Maḥmūd al-Ya`qūbī al-Bārikī,حبيب الله بن محمد بن محمود اليعقوبي الباركي
5633,aṣ-Ṣūfī b. Muḥammad Mukhtār al-Ya`qūbī al-A`māmī,الصوفي بن محمد مختار اليعقوبي الأعمامي
5635,Hāshim b. `Uthmān al-Yamānī ash-Sharīf,هاشم بن عثمان اليماني الشريف
5636,`Abd Allāh b. aṭ-Ṭālib `Abd ar-Raḥmān b. aṭ-Ṭālib Muḥammad b. Shilla al-Yalawī al-Yūnusī,عبد الله بن الطالب عبد الرحمن بن سيدي محمد بن شله اليلوي اليونسي
5637,`Uthmān b. Aḥmad b. al-Ḥāj A`mar al-Yūnusī ar-Raḥmūnī al-Walāti,عثمان بن أحمد بن الحاج أعمر اليونسي الرحموني
5638,`Abd Allāh b. Bū al-Mukhtār b. Muḥammad b. Aḥmad b. `Īsa al-Ḥasanī,عبد الله بن بو المختار بن محمد بن أحمد بن عيسى الحسني
5639,Bābā al-Ḥayy b. Muḥammad b. ash-Shaykh A`mar al-Abdūkulī,بابا الحي بن محمد بن الشيخ أعمر الابدوكلي
5640,Hibat Allāh b. Ḥabīb Allāh [Ḥabībaḷḷā] al-Ḥasanī,هبة الله بن حبيب الله الحسني
5641,Isallmū b. as-Sālim al-`Alawī,إسلمو بن السالم العلوي
5642,Muḥammad Badr ad-Dīn b. Muḥammad al-Bashīr ash-Shamsadī,محمد بدر الدين بن محمد البشير الشمسدي
5643,Muḥammad al-Mhāba b. Sīdī Muḥammad b. aṭ-Ṭālib Imījin al-Ajmallī,محمد المهابة بن سيدي محمد بن الطالب إميجن الأجملي
5644,Muḥammad b. Ahmayda,محمد بن أحميده
5645,Muḥammad b. Muḥammad b. al-Sā'ḥī al-Ghawātī ash-Shinqīṭī,محمد بن محمد بن سائحي الغواتي السنقيطي
5646,Muḥammad b. Alfā `Umar Dukkurāy as-Sūninkī,محمدُ بن ألفا عمر دُكري السونينكي
5648,Zayn al-`Ābidīn b. Aḥmad,زين العابدين بن أحمد
5649,Bāba Ḥasan b. Mūlāy `Abd Allāh ash-Sharīf al-Ḥasanī,بابه حسن بن مولاي عبد الله الشريف الحسني
5650,aṭ-Ṭālib al-Ḥabīb b. Aydda al-Amīn b. Bāba al-Ibrāhīmī aj-Jakanī,الطالب الحبيب بن أيدَّه الأمين بن بابه الإبراهيمي الجكني
5651,Sīdī Muḥammad as-Sunnī b. Muḥammad as-Sijilmāsī,سيدي محمد السني بن محمدالسجلماسي
5652,Muḥammad Ḥabīb Allāh [Ḥabībaḷḷā] b. `Abd Allāh b. Aḥmad b. Mayyāh al-Ḥasanī,محمد حبيب الله بن عبد الله بن أحمد بن ميَّاهْ الحسني
5653,Ma' al-`Aynayn b. al-`Atīg al-Qalqamī,ماء العينين بن العتيگ القلقمي
5654,Muḥammad `Abd Allāh b. Isallmū b. `Abd Allāh al-Idyaydbī,محمد عبد الله بن إسلمو بن عبد الله الإيديجبي
5655,Miṣbāh b. ash-Shaykh Ḥabīb Allāh at-Tāgnītī,مصباح بن الشيخ حبيب الله التاگنيتي
5656,Fatan b. Fāl [Ṿāl] al-Ḥasan ash-Shuqrawī,فتى بن فال الحسن الشقروي
5657,`Abd ar-Raḥmān b. Ḥaddāmma al-Ābbayrī,عبد الرحمن بن حدّامّه الآبّيري
5658,Muḥammaddū b. Muḥammad al-Amīn b. Muḥammaddū b. Muḥummadhun b. ‘Abbās al-Ābbayrī,محمدو بن محمد الأمين بن محمدو بن محمذن بن عباس الآبّيري
5659,Muḥammaddu b. al-Mukhtār as-Sālim b. `Abbās al-Ābbayrī,محمدو بن المختار السالم بن عباس الآبّيري
5660,`Abd ar-Raḥmān b. ad-Dīn al-Ābbayrī,عبد الرحمن بن الدين الآبّيري
5661,Muḥammad b. Baddī b. ad-Dīn al-Ābbayrī,محمد بن بدي بن الدين الآبّيري
5662,Muḥammaddin b. Muḥammaddu b. al-Mukhtār as-Sālim al-Ābbayrī,محمدن بن محمدو بن المختار السالم الآبّيري
5663,Yadālī b. ad-Dīn al-Ābbayrī,يدالي بن الدين الآبيري
5664,Muḥummadhun Fāl [Ṿāl] b. Muḥammaddan b. `Abd aṣ-Ṣamad al-Ābbayrī,محمذ فال بن محمدن بن عبد الصمد الآبيري
5665,`Abd Allāh al-`Atīq b. ad-Dīn al-Ābbayrī,عبدالله العتيق بن الدين الآبّيري
5666,Awfā b. Abī Bakr al-Alfaghī [al-Idātfaghī] al-Hanḍī,أوفى بن أبي بكر الألفغي الهنضي
5667,Ḥāmid b. Sīdī Muḥammad al-Idyaydbī,حامد بن سيدي محمد الإديجبي
5668,Muḥammad b. al-Maḥfūẓ b. Dahmad al-Idyaydbī,محمد بن المحفوظ بن دَهمَد الإديجبي
5669,Muḥammad al-Mukhtār b. Ḥabīb Allāh [Ḥabībaḷḷā] b. al-Qāḍī al-Idyaydbī,محمد المختار بن حبيب الله بن القاضي الإديجبي
5670,Muḥammad al-Yadālī b. al-`Atīq al-Idawdanyuqbī,محمد اليدالي بن العتيق الإدودنيعقبي
5671,al-Mukhtār Asslāma b. Aḥmad Sālim al-Idawdanyuqbī,المختار اسلامه بن أحمد سالم الإدودنيعقبي
5672,al-Mukhtār b. `Abdī al-Idawdanyuqbī,المختار بن عبدي الإدودنيعقبي
5673,Yāmu b. al-Amīn al-Idawdanyuqbī,يامو بن الأمين الإدودنيعقبي
5674,al-Yadālī b. Muḥammad Sālim al-Idawdanyuqbī,اليدالي بن محمد سالم الإدودنيعقبي
5675,Aḥmad Khirshī b. Muḥammad al-Khirshī b. Miska al-Bārikī,أحمد خرشي بن محمد الخرشي بن مسكه الباركي
5676,Aḥmad Ya`qūb b. Sīdi Ibrāhīm al-Bārikī,أحمد يعقوب بن سيد إبراهيم الباركي
5678,al-Ḥassan al-Barnāwī al-Bārikī,الحسن البرناوي الباركي
5679,Sīdī `Abd Allāh b. al-Barnāwī al-Bārikī,سيدي عبد الله بن البرناوي الباركي
5680,Sīdī al-Mukhtār b. al-Filālī al-Bārikī,سيدي المختار بن الفلالي الباركي
5681,`Āi'sha [`Aysha] bint Aḥmad Ya`qūb al-Bārikīyya,عائشة بنت أحمد يعقوب الباركية
5682,al-Mukhātr b. al-Barnāwi al-Bārikī,المختار بن البرناوي الباركي
5683,ash-Shaykh Aḥmad b. at-Tadbīr al-Barkannī,الشيخ بن أحمدْ بن التدبير البركني
5684,Ḥabīb ar-Raḥmān b. aṭ-Ṭālib Ibrahīm al-Barkannī,حبيب الرحمن بن الطالب إبراهيم البركني
5685,Muḥammad b. Aḥmad Jiddu al-Barkannī,محمد بن أحمد جدو البركني
5686,Ma`rūf b. Muḥammad al-Kawrī al-Barkannī,معروف بن محمد الكوري البركني
5687,Mā` al-`Aynayn b. aṭ-Ṭālib Ibrāhīm al-Busātī,ماء العينين بن الطالب إبراهيم البساتي
5688,Aḥmad b. al-Mukhtār b. Aḥmad at-Tāshidbītī,أحمد بن المختار بن أحمد التاشدبيتي
5689,Muḥammad Mukhtār b. Muḥammad `Abd Allāh at-Tāshidibītī,محمد مختار بن محمد عبد الله التاشدبيتي
5690,Muḥammad b. Maḥfūẓ b. al-Mukhtār Fāl [Ṿāl] at-Tāgnītī,محمد بن مَحفوظ بن المختار فال التاگنيتي
5691,`Abd Allāh b. at-Tāh at-Tāmglāwī,عبد الله بن التاه التامگلاوي
5692,Muḥummadhun b. `Abd Allāh b. at-Tāh at-Tāmglāwī,محمذن بن عبد الله بن التاه التامگلاوي
5693,Aḥmad b. Amghar al-Idagfūdī (الإدكفودي) at-Tandaghī,أحمد بن أمغر الإدكفودي التندغي
5694,Aḥmad Ḥāmid b. Abī al-Būḥubbaynī at-Tandaghī,أحمد حامد بن ابي البوحبيني التندغي
5695,Aḥmad b. Walāt ar-Rakkūnī (الركوني) at-Tandaghī,أحمد بن ولات الركوني التندغي
5696,Aḥmad Fāl [Ṿāl] b. Muḥanḍ b. Aḥmad Jār Allāh at-Tandaghī al- Arba`īnī,أحمد فال بن محنض بن أحمد جار الله التندغي الأربعيني
5697,Aḥmad Maḥmūd b. Mu`āwiyya al-Arba`īnī at-Tandaghī,أحمد محمود بن معاوية الأربعيني التندغي
5698,Aḥmaddū b. Abī Bakr b. Aḥmaddū Bābah al-Idagbāllī (الإدكبالي) at-Tandaghī,أحمدُّو بن أبي بكر بن أحمدُّو بابه الإدكبالي التندغي
5699,Jamāl ad-Dīn b. al-Amīn al-Ishugāni (الإشگاني) at-Tandaghī,جمال الدين بن الأمين الإشگاني التندغي
5700,Sālim b. al-Fārūq al-Fūdī at-Tandaghī,سالم بن الفاروق الفودي التندغي
5701,`Aṭā' Allāh al-Fūdī at-Tandaghī,عطاء الله الفودي التندغي
5702,Muḥammad b. Bajāh at-Tandaghī,محمد بن بجاه التندغي
5703,Muḥammad b. Aḥmadū b. `Abdī at-Tandaghī al-Būḥubbaynī,محمد بن أحمدو بن عبدي التندغي البوحبيني
5704,Muḥammad b. Muḥummadhun at-Tandaghī,محمد بن محمذن التندغي
5705,Abbā b. `Abd Allāh b. Ammāh b.  Nāsr ad-Dīn al-Idawājī (الإيدواجي) at-Tandaghī,آبّا بن عَبد الله بن امّاهْ بن ناصر الدّين الإيدواجي التندغي
5706,Aḥmaddū b. al-Mrābiṭ at-Tandaghī al-Arba`īnī,أحمدُّو بن المرابط التندغي الأربعيني
5707,Muḥammaddin b. Aḥmaddū Bāba b. Abī Bakr al-Idagbāllī (الإيدگبالي) at-Tandaghī,محمدن بن أحمدُّ ببا بن أبي بكر الإيدگبالي التندغي
5708,Muḥammad b. Muḥamdī b. Aḥmad Sālim al-Arba`īnī at-Tandaghī,محمد بن مُحَمدي بن أحمَد سالِم الأربعيني التندغي
5709,Sīdī Muḥammad b. Sīdī Aḥmad Bābah at-Tinwājīwī,سيدي محمد بن سيدي أحمد بابه التنواجيوي
5710,Muḥammad al-Amīn b. al-Maḥfūẓ b. Akbādī at-Tinwājīwī,محمد الأمين بن المحفوظ بن أكبادِي التنواجيوي
5711,Muḥammad Sālim b. Ḥaddu at-Tinwājīwī,محمد سالم بن حدُّو التنواجيوي
5712,Muḥammad Sālim b. Muḥammad Mukhtār at-Tinwājīwī,محمد سالم بن محمد مختار التنواجيوي
5713,Muḥammad b. al-Mukhtār b. Aḥmad b. Mūjj (موجِّ) at-Tinwājīwī,محمد بن المختار بن أحمد بن موجِّ التنواجيوي
5714,Muḥammad Sīdyyā b. Muḥammad b. Muḥammadbū at-Tinwājīwī,مُحَمّد سيديا بن محمد بن محمدبُو التنواجيوي
5715,Muḥammad Najim b. A`lātī b. Muḥammad aṣ-Ṣaghīr at-Tinwājīwī,محمد ناجم بن أعلاتي بن محمد الصغير التنواجيوي
5716,Muḥammad Yislim ( يسلم) b.  al-Maḥfūẓ b. Muḥammad Khayyna (خينَه) at-Tinwājīwī,محمد يسلم بن محفوظ بن محمد خينَه التنواجيوي
5717,aṭ-Ṭālib b. Sīdyya at-Tinwājīwī,الطالب بن سيدي التنواجيوي
5718,Muḥammaddū b. Ḥima Allāh [Ḥmāhaḷḷa] al-Muslimī at-Tīshītī,محمدُّو بن حمى الله المسلمي التيشيتي
5719,`Ubayda b. Muḥammad aṣ-Ṣaghīr b. Anbūja al-`Alawī at-Tīshītī,عبيدَة بن محمد الصغير بن انبوجة العلوي التيشيتي
5720,Aḥmad b. Muḥammad b. Sīdi Muḥammad at-Tīshītī as-Sbā`ī,أحمد بن محمد بن سيدي محمد التيشيتي السباعي
5721,Ḥima Allāh [Ḥmāhaḷlạ] b. Muḥammad b. Ḥima Allāh [Ḥmāhaḷlạ] al-Muslimī at-Tīshītī,حِمى الله بن محمد بن حِمى الله المسلمي التيشيتي
5722,`Umar b. `Abd Allāh b. Abū Bakr b. al-Māsinī at-Tīshītī,عمر بن عبد الله بن أبي بكر الماسني التيشيتي
5723,Muḥammad b. al-Imām at-Tīshītī,محمد بن الإمام التيشيتي
5724,Muḥammad b. Ḥbīb aj-Jakanī,محمد بن احبيب الجكني
5725,Bbāh [Ḅḅāh] b. al-Ḥusayn b. Ḥaymūd al-Mūsānnī aj-Jakanī,اباه بن الحسين بن حيمود الموساني الجكني
5726,Ashfagha [Atshfagha] Maḥḥam b. Jabba [Dyaḅḅa] b. A`mar b. Abābak al-Mūsānnī aj-Jakanī,أشفغَ محم بن چَبَّه بن أعمَر بن أبابَك الموساني الجكني
5727,Aḥmaddu b. Limrābiṭ b. Aḥmad b. Mawd aj-Jakanī al-Ashfaghī,أحمدو بن المرابط بن أحمد بن مَوْد الجكني الأشفغي
5728,Aḥmad Yugna b. Muḥammad b. al-Mukhtār b. al-A`mash al-Mūsānnī aj-Jakanī,أحمد يُگنَ بن محمد المختار بن الأعمش الموساني الجكني
5729,Billa`mash b. Ashfagha [Atshfagha] Maḥḥam al-Mūsānnī aj-Jakanī,بلعمش بن أشفغَ محم الموساني الجكني
5730,Sīdī Ibrāhīm b. Sīdī al-Mukhtār al-Yūsufī aj-Jakanī,سيدي إبراهيم بن سيدي المختار اليوسفي الجكني
5731,al-Imām b. Mānāh ar-Ramẓānī aj-Jakanī,الإمام بن ماناه الرمظاني الجكني
5732,Diyyā' ad-Dīn b. al-Mukhtār b. Būna az-Zalmāṭī aj-Jakanī,ضِيّاء الدّين بن المُختار بن بونا الزلماطي الجكني
5733,aṣ-Ṣiddīq b. Ḥraymū aj-Jakanī az-Zalmāṭī,الصديق بن بن احريمُو الجكني الزلماطي
5734,`Abd Allāh b. Awbak b. al-Mukhtār b. Ayūb ar-Ramẓānī aj-Jakanī,عبد الله بن أوبك بن المختار بن أيوب الرمظاني الجكني
5735,Muḥammad al-Amīn b. Muḥammad b. Sīdī ar-Ramẓānī aj-Jakanī,محمد الأمين بن محمد بن سيدي الرمظاني الجكني
5736,Muḥammaddū b. `Abd Allāh b. Awbak ar-Ramẓānī aj-Jakanī,محمدُّو بن عبد الله بن أوبك الرمظاني الجكني
5737,Muḥammad b. Fāl al-Khayri b. al-Mukhtār Fāl [Ṿāl] b. Aḥmad Yugna al-Musānnī aj-Jakanī,محمد بن فال الخير بن المختار فال بن أحمد يگن الموساني الجكني
5738,Muḥammad Mā' al-`Aynayn [Ma-l-‘Aynīn] b. Muḥammad al-`Āqib b. Māyāba al-Yūsufī aj-Jakanī,محمد ماء العينين بن محمد العاقب بن مايابى اليوسفي الجكني
5739,Muḥammad al-Mukhtār b. Ashfagha Billa`mash al-Mūsānnī aj-Jakanī,محمد المختار بن أشفغ بلعمش الموساني الجكني
5740,Muḥammad al-Mukhtār b. Muḥammad Ḥabīb Allāh [Ḥabībaḷḷā] aj-Jakanī al-Ashfaghī,محمد المختار بن محمد حبيب الله الجكني الأشفغي
5741,Maḥmūd b. Ḥbīb aj-Jakanī,محمود بن احبيب الجكني
5742,an-Nājī b. Sahlī al-Yūsufī aj-Jakanī,الناجي بن سهلي اليوسفي الجكني
5743,al-Mukhtār b. Sīdi al-Hādī ar-Ramẓānī aj-Jakanī,المختار بن سيد الهادي الرمظاني الجكني
5744,al-`Abqarī b. al-Amīn ar-Ramẓānī aj-Jakanī,العبقري بن الامين الرمظاني الجكني
5745,Biddīn b. `Abd ar-Raḥmān ar-Ramẓānī aj-Jakanī,بدين بن عبد الرحمن الرمظاني الجكني
5746,Aḥmad b. al-Fatān ar-Ramẓānī aj-Jakanī,أحمد بن الفتى الرمظاني الجكني
5747,Sīdī Aḥmad b. Mannī ar-Ramẓānī aj-Jakanī,سيدي أحمد بن مني الرمظاني الجكني
5748,Muḥammad Aḥmad b. at-Tawmī aj-Jakanī,محمد أحمد بن التومي الجكني
5749,ash-Shaykh Muḥammad Aḥmad b. Muḥammad b. al-Mukhtār b. Ilyās aj-Jummānī,الشيخ محمد أحمد بن محمد بن المختار بن إلياس الجماني
5750,`Abd al-Wahhāb b. Muḥammad Aḥmad aj-Jummānī,عبد الوهاب بن محمد أحمد الجماني
5751,A`lī b. Jiddū b. aṭ-Ṭālib Ilyās aj-Jummānī,اعلي بن جدو بن الطالب إلياس الجماني
5752,A`mar b. al-Amīn b. `Abd ad-Dā'im aj-Jummānī,أعمر بن الأمين بن عبد الدائم الجماني
5753,ash-Shaykh Muḥammad b. al-`Arabī b. Zayn aj-Jummānī,الشيخ محمد بن العربي بن زين الجماني
5754,aṭ-Ṭālib Aḥmad b. ad-Didda aj-Jummānī,الطالب أحمد بن الديده الجماني
5755,Aḥmad Zaydān b. al-Ḥāj Aḥmad Didda aj-Jummānī,أحمد زيدان بن الحاج أحمد ديدَّه الجماني
5756,Ḥammādi [Ḥaṃṃādi] Likhlīfa b. as-Sālik aj-Jummānī,حمادي لخليفه بن السالك الجماني
5757,`Abd ar-Raḥmān b. Ḥāmid b. Ballāl al-Ajmallī,عبد الرحمن بن حامد بن بلال الأجملي
5758,Bāba b. al-Makkī b. Buddāh al-Ajmallī,بابه بن المكي بن بداه  الأجملي
5759,al-Ḥāfiẓ b. Ballāl al-Ajmallī,الحافظ بن بلال الأجملي
5760,Aḥmad Sālim b. al-Imām al-Ḥājī,أحمد سالم بن الإمام الحاجي
5761,Muḥummadhun Aghrabaṭ b. al-Mukhtār b. as-Sālik al-Ḥājī,محمذن أغربط بن المختار بن السالك الحاجي
5762,Muḥammad Maḥmūd b. `Abd Allāh b. al-Murābiṭ [Limrābiṭ] Sīdī Maḥmūd al-Ḥājī,محمد محمود بن عبد الله بن المرابط سيدي محمود الحاجي
5763,`Abd Allāh b. al-Amīn  al-Ḥājī al-Wadānī,عبد الله بن الأمين الحاجي الوداني
5764,Muḥammad `Abd ar-Raḥmān b. ash-Shaykh Aḥmad Maḥmūd al-Ḥijjājī,محمد عبد الرحمن بن الشيخ أحمد محمود الحجاجي
5765,ash-Shaykh Muḥammad al-Qāḍī b. ash-Shaykh Muḥammad al-Ḥijjājī,الشيخ محمد القاضي بن الشيخ محمد الحجاجي
5766,Yaḥyā b. ash-Shaykh Muḥammad al-Ḥijjājī,يحيى بن الشيخ محمد الحجاجي
5767,`Abd aj-Jalīl b. `Abd ar-Raḥmān b. Muḥammaddu b. al-Khaṭāṭ al-Ḥijjājī,عبد الجليل بن عبد الرحمن بن محمدو بن الخطاط الحجاجي
5768,`Abd Allāh b. `Abd ar-Raḥmān al-Ḥijjājī,عبد الله بن عبد الرحمن الحجاجي
5769,Muḥammad b. al-Muṣṭafa al-Ḥasanī,محمد بن المصطفى الحسني
5771,Aḥmad b. Mannā al-Ḥasanī,أحمَد بن منا الحسني
5772,`Abd Allāh b. Ḥammayn al-Ḥasanī,عَبد الله بن حَمّينْ الحسني
5773,Muḥammad b. A`bayd Allāh [A`baydaḷḷa] al-Ḥasanī,محمد بن اعبَيد الله الحسني
5774,Muḥammad Maḥmud b. `Abd Allāh al-Bān`amarī al-Ḥasanī,محمد محمود بن عبد الله البانعمري الحسني
5775,Muḥummadhun Fāl [Ṿāl] b. Battāh al-Ḥasanī,مُحَمَّذِن فال بن بتاه الحسني
5776,Aḥmad b. Ibrāhīm b. Zayn al-`Ābidīn al-Ḥasanī,أحمد بن إبراهيم ين زين العالدين الحسني
5777,Aḥmadu b. Muḥummadhun Fāl [Ṿāl] al-Ḥasanī,أحمد بن نحمذن فال الحسني
5778,`Abd al-Kāfī b. Muḥummadhun b. Badr ad-Dīn al-Ḥasanī,عبد الكافي بن محمذن بن بدر الدين الحسني
5779,Muḥammad al-Mukhtār b. Muḥammad Yaḥya (al-Walātī) b. Muḥammad al-Mukhtār ad-Dāwudī al-`Allūshī,محمد المختار بن محمد يحيي (الولاتي) بن محمد المختار الداودي العلوشي
5780,Muḥammad `Abd Allāh b. Muḥammad al-Mukhtār b. Muḥammad Yaḥyā ad-Dāwudī as-Sa`īdī al-Walātī,محمد عبد الله بن محمد المختار بن محمد يحيي الداودي السعيدي الولاتي
5781,Ḥima Allāh [Ḥmāhaḷḷa] b. Muḥammad al-Amīn al-Ḥanashī at-Tīshītī,حمى الله بن محمد الأمين الحنشي التيشيتي
5782,Sīdī Muḥammad b. Ā`lī b. al-`Allūshī ad-Dāwudī az-Zaydī,سيدي محمد بن اعلي العلوشي الداودي الزيدي
5783,`Abd al-Mālik b. an-Naffā` b. aṭ-Ṭālib Aḥmad ad-Dāwudī,عبد المالك بن النفاع بن الطالب أحمد الداودي
5784,`Abd ar-Raḥmān b. Sālim al-Awjalī ad-Dāwudī al-Walātī,عبد الرحمن بن سالم الاوجلي الداودي الولاتي
5785,`Abd al-Karīm b. Muḥammadū b. Ḥanbal al-Āgdāshī al-Ḥasanī,عبد الكريم بن محمدو بن حنبل الأكداشي الحسني
5786,`Abd Allāh al-Mannā b. Aḥmaydī al-Ḥasanī,عبد الله المني بن احميدي الحسني
5787,Muḥammadu b. al-Afḍal al-Akhtīrī al-Ḥasanī,محمدو بن الأفضل الإختيري الحسني
5788,Muḥammaddu b. Ḥmaydī al-Āgdāshī al-Ḥasanī,محمدو بن احميدي الأگداشي الحسني
5789,Muḥammad Ḥabīb Allāh [Ḥabībaḷḷā] b. Ḥammūh al-Ḥasanī,محمد حبيب الله بن حموه الحسني
5790,Muḥammad at-Taqī b. Bullā al-Āgdāshī al-Ḥasanī,محمد التقي بن بلا الأكداشي الحسني
5791,Muḥammaddan b. Abī al-Ḥasanī,محمدن بن أبي الحسني
5792,Muḥammad b. Yabbih al-Ḥasanī,محمد بن يبه الحسني
5793,ash-Shaykh `Abd Allāh b. Ḥammayn al-Ḥasanī,الشيخ عبد الله بن حمين الحسني
5794,`Abd Allāh b. Maḥḥam al-Fak [Maḥmilvak] al-Āgdāshī al-Ḥasanī,عبد الله بن محم الفك الأگداشي الحسني
5795,al-Marwānī b. Aḥmādū ad-Dāwudī al-Ja`farī,المرواني بن أحمادو الداودي الجعفري
5796,al-Marwānī b. Sīdī Muḥammad b. Muḥammad Yaḥyā ad-Dāwudī,المرواني بن سيدي محمد بن محمد يحيى الداودي
5797,ash-Shaykh Sīdi Muḥammad b. Aḥmad al-Aswad al-Ḥasanī (nasaban) al-Ghallāwī (waṭanan),الشيخ سيدي محمد بن أحمد الأسود الحسني نسبا الغلاوي وطنا
5798,Muḥammad b. Aḥmadūnā ad-Daymānī,محمد بن أحمدونا الديماني
5799,Muḥammad Fāl [Ṿāl] b. Muḥummadhun b. Bāllīl ad-Daymānī,محمد فال بن محمذن بن بالّيل الديماني
5800,Muḥummadhun b. `Umar b. al-Adīb ad-Daymānī,مُحَمَّذِن بن عمر بن الأديب الديماني
5801,Baggī b. `Umar b. al-Adīb ad-Daymānī,بگّي بن عمر بن الأديب الديماني
5802,Aḥmad b. Sīdī b. al-Mubārak ad-Daymānī,أحمد بن سيدي بن المبارك الديماني
5803,Aḥmad Sālim b. al-Ḥasan ad-Daymānī,أحمَد سالِم بن الحَسَن الديماني
5804,Muḥummadhun b. Sīdī Muḥammad ad-Daymānī,محمذن بن سيدي محمد الديماني
5805,`Abd Allāh b. Muḥummadhun b. Kāmil ad-Daymānī,عبد الله بن مُحَمَّذِن بن كامل الديماني
5806,Muḥummadhun b. Mmayn [Ṃṃayn] ad-Daymānī,محمذن بن امَّيْنْ الديماني
5807,Aḥmad b. Abnū `Abdam ad-Daymānī,أحمد بن أبنو عبدم بن الديماني
5808,Muḥammad b. `Umar b. Abnū `Abdam ad-Daymānī,محمد بن عُمر بن أبنُو عَبدَم الديماني
5809,Sīdī b. Muḥammad ad-Daymānī,سيدي بن محمد الديماني
5810,Muḥummadhun b. Sīdī ad-Daymānī,محمذن بن سيدي الديماني
5811,`Abd Allāh b. Aḥmad b. Muḥammad al-Bāqr ad-Daymānī,عبد الله بن أحمد بن محمد الباقر الديماني
5812,Aḥmad b. `Abd Allāh b. Aḥmad b. Muḥammad al-Bāqr ad-Daymānī,أحمد بن عبد الله بن أحمد بن محمد الباقر الديماني
5813,Muḥammad b. Aḥmad b. `Abd Allāh Muḥammad al-Bāqr ad-Daymānī,محمد بن أحمد بن عبد الله محمد الباقر الديماني
5814,Ahmaddū b. al-Mukhtār b. Baydaḥ ad-Daymānī,أحمدو بن المختار بن بيدح الديماني
5815,Aḥmad b. al-Ma'mūn b. al-Figīgī ad-Daymānī,أحمد بن المأمون بن الفگيگي الديماني
5816,Sīd Aḥmad b. al-Mukhtār b. al-Ḥmaydī ad-Daymānī,سيدي أحمد بن المختار بن الحميدي الديماني
5817,Aḥmad b. al-Mukhtār b. Muḥummadhun b. Aghlambīt b. Muḥammad ad-Daymānī,أحمد بن المختار بن محمذن بن أغلميت بن محمد الديماني
5818,Ḥāmidun b. Asmahū ad-Daymānī,حامدن بن أسمهُ الديماني
5819,al-Mukhtār ash-Shā`ir b. Muḥammadhun b. Aḥmad Shalla [Shaḷḷa] al-Bumayjī ad-Daymānī,المختار الشاعر بن محمذن بن أحمد شالله البوميجي الديماني
5820,Muḥummadhun b. al-Wālid b. A`dayja b. al-Fāḍil [Ṿāḍil] ad-Daymānī,محمذن بن الوالد بن اعديجه بن الفاضل الديماني
5821,Maylūd b. Aghlanṣar (أغَلَّنْصَرْ) ad-Daymānī,ميلود بن أغَلَّنْصَرْ الديماني
5822,al-Kawrī b. `Abd Allāh b. Sīdna ad-Daymānī,الكوري بن عبد الله بن سيدنا الديماني
5823,Abnu b. al-Muṣṭafā b. Sīdna ad-Daymānī,أبنو بن المصطفى بن سيدنا الديماني
5824,al-Mukhtār b. Muḥammadhun Fāl [Ṿāl] ad-Daymānī,المختار بن محمذن فال الديماني
5825,Muḥanḍ Ashfagha [Atshfagha] b. Aḥmad b. Muḥanḍ Maylūd ad-Daymānī,محنض أشفغ بن أحمد بن محنض ميلود الديماني
5826,Muḥammad b. ash-Shām ad-Daymānī,محمد بن الشام الديماني
5827,Saylūm b. al-Mazrūf [al-Maẓ̌rūv] ad-Daymānī,سيلوم بن المزروف الديماني
5828,`Abd Allāh b. Muḥanḍ Bābah b. A`bayd ad-Daymānī,عبد الله بن محنض بابه بن اعبيد الديماني
5829,Maḥmūdan b. Muḥanḍ Bābah b. A`bayd ad-Daymānī,محمودن بن محنض بابه بن اعبيد الديماني
5830,Muḥammadun b. Ḥāmidun b. Muḥanḍ Bāba b. A`bayd ad-Daymānī,محمدن بن حامدن بن محنض بابه بن اعبيد الديماني
5831,`Abd ar-Raḥman b. Aḥmad b. Muḥanḍ Bāba b. A`bayd ad-Daymānī,عبد الرحمن بن أحمد بن محنض بابه بن اعبيد الديماني
5832,Muḥanḍ b. Bārik Allāh [Bārikaḷḷa] ad-Daymānī,محنض بن بارك الله الديماني
5833,al-Mukhtār b. Muḥammadā ad-Daymānī,المختار بن محمدا الديماني
5834,Aḥmad b. Muḥanḍ Bābah b. A`bayd ad-Daymānī,أحمد بن محنض بابه بن اعبيد الديماني
5835,Aḥmad Sālim b. Bārik Allāh ad-Daymānī,أحمد سالم بن بارك الله الديماني
5836,Muḥammaddin b. Bārik Allāh [Bārikaḷḷa] ad-Daymānī,محمدن بن بارك الله الديماني
5837,Muḥammaddan b. Ḥamidun ad-Daymānī,محمدن بن حامدن الديماني
5838,Mmayn [Ṃṃayn] b. Ḥāmidun ad-Daymānī,امَّيْنْ بن حامدن الديماني
5839,al-Amīn b. Muḥammadhun b. A`bayd al-Ghāllī ad-Daymānī,الأمين بن محمذن بن اعبيد الغالي الديماني
5840,al-Amīn b. al-Māḥi ad-Daymānī,الأمين بن الماحي الديماني
5841,Sīdī Muḥammad b. ash-Shaykh Aḥmad b. al-Fāḍil [Ṿāḍil] al-Abhamī ad-Daymānī,سيدي محمد بن الشيخ أحمد بن الفاضل الأبهمي الديماني
5842,`Abd ar-Razzāq b. Sīdī Muḥammad b. ash-Shaykh Aḥmad ad-Daymānī,عبد الرزاق بن سيدي محمد بن الشيخ أحمد الديماني
5843,Sīdī Muḥammad b. `Abd ar-Razāq ad-Daymānī,سيدي محمد بن عبد الرزاق الديماني
5844,Muḥammaddin b. ash-Shaykh Aḥmad b. al-Fāḍil al-Abhamī ad-Daymānī,محمدن بن الشيخ أحمدْ بن الفاضل الأبهمي الديماني
5845,Ya`qūb b. `Abd al-Laṭīf al-Abhamī ad-Daymānī,يعقوب بن عبد اللطيف الأبهمي الديماني
5846,Muḥummadhun b. Muḥammad b. Aḥmad Sālim ad-Daymānī,محمذن بن محمد بن أحمد سالم الديماني
5847,`Abd as-Salām b. Aḥmad Bāba ad-Daymānī,عبد السلام بن أحمد بابه الديماني
5848,Mḥammad b. Ashfagha [Atshfagha] `Abd Allāh ad-Daymānī,امحمد بن أشفغ عبد الله الديماني
5849,Aḥmad Sālim b. Ashfagha [Atshfagha] `Abd Allāh ad-Daymānī,أحمد سالم بن أشفغ عبد الله الديماني
5850,Muḥammaddan b. Muḥammad Bābah b. Mḥammad b. Aḥmad Yūra ad-Daymānī,مُحَمدّن بن محمد بابه بن امحَمَّد بن أحمَد يورَه الديماني
5851,Muḥummadhun Bāba b. Mḥammad b. Aḥmad Yūra ad-Daymānī,مُحَمَّذِن بابَ بن امحمد بن أحمد يوره الديماني
5852,Ḥāmidun b. Babbahā ad-Daymānī,حامدن بن بَبَّهَا الديماني
5853,Babbahā b. Sīdī b. al-Mukhtār Ummū ad-Daymānī,ببها بن سيدي بن المختار أمُّو الديماني
5854,Ḥbaīyb b. Ḥamdan b. al-Bukhārī ad-Daymānī,احبَيِّبْ بن حَمدن بن البُخاري الديماني
5855,Aḥmaddū  Bambā [Ḅamḅa] b. al-Amīn ad-Daymānī,أحمدو بمبا بن الأمين الديماني
5856,Muḥanḍ b. Slaymān ad-Daymānī,محنض بن اسليمان الديماني
5857,Marīam bint Muḥammad Maḥmūd ad-Daymāniyya,مريم بنت محمد محمود الديمانية
5858,`Alī Zayn al-`Ābidīn ad-Daymānī,علي زين العابدين الديماني
5859,al-Mukhtār b. Sallām ad-Daymānī,المختار بن سلام الديماني
5860,Bawbba [Ḅawḅḅa] b. Sīdī Muḥammad b. al-Ḥabīb ar-Ruqaybī [ar-Rgaybī],بوبه بن سيدي محمد بن الحبيب الرقيبي
5861,Muḥammad Sālim b. al-Ḥabīb ar-Ruqaybī [ar-Rgaybī],محمد سالم بن الحبيب الرقيبي
5862,ash-Shaykh Sīdi Muḥammad b. Mmannī az-Zaynabī,الشيخ سيدي محمد بن امني الزينبي
5863,Muḥammad Amānat Allāh b. Sīdi b. Jār Allāh az-Zaynabī,محمد أمانة الله بن سيدي بن جار الله الزينبي
5864,Muḥammad b. Muḥummadhun b. an-Naḥwī az-Zaynabī (nasaban) al-`Alawī (waṭanan),محمد بن محمذن بن النحوي الزينبي نسبا العلوي توطنا
5865,`Abd Allāh b. `Abd al-Mu`ṭī b. Aḥmad as-Sbā`ī,عبد الله بن عبد المعطي بن أحمد السباعي
5866,Muḥammad b. Ibrāhīm as-Sbā`ī,محمد بن إبراهيم السباعي
5867,Jilālī b. Muḥammad b. Aḥmad b. al-Mukhtār as-Sbā`ī,جلالي بن محمد بن أحمد بن المختار السباعي
5868,Aḥmad Bazayd b. Ibrāhīm al-Khalīl ad-Dmaysī as-Sbā`ī,أحمد بزيد بن إبراهيم الخليل الدميسي السباعي
5869,Mā' al-`Aynayn b. Muḥammad Fāḍil  [Ṿāḍil] b. ash-Shaykh Aḥmad as-Sbā`ī,ماء العينين بن محمد فاضل بن الشيخ أحمد السباعي
5870,Muḥammad b. al-Bukhārī b. `Abd ar-Raḥmān as-Sbā`ī,محمد بن البخاري بن عبد الرحمن السباعي
5871,Sid Ahmad b. Aḥmad Ma`lūm as-Sbā`ī,سيد أحمد بن أحمد معلوم السباعي
5872,Aḥmad b. `Abbās b. Ḥabīb Allāh [Ḥabībaḷḷā] al-Ābbayrī,أحمد بن عباس بن حبيب الله الآبيري
5873,Muḥummadhun b. al-Imām b. Ḥabīb Allāh [Ḥabībaḷḷā] b. aj-Jiyyid al-Ābbayrī,محمذن بن الامام بن حبيب الله بن الجيد الآبّيري
5874,Muḥummadhun b. Maḥmūd al-Ābbayrī,محمذن بن محمود الآبيري
5875,`Abd al-Mālik b. Akhyārhum al-Abyayrī,عبد المالك بن أخيارهم الآبييري
5876,Ajfagha [Atshfagha] al-Amīn b. Aḥmad Zarrūq al-Abyayrī,أتفغ الأمين بن أحمد زورق الأبييري
5877,Aḥmad b. `Abd al-Wadūd al-Abyayrī,أحمد ين عبد الودود الآبييري
5878,Aḥmad b. al-Qāḍī b. Aḥmad b. Ābbawwa al-Abyayrī,احمد بن القاضي بن أحمد بن آبو الآبييري
5879,Billa`mash b. Muḥummadhun b. Mbārik al-Abyayrī,بلعمش بن محمذن بن مبارك الآبييري
5880,Ḥammādi [Ḥaṃṃādī] b. Sīdī Muḥammad an-Nābigha al-Abyayrī,حماد بن سيدي محمد النابغه الآبييري
5881,Muḥammad `Abd Allāh b. al-Mubārak al-Abyayrī,محمد عبد الله بن المبارك الأبييري
5882,Muḥammad al-Hāfiz b. Sīdī Aḥmad b. Maḥḥam b. Khājīl al-Abyayrī,محمد الحافظ بن سيدي أحمد بن محم بن خاجيل الأبييري
5883,al-Mukhtār b. al-Hayba al-Intishā'ī al-Abyayrī,المختار بن الهيبه الإنتِشائي الإبيري
5884,Sīdī Aḥmad b. Maḥḥam b. Khājīl [Khādjīl] al-Abyayrī,سيدي أحمد بن محم بن خاجيل الآبييري
5885,ash-Shaykh b. Aḥmaddu b. Muḥummadhun Maylūd [Ḅḅāh] b. al-Muṣṭafā b. Abalāh al-Abyayrī,الشيخ بن أحمدٌ بن محمذن ميلود (ابٌاه) بن المصطف بن آبلاه الأبييري
5886,Qāḍī Muḥammad b. Muḥummadhun Fāl [Ṿāl] al-Abyayrī,القاضي محمد بن محمذن فال الآبيري
5887,Muḥammad Zayn b. Muḥammmad al-Muṣṭafā [al-Muzḍaf] al-Abyayrī,محمد زين بن محمد المصطفي (امزادف) الأبييري
5888,Muḥammad b. Sīdī b. Muḥammad b. Budda at-Tīshītī,محمد سيد بن محمد بن بد التيشيتي
5889,Muḥammad Sīdī b. Lūda`a al-Abyayrī,محمد سيد بن لودعة الآبيري
5890,Muḥammad Sālim b. Ḥāmidtū [Ḥāmittu] al-Abyayrī,محمد سالم بن حامدتو الآبيري
5891,Muḥammad Maḥmūd b. Aḥmad b. ash-Shaykh Sīdī al-Mukhtār b. Awwāh al-Abyayrī,محمد محمود بن أحمد بن الشيخ سيدي المختار بن اواه الأبييري
5892,Muḥammad Maḥmūd b. Atfagha [Atshfagha] al-Mukhtār al-Abyayrī,محمد محمود بن أتفغ المختار الأبييري
5893,Muḥammad Maḥmūd b. Atfagha [Atshfagha] al-Amīn b. Aḥmad Zarrūq al-Abyayrī,محمد محمود بن أتفغ الأمين بن أحمد زورق الأبييري
5894,Aḥmad b. Muḥammad `Ālī (M`aī) b. Sīdī b. Sā`īd al-Alfagha Ḥayballī,
↵,أحمد بن محمد عالي (معي) بن سيدي بن ساعيد الأَلْفَغَ حيبلي,
5895,Muḥammad `Alī b. `Abd Allāh b. Muḥammad b. Sīdī `Abd Allāh al-Alfagha Ḥayballī (?),محمد علي بن عبد الله ين محمد بن سيدي عبد الله الأَلْفَغَ حيبلي (؟)
5896,Muḥammad Anas b. Muḥammad Maḥfūẓ b. Muḥammad `Abd Allāh b. Muḥummadhun al-Alfagha Ḥayballī,محمد أنس بن محمد محفوظ بن محمد عبد الله بن محمذن الأَلْفَغَ حيبلي
5897,Muḥammad Muftāḥ b. Sīdī Aḥmad b. Muḥammad Sāliḥ al-Alfagha Ḥayballī,محمد مفتاح بن سيدي أحمد بن محمد صالح الألفغ حيبلي
5898,Muḥammad as-Sa`īd b. Muḥammad b. al-Mukhtār [Ḅḅayyāh] al-Alfagha Ḥayballī,محمد السيعد بن محمد بن المختار (ابْياه) الألفغ حيبلي
5899,al-Mukhtār (Ḅḅayyāh) b. Sīdī b. Sa`īd al-Alfagha Ḥayballī,المختار (ابياه) بن سيدي بن محمد سعيد بن المختار الألفغَ حيبلي
5900,Mu'ayyad b. Baybbīna b. Muḥammad b. Ḥabīb Allāh [Ḥabībaḷḷā] b. al-Amīn al-Alfagha Ḥayballī,مؤيد بن بيبين بن محمد بن حبيب الله بن الآمين الأَلْفَغَ حيبلي
5901,ash-Shaykh al-Mukhtār b. Muḥammadhun Bābah b. Atfagha [Atshfagha] Maṣar al-Alfagha Ḥayballī,الشيخ المختار بن محمذن بابه بن أتفغ مصر الأَلْفَغَ حيبلي
5902,Sīdī Aḥmad (al-Nāh) b. Bubakr b. Sa`īd b. al-Mukhtār b. al-Alfagha Ḥayballī,سيدي أحمد (الناه) بن ببكر بن ساعيد بن المختار الأَلْفَغَ حيبلي
5903,Muḥammad al-Mukhtār b. Muḥammad Aḥmad al-Alfaghī [al-Idātfaghī],محمد المختار بن محمد أحمد الألفغي
5904,Aḥmad b. Wālid b. al-Mukhtār b. aṭ-Ṭālib al-Idātfaghī al-Hanḍī,أحمد بن والد بن المختار بن الطالب الأيجاتفاغي الهنضي
5905,Sīdī al-Mukhtār b. Aḥmad b. Wālid b. al-Mukhtār b. aṭ-Ṭālib al-Ijatfaghī [al-Idātfaghī] al-Hanḍī,سيدي المختار بن أحمد بن والد بن المختار بن الطالب لأيجاتفاغي الهنضي
5906,Laḥbīb b. Muḥammad al-Muṣṭafa al-Intābī,لحبيب بن محمد المصطفي الإنتابي
5907,Muḥammad al-Amīn b. Muḥummadhun b. Bābanā al-Intābī [or al-Ikumlaylī?],محمد الآمين بن محمذن بن بابنا الإنتابي (او الإيكمليلي)
5908,Aḥmad al-Ḥabīb b. al-Mukhtār b. Atfagha [Atshfagha] `Ubayd b. `Abd Allāh (al-Qāḍī) al-Idaw`Alī,أحمد حبيب بن المختار بن أتفغ عبيد بن عبد الله (القاضي) الإيدوعلي
5909,Aḥmad b. ash-Shaykh `Abdī b. al-Manjī (sic) b. Aḥmad Maylūd al-Idyaydbī,أحمد بن الشيخ عبدي بن المجي (كذا) بن أحمد ميلود الإديجبي
5910,Aḥmad b. Muḥammad b. `Abd al-Jalil al-Idyaydbī,أحمد بن محمد بن عبد الجليل الإديجبي
5911,Aḥmad b. Muḥammad b. ash-Shaykh al-Qāḍī al-Idyaydbī,أحمد بن محمد بن الشيخ القاضي الإديجبي
5912,Aḥmad Maḥmūd b. Muḥammad b. Muḥammadā al-Idyaydbī,أحمد محمود بن محمد بن محمدا الإيديجبي
5913,Muḥammad `Abd al-Jalīl b. al-Muṣṭafa b. al-Qāḍī al-Idyaydḅī,محمد عبد الجليل بن المصطفي القاضي الإديجبي
5914,Muḥammad `Abd Allāh b. ash-Shaykh Muḥammmad (b.?) al-Qāḍī al-Idyaydbī,محمد عبد الله بن الشيخ محمد (بن ؟) القاضي الإديجبي
5915,Muḥammad Aḥmad b. Ḥabīb Allāh [Ḥabībaḷḷā] b. al-Qāḍī al-Idyaydbī,محمد أحمد بن حبيب الله بن القاضي الإديجبي
5916,al-Muṣṭafā b. ash-Shaykh al-Qāḍī al-Idyaydbī,المصطفى بن الشيخ القاضي الإديجبي
5917,Sīdī b. Muḥammad aṭ-Ṭfayl al-Idyaydbī,سيدي بن محمد الطفيل الإديجبي
5918,Fāḍil [Ṿāḍil] b. Aḥmad Shaynān b. Muḥanḍ b. al-Māḥī al-Idawdanyuqbī,فاضل بن أحمد شينان بن محنض بن الماحي الإدودنيعقبي
5919,Abbātna b. Ḥāmmad b. aṣ-Ṣāliḥ al-Idayllbī,أبٌاتنَ بن حمًاد بن الصالح الإديلبي
5920,Muḥammad al-Bashīr b. al-Ḥāj al-Hādī al-Idayllbī,محمد البشير بن الحاج الهادي الإديلبي
5921,Sīdī Muḥammad b. Muḥammad Sālim b. al-`Āqil al-Idayllkī,سيدي محمد بن محمد سالم بن العاقل إيديلكي
5922,`Abd Allāh b. al-Amīn b. al-Mukhtār b. Atfagha [Atshfagha] Mūsa al-Ya`qūbī,عبد الله بن الأمين بن المختلر بن أتفغ موسي اليعقوبي
5923,`Abd Allāh b. Muḥammad b. Sīdī `Abd Allāh b. al-Fāẓil al-Bārikī,عبد الله بن محمد بن سيدي عبد الله لين الفاظل الباركي
5924,Aḥmad Bāba b. Aḥmad Miska al-Bārikī,أحمد بابه بن أحمد مسك الباركي
5925,Bābā b. `Abd ar-Rahmān al-Bārikī,بابا بن عبد الرحمن الباركي
5926,al-Maḥbūb b. Isḥāq b. al-Fāḍil [Ṿāḍil] al-Bārikī,المحبوب بن إسحاق بن الفاضل الباركي
5927,Muḥammad b. Muḥammad b. Sīdī `Abd Allāh al-Bārikī,محمد بن محمد بن سيدي عبد الله الباركي
5928,Muḥammad b. `Abdī al-Bārtaylī [al-Ḅārittaylī],محمد بن عبدي البارتيلي
5929,Muḥammad b. `Abdalla b. Aḥmad b. Būfkān al-Bārtaylī [al-Ḅārittaylī],محمد بن غبدل بن أحمد بن بوفكان البارتلي
5930,Muḥammad b. al-Muṣṭafa b. Muḥammad Sīdīnā al-Bārtaylī [al-Ḅārittaylī],محمد بن المصطفي بن محمد سيدينا البارتلي
5931,Muḥammad Mawlūd b. Aḥmaddu b. `Abd Allāh al-Ḥāj al-Bārtaylī [al-Ḅārittaylī],محمد مولود بن أحمد بن عبد اله الحاج البارتلي
5932,Muḥammad al-Fāḍil [Ṿāḍil] b. Sīdī b. Bāhīm al-Busātī,محمد الفاضل بن سيدي بن باهيم البساتي
5933,Muḥammad b. `Alī b. al-Mukhtār b. Maḥmūd al-Busātī,محمد بن علي بن المختار بن محمود البساتي
5934,Muḥammad b. Muḥammad al-Ḥasan b. A`mar Bayya an-Nāṣirī,محمد بن محمد الحس بن اعمر بي الناصري
5935,Muḥammad Maḥmūd b. ash-Shaykh b. Zaydān b. Ghāllī b. al-Mukhtār Fāl [Ṿāl] al-Busātī,محمد محمود بن الشيخ بن زيدان بن غالي بن المختار فال البساتي
5936,Muḥammad Maḥmūd b. Jiddān (Jiddummu) al-Busātī,محمد محمود بن جدان (جدّمُ) البساتي
5937,al-Mukhtār Fāl [Ṿāl] b. Sīd Aḥmad b. Sīdī Ḥabīb al-Busātī,المختار فال بن سيدي أحمد بن سيدي حبيب البساتي
5938,aṭ-Ṭālib `Umār b. an-Nāh b. `Alī al-Kabīr b. Buyaḥḥam al-Busātī,االطالب عمار بن الناه بن علي الكبير بن بويحم البساتي
5939,Muḥammad b. Sīdiyya b. al-Mukhtār b. Maḥḥam al-Ghallāwī at-Tāshidbītī,محمد سيدي بن المختار بن محم الغلاوي التاشدبيتي
5940,Aḥmad Ghillu b. A`mar b. Aḥmad at-Tāggāṭī,أحمد غلٌ بن أعمر بن أحمد التاگاطي
5941,Aḥmad Jiddu b. al-Qāẓī at-Tāggāṭī,أحمد جدٌ بن القاظي التاگاطي
5942,Aḥmaddu b. Muḥammad b. `Abd al-Dāyim at-Tāggāṭī,أحمدٌ بن محمد بن عبد الدايم التاگاطي
5943,Awwāh b. Abāta b. `Abd ad-Dāyim b. aṭ-Ṭālib Ibrāhīm at-Tāggāṭī,أوٌاهُ بن أباتَ بن عبد الدايم  بن الطالب إبراهيم  التاگاطي
5944,Muḥammad Fāl [Ṿāl] b. `Abd Allāh b. aṭ-Tālib A`mar at-Tāggāṭī,محمد فال بن عبد الله بن الطالب أعمر التاگاطي
5945,Muḥammad (Shayn) b. Sulaymān b. al-Gayri` at-Turkuzī,محمد بن سُليمان بن الكَيْرعْ التركزي
5946,`Abd as-Salām b. Ṣullāḥī b. Muḥummadhun b. Abbannī at-Tāmglāwī,عبد السلام بن صلاحي بن محمذن بن آبني التامگلاوي
5947,`Abd ar-Raḥmān b. Muḥammad b. Ahmad b. al-Māzarī at-Tandaghī,عبد الرحمن بن محمد بن أحمد بن المازري التندغي
5948,Aḥmad b. al-Ḥasan b. Mādi at-Tandaghī,أحمد بن الحسن بن ماد التَّنْدَغِي
5949,Kābir b. Muḥammad Sālim b. al-Fā'iq at-Tandaghī,كابر بن محمد السالم بن الفائق التَّنْدَغِي
5950,aṭ-Ṭālib Muṣṭaf b. Ahmadhan Abūbak b. Yaja b. Fūdya at-Tandaghī,الطالب مصطف بن أحمذن أبوبك بن ييجه بن فوديه التَّنْدَغِي
5951,Sīdī b. Muḥummadhun b. Bāllīl b. Sā`īd b. Ashfagha [Atshfagha] Awbak b. al-Mukhtār at-Tāshidbītī,سيدي بن محمذن بن باليل بن ساعيد بن أشفغ أوبك بن المختار التاشدبيتي
5952,`Abd al-Azīz b. Bbūh b. Aḥmad Mūjj b. Bābbīyya b. Māyimtass at-Tinwājīwī,عبد العزيز بن ابٌوه بن أحمد بن موجٌ بن بابيٌ بن مايَمتٌس التنواجيوي
5953,Muḥammad `Abd Allāh b. ad-Dīn at-Tinwājīwī,محمد عبد الله بن الدٌين التنواجيوي
5954,Muḥammad Maḥfūẓ b. ash-Shaykh `Abd al-Azīz b. Muḥammad at-Tinwājīwī,محمد محفوظ بن الشيخ بن عبد العزيز بن محمد التنواجيوي
5955,Muḥammad Mukhtar b. `Abd ar-Rahmān (`Abdū) b. Muḥammad Ḥabīb Allāh [Ḥabībaḷḷā] b. ash-Shaykh `Abd ar-Rahmān at-Tinwājīwī,محمد مختار بن عبد الرحمن (عبدو) بن محمد حبيب الله بن الشيخ عبد الرحمن التنواجيوي
5956,Muḥammad b. Baḥḥān Muhammad at-Tinwājīwī,محمد بن بحان محمد التنواجيوي
5957,Muḥammad b. Muhammad al-Ḥabīb at-Tinwājīwī,محمد بن محمد الحبيب التنواجيوي
5958,ash-Shaykh Buttār b. ash-Shaykh an-Nāffa` at-Tinwājīwī,الشيخ بُتار بن الشيخ النافع التنواجيوي
5959,aṭ-Ṭālib Muḥammad b. Muḥammad Rārah at-Tinwājīwī,الطالب محمد بن محمد راره التنواجيوي
5960,Ḥima Allāh [Ḥmāhaḷḷa] b. Būya Aḥmad b. Bū`asrīya at-Tishītī,حمى الله بن بوي أحمد بن بوعسري التيشيتي
5961,Muḥammad b. Fāḍīl [Ṿāḍil] b. Muḥammad b. Fāḍīl [Ṿāḍil] b. ash-Shaykh b. al-Imām Muḥammad at-Tishītī (aṣlan),محمد بن فاضل بن محمد بن فاضل بن الشغ الإمام محمد التشيتي
5962,Imām Mālik b. Aḥmad al-Afram aj-Jakanī,إمام مالك بن أحمد الافرم الجكني
5963,Muḥammad `Abd Allāh b. A`waynāt aj-Jakanī,محمد عبد الله بن اعوينات الجكني
5964,Muhammad al-`Aqib b. Bayyah aj-Jakanī,محمد العاقب بن بيه الجكني
5965,Muḥammad al-Amīn b. Ḥawi aj-Jakanī,محمد الأمين بن حوي الجكني
5966,Muḥammad al-Amīn b. Khaynna aj-Jakanī,محمد الأمين بن خين الجكني
5967,Muḥammad b. Kiddāh al-Kumlaylī aj-Jakanī,محمد بن كدٌاه الكمليلي الجكني
5968,Muḥummadhun b. Muḥammad al-Amīn b. Aḥmad b. Bayyah aj-Jakanī,محمذ بن محمد الآمين بن أحمد بن بيه الجكني
5969,Sīd al-Amīn b. Ayd al-Amīn aj-Jakanī,سيدي الأمين بن أيدَّه الأمين الجكني
5970,Sīdī Muḥammad b. Ḥabīb Allah ar-Ramẓānī aj-Jakanī,سيدي محمد بن حبيب الله الرمظاني الجكني
5971,Aḥmaddu b. al-Bashīr b. Sīdī Aḥmad b. Alamīn b. Aḥmad b. Maḥḥam al-Ajmallī,أحمدٌ بن البشير بن سيدي أحمد بن ألمين أحمد بن محم الأجملي
5972,Aḥmaddu al-Wāthiq b. Muḥammaddu b. Jiddu al-Ajmallī,أحمدٌ بن الواثق بن محمدٌ بن جدٌ الأجملي
5973,Ibrāhīm b. Buddāh al-Ajmallī,إبراهيم بن بداه الأجملي
5974,Muḥammad Ballāl (al-Ḥāfiẓ) b. `Abd Allāh b. Ḥāmidu al-Ajmallī,محمد بَلٌال (الحافظ) بن عبد الله بن حامدُ بن الأجملي
5975,Muḥammad Maḥfūẓ b. ash-Shaykh Aḥmad Tāj al-`Ārifīn al-Ajmallī,محمد محفوظ بن الشيخ أحمد تاج العارفين الأجملي
5976,Sīdī al-Amīn Anbā (sic)`Umar Idawbjī al-Ḥājī,سيدي الأمن انبا (كذا) (ابن؟) عمر الإدوبجي الحاجي
5977,Muḥummadhun b. al-Mukhtār b. al-Muṣṭafā al-Ḥājī,محمذن بن المختار بن المصطفي الحاجي
5978,Muḥammad b. Muḥammad al-Mukhtār al-Ḥājī,محمد بن محمد المختار (حَمٌ ختار) الحاجي
5979,Muḥammad b. al-Ḥāj b. `Abd ar-Ra'ūf b. Muḥammad b. al-Ḥāj Aḥmad al-Ḥājī,محمد الحاج بن عبد الرؤوف بن محمد بن الحلج أحمد الحاجي
5980,Muḥammad al-Amīn (Ḥamma) b. Ṭwayr aj-Janna al-Ḥājī,محمد الامين (حم) بن طوير الجنة الحاجي
5982,Aḥmad b. `Abd Allāh b. Sīdī Aḥmad Ayd al-Qāsim al-Ḥājī,أحمد بن عبد الله بن سيدي أحمد أيدٌ القاسم الحاجي
5983,`Umar b. Maḥmūd b. `Umar b. Muḥammad Ā`qit al-Ḥājī,غمر بن محمود بن غمر بن محمد أعقت الحاجي
5984,`Ā'isha [‘Aysha] bint Aḥmad Maylūd al-Ḥājiyya,عائشة بنت أحمد ميلود الحاجية
5985,Muḥammad b. ash-Shaykh Sīdiyya al-Ḥijjājī,محمد بن الشيخ سيدي الحجاجي
5986,ash-Shaykh b. Sīdī Muḥammad al-Ḥijjājī,الشيخ بن سيدي محمد الحجاجي
5987,Mūlāy Ibrāhīm ash-Sharīf al-Ḥasanī,مولاي إبراهيم الشريف الحسني
5988,al-Mukhtār b. Aḥmad b. al-Ḥusayn ash-Sharīf,المختار بن أحمد بن الحسين الشريف
5989,Aḥmad Ḥabīb Allāh [Ḥabībaḷḷā] b. Muḥammad al-Muṣṭafa al-Ḥasanī,أحمد حبيب الله بن محمد المصطفي الحسني
5990,Amīnu b. al-Ghazalī al-Ḥasanī,أمين بن الغزالي الحسني
5991,Ibrāhīm b. Sīdī b. Aghrabaṭ al-Idyaydbī (or Ḥasanī),إبراهيم بن سيدي بن أغربط الإديجبي (او الحسني)
5992,Muḥammad al-Amīn b. Aḥmad Bāba b. Abī al-‘Abbās b. A`mar b. Zayyān al-Ḥasanī,محمد الأمين بن أحمد بابه بن أبي العباس بن عمر بن زيان الحسني
5993,Muḥammad Sālim b. Yā Muḥammadhu al-Ḥasanī,محمد سالم بن يا محمذ الحسني
5994,Muḥammaddu b. Aḥmaddu b. al-Azharī b. al-Ghazālī b. al-Ḥāj ash-Shuqrawī al-Ḥasanī,محمدُّ بن أحمدُ بن الأزهري بن الغزالي بن الحاج الشقروي الحسني
5995,Sīdī Aḥmad b. Aḥmad b. Aḥmad Ma`lūm al-Sbā`ī,سيد أحمد بن أحمد بن أحمد معلوم السباعي
5996,Ziyyād b. Ashfagha Bābbīh al-Idakūjī [al-Idyakkūdyī] ad-Daymānī,زياد بن أشفغ بابيه الإدكوجي الديماني
5997,al-Amīn b. Sīdī al-Fāḍil [Ṿāḍil/al-Ṿāḷḷī] ad-Daymānī,الأمين بن سيدي الفاضل الديماني
5998,Amīnu b. al-Mukhtār b. Aḥmad ad-Daymānī,أمين بن المختار بن أحمد الديماني
5999,Ahmad b. Aḥmad Yūra al-Abhamī ad-Daymānī,أحمد بن أحمد يوره الأبهمي الدَّيْماني
6000,Muḥammad b. `Abd ar-Raḥmān (Atshfagha ‘Ubayd) b. `Abd Allāh Muḥammad b. Ḥabīb al-`Alawī,محمد  بن عبد الرحمن (اتفغ عبيد) بن عبد الله بن محمد بن حبيب العلوي
6001,Muḥammad al-Ḥasan b. Bāba b. Jiddu b. Aḥmad al-`Alawī,محمد الحسن بن بابه بن جد بن أحمد العلوي
6002,Muḥammad b. Aḥmad b. Muḥammad b. Ḥabīb al-`Alawī,محمد بن أحمد بن محمد بن حبيب العلوي
6003,Muḥammad b. Aḥmad b. Muḥammad b. Muḥammad b. Dukhnān al-`Alawī,محمد بن أحمد بن محمد بن محمد بن دخنان العلوي
6004,Muḥammad al-Amīn al-`Alawī,محمد بن الأمين العلوي
6005,Muḥammad b. Muḥammad Fāl [Ṿāl] b. al-Khalīfa al-`Alawī,محمد بن محمد فال بن الخليفة العلوي
6006,Muḥammad al-Ḥāfiẓ b. Fatan al-Ḥāj al-`Alawī,محمد الحافظ بن فتن الحاج العلوي
6007,Muḥammad Sa`īd b. Muḥamdī b. Muḥammad al-Amīn (Ḥimmaynna) b. Aḥmad b. Baddī al-`Alawī,محمد سعيد بن محمدي بن محمد الأمين (حميّن) بن أحمد بن بَدي العلوي
6008,al-Mukhtār (ash-Shaykh) b. Aḥmad al-Mukhtār b. Muḥammad al-Mukhtār b. al-A`mash al-`Alawī,المختار (الشيخ) بن أحمد المختار بن محمد المختار بن الأعمش العلوي
6009,as-Sālik b. al-Bashīr b. `Ammār al-`Alawī,السالك بن البشير بن عمار العلوي
6010,as-Sālik b. `Abd al-Raḥmān b. aṭ-Ṭālib Khayrī al-`Alawī (waṭanan),السالك بن عبد الرحمن  بن الطالب خيري العلوي (وطنا)
6011,Sīdī `Abd Allāh b. Sīdī Muḥammad b. Sīdī `Abd Allāh b. al-Ḥāj Ibrāhīm al-`Alawī,سيد عبد الله بن سيد محمد بن سيد عبد الله بن الحاج ابراهيم العلوي
6012,Sīdī `Abd Allāh b. `Abd ar-Raḥmān b. aṭ-Ṭwaylib b. al-Ḥāj Muḥammad al-`Alawī,سيدي عبد الله بن عبد الرحمن بن ااطويلب بن الحاج محمد العلوي
6013,Sīdī `Abdalla b. Aḥmad b. az-Zayn al-`Alawī,سيدي عبدلّ بن أحمد بن الزين العلوي
6014,aṭ-Ṭālib Muḥammad b. al-Amīn (Ḥankūsh) al-`Alawī,الطالب محمد بن الأمين (حنكوش) العلوي
6015,Sīdī Muḥammad b. al-Ḥasan al-Bannanī al-`Alawī,سيدي محمد بن الحسن البناني العلوي
6016,Sīdī Aḥmad b. Muḥammad aṣ-Ṣaghīr b. Anbūja al-`Alawī at-Tīshītī,سيدي احمد بن محمد الصغير بن انبوجه العلوي التيشيتي
6017,Aḥmad b. `Abd ar-Raḥman b. Khaṭrī (Ḥakkī) al-Ghallāwī,أحمد بن عبد الرحمن بن خطري (حكي) الغلاّوي
6018,Aḥmad b. Muḥammaddu (al-Kabīr) b. al-Mukhtār b. Ḥaymmad al-Ghallāwī,أحمد بن محمدو (الكبير) بن المختار بن حيمدّ الغلاّوي
6019,Aḥmad Shanbak b. Sīdī b. Bāba al-Ghallāwī,أحمد شنبك بن سيدي بن باب الغلاّوي
6020,Muḥammad Yaḥya b. Muḥammad al-Mukhtār b. Mmay al-`Alawī,محمد يحيي بن محمد المختار بن امُي العلوي
6021,Muḥammad b. Aḥmad b. Muḥammaddu b. `Abd al-Qādir al-Ghallāwī,محمد بن أحمد بن محمدّ بن عبد القادر بن عبدي الغلاّوي
6022,Sīdī Aḥmad b. Ibrāhīm b. Sīdī Aḥmad Hāmmannī al-Ghallāwī,سيدي أحمد بن إبراهيم بن سيدي أحمد حامّني الغلاّوي
6023,Sīdī Muḥammad b. `Abd al-`Azīz b. Ḥāmmanī [Ḥāṃṃannī] al-Ghallāwī,سيد محمد بن عبد العزيز بن حامني الغلاّوي
6024,Sīdi Muḥammad b. Aḥmad b. Sīdi Muḥammad b. Sīd Aḥmad b. Maḥḥam b. Aḥmad (Ḥabat) al-Ghallāwī,سيدي محمد بن ‬أحمد بن سيدي محمد بن سيدي أحمد بن محم بن أحمد (حبت) الغلاوي&rlm;
6025,al-Walī b. ash-Shaykh Sa`d Būh b. ash-Shaykh Muḥammad Fāḍil [Ṿāḍil] b. Māmīn al-Qalqamī,الولي بن الشيخ سعد بوه بن الشيخ ممد فاضل بن مامين الكلكمي
6026,al-`Amm b. Aḥmaddu Fāl [Ṿāl] b. Aḥmad b. `Amm al-`Alawī,العمً بن أحمد فال بن أحمد بن عمً العلوي
6027,Ḥurma b. `Abd Allāh b. `Uthmān al-Kanīz al-`Alawī,حرمه بن عبد الله بن عثمان الكنيز العلوي
6028,Muḥammad al-Amīn b. Aḥmaddū b. al-Amīn b. Ḥurma b. `Abd al-Jalīl al-`Alawī,محمد الأمين بن أحمدو بن الأمين بن حرمه بن عبد الجليل العلوي
6029,Muḥammad `Abd ar-Raḥmān b. `Abd Allāh b. al-Ḥāj al-`Alawī,محمد عبد الرحمن بن عبد الله بن الحاج العلوي
6030,Hībat Allāh b. `Alī b. Ḥamza al-`Alawī,هيبة الله بن علي بن حمزة العلوي
6031,al-Bannāni b. Aḥmad b. Muḥammad al-`Alawī,البنان بن أحمد بن محمد العلوي
6032,`Abd Allāh b. Sīdī Muḥammad b. Abī Bakr b. al-Hāshim al-Ghallāwī,عبد الله بن سيدي محمد بن سيدي أبي بكر بن الهاشم الغلاوي
6033,`Abd ar-Raḥmān b. Sīd Muḥammad b. Sīd Aḥmad b. Ḥabat al-Ghallāwī,عبد الرحمان بن سيد محمد بن سيد أحمد بن حبت الغلاوي
6034,Albu b. `Abdī b. aj-Jyyid al-Ghallāwī,الب بن عبدي بن الجيد الغلاوي
6035,Aḥmad b. al-Bashīr b. Aḥmad Maḥmūd al-Ghallāwī,أحمد بن البشير بن أحمد محمود الغلاوي
6036,Aḥmad b. Ḥabat al-Ghallāwī,أحمد بن حبت الغلاي
6037,Aḥmad b. Muḥammad Maḥmūd al-Ghallāwī,أحمد بن محمد محمود الغلاوي
6038,Aḥmad aṭ-Ṭālib b. `Abd ar-Raḥmān al-Khalīfa b. Aḥmad aṭ-Ṭālib b. Jiddu al-Ghallāwī,أحمد الطالب بن عبد الرحمان الخليفة بن أحمد الطالب بن جدٌ الغلاوي
6039,Muḥammad b. al-Bashīr b. al-Bukhārī b. Aḥmad Maḥmūd al-Ghallāwī,محمد بن البشير بن البخاري بن أحمد محمود الغلاوي
6040,al-Bannānī b. A`lī b. al-Muṣṭaf al-Ghallāwī,البنٌاني بن اعلي بن المصطف الغلاوي
6041,al-Bannānī b. Aḥmad Maḥmūd al-Ghallāwī,البنٌاني بن أحمد محمود الغلاوي
6042,Ghulām b. Ḥabat al-Ghallāwī,غلام بن حبت الغلاوي
6043,al-Ḥāj al-Amīn b. al-Mukhtār al-Ghallāwī,الحاج الأمين بن المختار الغلاوي
6044,Manna b. ash-Shaykh b. Ḥammannī [Ḥāṃṃannī] al-Ghallāwī,منه بن الشيخ بن حامٌنٌي الغلاوي
6045,Muḥammad `Abd ar-Raḥmān b. ash-Shaykh b. Ḥāmmannī[Ḥāṃṃannī] al-Ghallāwī,محمد عبد الرحمان بن الشيخ بن حامٌنٌني الغلاوي
6047,Muḥammad al-Amīn b. Muḥammad `Abd Allāh b. al-Ghulām al-Ghallāwī,محمد الأمين بن محمد عبد الله بن الغلام الغلاوي
6048,Muḥammad al-Amīn b. Sa`īd al-Ghallāwī,محمد الأمين بن سعيد االغلاوي
6049,Muḥammad al-Amīn b. Aḥmad b. al-Bashīr al-Ghallāwī,محمد الأمين بن أحمد بن البشير الغلاوي
6050,Muḥammad al-Mukhtār b. Aḥmad b. Abdī al-Ghallāwī,محمد المختار بن أحمد بن عبدي الغلاوي
6051,Muḥammad b. Muḥammad al-Bashīr al-Ghallāwī,محمد بن محمد البشير الغلاوي
6052,al-Mukhtār b. Aḥmad al-Mālikī al-Ghallāwī,المختار بن أحمد المالكي الغلاوي
6053,Muḥammad b. `Abd Allāh b. Aḥmad Maḥmūd b. Fāl [Ṿāl] al-Ghallāwī,محمد بن عبد الله بن أحمد محمود بن فال الغلاوي
6054,Shaykhunā b. `Abd Allāh b. Babakar b. al-Bashīr al-Ghallāwī,شيخنا بن عبد الله بن ببكر بن البشير الغلاوي&nbsp;
6055,Sīdī Aḥmad b. `Alī b. aṭ-Ṭālib al-Wāfi al-Ghallāwī,سيدي أحمد بن علي بن البطالب الوافي الغلاوي
6056,Sīdī b. ash-Shaykh b. Ḥabat al-Ghallāwī,سيدي بن الشيخ بن حبت الغلاوي
6057,Muḥammad b. al-Muṣṭafā b. Ājjah al-Ghallāwī at-Tāshidbītī,محمد بن المصطفى بن آجه الغلاوي التاشدبيتي
6058,Muḥammad b. Maḥḥam al-Ghallāwī at-Tāshidbītī,محمد بن محم الغلاوي التاشدبيتي
6059,Amīnu b. `Abd ar-Raḥmān b. al-Mukhtār b. Aḥmad b. Abīja al-`Alawī,أمين بن عبد الرحمن بن المختار بن أحمد بن ابج العلوي
6060,`Abd ar-Raḥmān b. Mubārak al-Gunānī,عبد الرحمان بن امبرك الگناني
6061,Aḥmad b. `Abd al-Ḥaqq b. Muḥammad as-Sunbāṭī al-Qalqamī,أحمد بن عبد الحق بن محمد السنباطي القلقمي
6062,Dabba b. Bābbāh al-Gunānī,دب بن باباه الگناني
6063,al-Ḥāj b. al-Kattāb b. Maḥḥam b. aṭ-Ṭālib al-Amīn at-Tāgnītī,الحاج بن الكتاب بن محم بن الطالب الأمين التاگنيتي
6064,Muḥammad Āskar b. Ḥaymmad b. `Abd  Allāh  b. Ḥmiddān al-Ghallāwī,محمد آسكر بن حيمدّ بن عبد الله بن حمدان الغلاّوي
6065,Muḥammad Āskar b. Sīdiyya b. Maḥḥam al-Ghallāwī,محمد آسكر بن سيديا بن محم الغلاّوي
6066,Muḥammaddu b. Bābbāh al-Gunānī,محمدُ بن باباه الگناني
6067,al-Mukhtār b. `Ubayd al-Gunānī,المختار بن عبيد الگناني
6068,ash-Shaykh Muḥammad `Abd ar-Raḥmān b. Yaḥẓīh al-Gunānī,الشيخ محمد عبد الرحمان بن يحظيه الگناني
6069,Muḥammad (Sīdī b. Bāba) b. Sīd Aḥmad b. aṭ-Ṭālib Muḥammad Aḥmad al-Ghallāwī,محمد (سيدي بن باب) بن سيد أحمد بن الطالب محمد أحمد الغلاّوي
6070,Akhyār b. ash-Shaykh Būnanna al-Qalqamī,اخار بن الشيخ بوننا القلقمي
6071,Muḥammad al-Hayba b. ash-Shaykh Sīd al-Khayr al-Qalqamī,محمد الهيبة بن الشيخ سيد الخير القلقمي
6072,aṭ-Ṭālib Aḥmad b. `Abd al-Wahhāb al-Ghallāwī,الطالب أحمد بن عبد الوهاب الغلاّوي
6073,Zayn b. Muḥammad al-Mukhtār b. ash-Shaykh b. Muḥammad al-Amīn b. al-Imām al-Ghallāwī,زين بن محمد المختار بن الشيخ بن محمد الأمين بن الإمام الغلاّوي
6074,ash-Shaykh Sīdāti b. Mā' al-`Aynayn al-Qalqamī,الشيخ سيدات بن ماء العينين القلقمي
6075,ash-Shaykh Sīdī Muḥammad al-Māmūn b. Muḥmmad Fāḍil [Ṿāḍil]al-`Ubaydī al-Qalqamī,الشيخ سيدي محمد المامون بن محمد فاضل بن عبيدي القلقمي
6076,Muḥammad `Abd Allāh b. Sidī Zayn al-Gunānī,محمد عبد الله بن سيدي بن زين الگناني
6077,Mrabbīh Rabbu b. ash-Shaykh Mā' al-`Aynayn al-Qalqamī,امربيه ربه بن الشيخ ماء العينين القلقمي
6078,Muḥammad `Abd al-Wahhāb b. Muḥammad b. Muḥammad `Abd al-Wahhāb b. Sīdīnā al-Qalqamī,محمد غبد الوهاب بن محمد بن محمد عبد الوهاب بن سيدينا القلقمي
6079,Muḥammad b. Ajja b. Ḥabaddī al-Qalqamī,محمد بن أجّ بن حبديّ القلقمي
6080,Ḍiyā' ad-Dīn aj-Jakanī (nasaban) al-Kumlaylī (waṭanan),ضياء الدين الجكني (نسبا) الكمليلي (وطنا)
6081,`Abd al-Qādir b. Muḥammad b. `Abd al-Qādir b. Maḥlāsah b. Sīdī al-Muṣṭafā b. al-Mukhtār al-Kumlaylī,عبد القادر بن محمد بن عبد القادر بن محلاسه بن سيدي المصطف بن المختار الكمليلي
6082,`Abd Allāh b. `Umar b. Bādī b. al-Mukhtār al-Kuntī,عبد الله بن عمر بن بادي بن المختار الكنتي
6083,Aḥmad Sālim b. as-Sālik b. Muḥammad b. al-Mukhtār al-Kuntī,أحمد سالم بن السالك بن محمد بن المختار الكنتي
6084,ash-Shaykh Aḥmad b. Ādubba al-Kuntī,الشيخ أحمد بن آدب الكنتي
6085,ash-Shaykh `Ammār al-Kuntī,الشيخ عمار الكنتي
6086,Shaykhunā [Shaykhna] b. at-Tār al-Kuntī,شيخنا بن التار الكنتي
6088,`Abd Allāh b. Aḥmad b. Muḥammad `Aynaynā b. Aḥmad b. al-Hādī al-Lamtūnī,عبد الله بن احمد بن محمد عينين بن احمد بن الهادي اللمتوني
6089,Muḥammad al-Hādī b. Aḥmad al-Hādī al-Lamtūnī,محمد الهادي بن أحمد الهادي  اللمتوني
6090,Muḥammad al-Mukhtār b. ash-Shaykh Aḥmad b. A`lī b. Ibrāhīm al-Lamtūnī,محمد المختار بن الشيخ أحمد بن اعلي بن ابراهيم  اللمتوني
6091,Muḥammad `Abd Allāh b. Aḥmad al-Hādī al-Lamtūnī,محمد عبد الله بن أحمد للهادي اللمتوني
6092,Muḥammad Sālim b. al-Imām b. Makkī b. aṭ-Ṭālib A`mar al-Lamtūnī,محمد سالم بن الإمام بن مكي بن الطالب أعمر اللمتوني
6093,`Umar b. Wādān b. al-Maḥmūd b. Muḥanḍ b. A`mar b. Ājamm [Ajaṃṃ] al-Kumlaylī,عمر بن وادان بن المحمود بن محنض بن أعمر بن آجم الكمليلي
6094,Aḥmad b. Muḥammad `Abd Allāh b. Sīdī al-Amīn al-Kuntī,أحمد بن محمد عبد الله بن سيد الأمين الكنتي&nbsp;
6095,Muḥammad ash-Shaykh b. Mḥammad Sa`dī al-Kuntī,محمد الشيخ بن امحمّد سعدي الكنتي
6096,Maḥmūd b. Ābba b. aṭ-Ṭālib Muḥammad Sūd al-Ghallāwī al-Musāwī at-Tishītī,محمود بن اابَّاهْ الطالب  محمد سود الغلاوي الموساوي التشيتي
6097,Sīdī Muḥammad b. Sīdī A`mar b. ash-Shaykh Sīdī Muḥammad al-Khalīfa b. ash-Shaykh Sīdī al-Mukhtār al-Kuntī,سيد محمد بن سيد اعمر بن الشيخ سيدي محمد الخليفة بن الشيخ سيدي المختار الكنتي
6098,Sīdī Muḥammad b. Sīdī Mḥammad b. Sīdī Muḥammad b. Zayn al-`Abidīn al-Kuntī,سيدي محمد بن سيدي امحمد بن سيدي محمد بن زين العابدين الكنتي
6099,Muḥammad Aḥmad b. `Abd al-Qādir b. `Abdī al-Ghallāwī,محمد أحمد بن عبد القادر بن عبدي الغلاوي
6100,Muḥammad Fāḍil [Ṿāḍil] b. Muḥammad b. Muḥammad b. `Abd ar-Raḥmān (A`baydī) al-Qalqamī,محمد فضل بن محمد بن محمد بن عبد الرحمن (اعبيدي) بن السد بن الفظل بن أجيه المختلر القلقمي
6101,Muḥammad b. Sīdī b. Muḥammad al-Amīn at-Tāgnītī,محمد بن سيدي بن محمد الأمين التاگنيتي
6102,al-Mukhtār b. Muḥammad Mūsā b. Muḥummadhun al-Ya`qūbī,المختار بن محمد موسي بن محمذن اليعقوبي
6103,Muḥammad Mukhtār b. Muḥammad al-Amjad b. Muḥammad al-Amīn b. Abī al-Mu`āllī al-Ya`qūbī,محمد مختار بن محمد الأمجد بن محمد الأمين بن أبي المعالي اليعقوبي
6104,Muḥammad Mawlūd b. Bittīsh al-Ya`qūbī,محمد مولود بن بتيش اليعقوبي
6105,Muḥammad Mas`ūd b. Muḥummadhun b. Takrūr al-Ya`qūbī,محمد مسعود بن محمذن بن تكرور اليقوبي
6106,Muḥammad Fāḍil [Ṿāḍil] b. al-Ḥabīb [Liḥbīb] b. `Ammū ad-Dāy al-Ya`qūbī,محمد فاضل بن لحبيب بن عمٌ بن الدٌاي اليعقوبي
6107,Muḥammad al-Muṣṭafā b. Ddī b. Aḥmad b. aṭ-Ṭālib Mukhtār al-Ya`qūbī,محمد المصطفي بن دي بن أحمد بن الطالب مختار اليعقوبي
6108,Muḥammad al-Amjad b. Muḥammad al-Amīn b. Abī al-Ma`ālī al-Ya`qūbī,محمد الأمجد بن محمد الأمي بن أبي المعالي اليعقوبي
6109,Muḥammad al-Amīn b. Muḥammad Mawlūd (Ādda) b. Aḥmad Fāl b. Muḥummadhun Fāl al-Ya`qūbī,محمد الأمين بن محمد مولود (آدٌ) بن أحمد فال بن محمذن فال اليعقوبي
6110,Muḥammad `Abd ar-Raḥmān b. Muḥammad Mas`ūd b. Takrūr al-Ya`qūbī,محمد عبد الرحمن بن محمد مسعود بن تكرور اليعقوبي
6111,Muḥammad `Abd Allāh b. Sīdī Aḥmad b. Muḥummadhun (Ābba) b. Muḥammad al-Mukhtār al-Ya`qūbī,محمد عبد الله بن سيدي أحمد بن محمذن (آبٌ) بن محمد المختار اليعقوبي
6112,Aḥmad Bazayd b. Muḥammad Yaḥya (Ḥayyānī) b. al-Amīn b. Muḥammad al-Mukhtār al-Ya`qūbī,أحمد بزيد بن محمد يحيي (حيٌاني) بن ألمين بن محمد المختار اليعقوبي
6113,Aḥmad b. Bbūh b. Ḥabīb Allāh [Ḥabībaḷḷā] al-Ya`qūbī,أحمد بن ابوه بن حبيب الله اليعقوبي
6114,`Abd Allāh b. Muḥammad Fāḍil [Ṿāḍil] b. Muḥammad al-Muṣṭafā b. Aḥmad Dalīl al-Ya`qūbī,عبد الله بن محمد فاضل بن محمد المصطفي بن أحمد دليل اليعقوبي
6115,`Abd al-Ḥayy b. Muḥummadhun b. Aḥmad (Aḥmayid) al-Ya`qūbī,عبد الحي بن محمذن بن أحمد (أحميد) بن الأمين بن المختار بن أتفغ موس اليعقوبي
6116,Yā Fāḍil [Ṿāḍil] b. Muḥummadhun al-Yadmusī,يا فاضل بن محمذن اليدمسي
6117,Yāmuttālī b. al-Fāḍil [Ṿāḍil] al-Yadmusī,يا متالي بن الفاضل اليدمسي
6118,Muḥammad b. al-Bashīr b. Muḥammad `Abd Allāh b. Muḥummadhun Fāl [Ṿāl] b. Mbārgī al-Yadmusī,محمد بن البشيربن محمد عبد الله بن محمذن فال بن امبارگي اليدمسي
6119,Aḥmaddu b. Maḥmūdan (Iyyāh) b. Muḥammaddu b. Yāmuttālī al-Yadmusī,أحمدً بن محمودن (ايًاه) بن محمد بن يامتالي اليدمسي
6120,al-Mukhtār (at-Tāh) b. Muḥammad Sālim b. al-Mukhtār b. Alummā al-Yadālī,المختار (اتاه) بن محمد سالم بن المختار بن ألما اليدالي
6121,Muḥummadhun ash-Shafīgh b. Muḥammad (Maymmīh) b. al-Maḥbūbī al-Yadālī,محمذن الشفيغ بن محمد (ميمٌيه) بن المحبوبي اليدالي
6122,Muḥammaddin b. Sīdī Muḥammad b. an-Nāh b. Ḥimmaynna al-Yadālī,محمدٌن بن سيدي محمد بن انٌاه بن حمٌينٌ اليدالي
6123,Muḥammad Sālim b. al-Mukhtār b. al-Maḥbūbi al-Yadālī,محمد سالم بن المختار بن المحبوبي اليدالي
6124,Muḥammad (Bābbāh) b. Sīdī b. Ḥimmaynna al-Yadālī,محمد (بابٌاه) بن سيدي بن حمينٌ اليدالي
6125,al-Ḥasan b. Zayn al-`Ābdīn al-Yadālī,الحسن بن زين العابدين اليدالي
6126,Ḥaymidda b. Muḥammad Sālim b. al-Yadālī,حيمدٌ بن محمد سالم بن اليدالي
6127,Aḥmaddu b. at-Tāh b. Ḥimmaynna al-Yadālī,أحمدُ بن اتاه بن حمينٌ اليدالي
6128,Muḥammad al-Qarashi b. al-Amīn b. Aḥmadhna b. Yaḥya an-Najmurī,محمد القرشي بن الأمين بن أحمدن بن يحيي النجمري
6129,Muḥammad Likhīfa (Bbāh) b. Muḥammad Aḥmad (Waddū) an-Najmurī,محمد الخليف (أباه) بن محمد أحمد (ودٌو) الانجمري
6130,Muḥammad al-Amīn b. al-Mukhtār b. Abī Bakr (Bū A`layba) an-Nāṣirī,محمد الأمين بن المختار بن أبي بكر (بو عليبه) بن المختار الناصري
6131,as-Sālik b. ash-Shaykh b. Faḥfu [Vaḥvu] al-Massūmī,السالك بن الشيخ بن فحف المسومي
6132,as-Sālik b. al-Bashīr b. Bbābba [Ḅḅāḅḅa] al-Massūmī,السالك بن البشير بن ابٌاب المسومي
6133,al-Muṣṭafā b. Muḥammad b. A`lī Sālim b. A`mar b. Muḥammad al-Massūmī,المصطفي بن محمد ن اعلي سالم بن أعمر بن محمد المسومي
6134,Muḥammad al-Ḥasan b. ad-Dadaw b. Muḥammad Aḥmad b. Dīdda al-Massūmī,محمد الحسن بن الدٌدو بن محمد أحمد بن ديدٌ المسومي
6135,Muḥammad al-Amīn b. ash-Shaykh b. Faḥfu [Vaḥvu] al-Massūmī,محمد الأمين بن الشيخ بن فحفٌ المسومي
6136,al-Maḥfūẓ b. Muḥammad al-Maḥmūd b. Bayya [Ḅayya] al-Massūmī,المحفوظ بن محمد محمود بن بيٌ المسومي
6137,`Abd Allāh b. al-Maḥfūẓ b. Muḥammad Maḥmūd b. Bayya [Ḅayya] al-Massūmī,عبد الله بن المحفوظ بن محمد محمود بن بيٌ المسومي
6138,al-Māmi b. Sīdī Muḥammad ash-Sharīf b. aṣ-Ṣabbār al-Majlisī,المام بن سيدي محمد  الشريف بن الصبٌار المدلشي
6139,Dabban Sālim b. Muḥammad Maḥmud (Daḥma) b. Ḥabīb Allāh [Ḥabībaḷḷā] b. Muḥammad b. Muḥammad Sālim al-Majlisī,دبٌ سالم بن محمد محمود (دحم) بن حبيب الله بن محمد بن محمد سالم المدلشي
6140,Baddī (Muḥammad Maḥmūd) b. Muḥammad Sālim b. Muḥammad Maḥmūd (al-Qāḍī) b. Sīdi Muḥammad Afluwaṭ al-Majlisī,بدي (محمد محمود) بن محمد سالم بن محمد محمود (القاضي) بن سيدي محمد بن أفلواط المدلشي
6141,`Abd Allāh b. Aḥmaddu al-Majlisī,عبد الله بن أحمدٌ المجلشي
6142,al-Imām b Aḥmad Nashfa` b. A`mar Nāṣir ad-Dīn al-Lamtūnī,الإمام بن أحمد نشفع بن أعمر ناصر الدين اللمتوني
6143,Sīdī b. Bāba Aḥmad b. Muḥammad Mbārik al-Lamtūnī,سيدي باب أحمد بن محمد امبارك اللمتوني
6144,`Abd Allāh b. Sīdī Aḥmad b. Muḥammad b. Muḥammad `Abd Allāh al-Walātī al-Mahjūbī,عبد الله بن سيدي أحمد بن محمد بن محمد عبد الله الولاتي المحجوبي
6145,Muttāli b. Muḥammad al-Bashīr al-Shamsadī,متالي بن محمد البشير الشمسدي
6146,Aḥmad b. at-Tamtām b. Muḥammad b. `Ubayd ash-Shamsadī,أحمد بن التمتام بن محمد بن عُبيد الشمسدي
6147,`Abd al-Qādir b. Muḥammad b. al-Kharrāshī ash-Shamsadī,عبد القادر بن محمد بن الخراشي الشمسدي
6148,Abū Bakr b. `Alī b. ash-Shaykh b. al-Maḥjūb al-Maḥjūbī al-Walātī,ابو بكر بن علي ين الشيخ بن المحجوب المجوبي الولاتي
6149,Muḥammad `Abd Allāh Babbāt [Ḅaḅḅāt] b. `Abd Allāh b. Sīd Aḥmad b. Abī Guffa al-Maḥjūbī al-Walātī,محمد عبد الله ببات بن عبد الله بن سيد أحمد بن أبي گفٌ المحجوبي الولاتي
6150,Muḥammad b. Bashīr b. Sīd Aḥmad al-Maḥjūbī,محمد بن بشير بن سيد أحمد المحجوبي
6151,Sīdī Aḥmad b. Muḥammad b. Mūsā b. Ayjjil az-Zaydī,سيد أحمد بن محمد بن موسي بن أيجٌل الزيدي
6152,Aḥnaf al-Majlisī,احنف المجلسي&nbsp;
6153,Bābbāh (Muḥammaddin) b. Muḥammad Fāl [Ṿāl b. Abattah al-Majlisī,باباه (محمدن) بن  محمد فال بن أبته المجلسي
6154,Kādanātū b. Muḥammad al-Amīn al-Majlisī,كادناتو بن محمد الأمين المجليسي&nbsp;
6155,Muḥammad `Abd Allāh b. Baddiyyāh al-Majlisī,محمد عبد الله بن بدياه المجلسي
6156,Muḥammad b. `Abd al-Qādir al-Majlisī,محمد  بن عبد القادرالمجلسي
6157,`Uthmān b. Muḥammad al-Majlisī,عثمان بن محمد المجلسي&nbsp;
6158,Aḥmad Zaydān b. A`mar b. ash-Shaykh al-Bashīr at-Turkuzī al-Mālikī,أحمد زيدان بن اعمر بن الشيخ بن البشير التركزي المالكي
6159,Sīdī Muḥammad b. Muḥammad b. Aḥmad b. Muḥammad al-Amīr al-Mālikī,سيدي محمد بن محمد بت أحمد بن محمد الامير المالكي
6160,Muḥammaddin (aṭ-Ṭfayl) b. Muḥammad `Abd Allah b. Aḥmadu al-Wāthiq al-Mālikī,محمدٌن (الاطفيل) بن محمد عبد الله بن أحمدُ الواثق المالكي
6161,Muḥammad b. Nbūyah al-Muslimī,محمد انبويه المسلمني
6162,`Abd ar-Rahmān b. Sīdī Būbakr b. Maḥḥam b. al-Mukhtār b. al-Amīn al-Massūmī,عبد الرحمن بن سيدي بوبكر بن محم بن المختار بن الأمين المسومي
6163,Aḥmad Fāl [Ṿāl] b. Aḥmadna al-Massūmī,أحمد فال بن أحمدن المسومي
6164,Muḥammad Maḥjūb b. aṭ-Ṭālib al-Fāẓil al-Massūmī,محمد المحجوب بن الطالب الفاظل المسومي
6165,Muḥammad Maḥmūd b. Bayya [Ḅayya] al-Massūmī,محمد محمود بن بيا المسومي
6166,Iyyāhī b. al-Khālif an-Nāṣirī an-Ntābī,إياهي بن الخالف الناصري الانتابي
6167,Sīdī Muḥammad b. Muḥammad an-Najmurī,سيدي محمد بن محمد النجمري
6168,Imām b. Li`nāya al-Kuntī al-Wadānī,الإمام بن لعنايه الكنتي الوداني
6169,Aḥmad b. `Abd Allāh an-Naffā` b. Aḥmad Ḥāj al-`Allūshī (nasaban) al-Walātī (waṭanan) al-Mālikī (madhaban),أحمد بن عبد الله النفاع بن أحمد الحاج العلوشي الولاتي المالكي
6170,aṭ-Ṭālib Muḥammad b. aṭ-Ṭālib A`mar al-Khaṭṭāṭ al-Walātī,الطالب محمد بن الطالب اعمر الخطاط الولاتي
6171,Sīdī Aḥmad al-Mukhtār b. aṭ-Ṭālib Muḥammad al-Mukhtār al-Walātī al-Mālikī,سيدي أحمد المختار بن الطالب محمد المختار الولاتي المالكي
6172,Muḥammad b. Aḥmad b. al-Maḥbūbī al-Yadālī,محمد بن أحمد بن المحجوبي اليدالي
6173,Muḥammad Sālim b. Sidi b. Zayn al-`Ābidīn al-Yadālī,محمد سالم بن سيدي بن زين العبدين اليدالي
6174,Muḥummadhun b. al-Maḥbūbi al-Yadālī,محمذن بن المحبوبي اليدالي
6175,al-Mukhtār b. Muḥammad al-Yadālī Fāl [Ṿāl],المختار بن محمد اليدالي فال
6176,Zayn b. Muḥammad Sa`īd b. Hilāl al-Yadālī,زين بن محمد سعيد بن هلال اليدالي
6177,`Abd al-Wahhāb b. Ḥamāh al-Ya`qūbī,عبد الوهاب بن حماه اليقوبي
6178,Mā'lūm b. Aḥmad Sālim al-Ḥusaynī al-Ya`qūbī,مالم بن أحمد سالم الحسيني اليعقوبي
6179,Fatān b. Sīdāmīn b. ash-Shaykh Muḥammad al-Māmī [al-Ṃāṃī] al-Ya`qūbī,فتا بن سيد أمين بن الشيخ محمد المامي اليقوبي
6180,Muḥammad `Abd Allāh b. Muḥammaddan b. Ddafāl [Ddaṿāl] al-Ya`qūbī,محمد عبد الله بن محمدن بن ادفال اليقوبي
6181,Muḥammad `Abd Allāh b. Muḥammad al-Mukhtār b. Aḥmad Takrūr al-Mūsawī al-Ya`qūbī,محمد عبد الله بن محمد المختار بن أحمد تكرور الموسوي اليقوبي
6182,Muḥammad al-Amīn b. Muḥammad Mawlūd al-Ya`qūbī al-Mūsawī,محمد الأمين بن محمد مولود اليعقوبي الموسى
6183,Muḥammad Mukhtār b. Ḥabīb Allāh [Ḥabībaḷḷā] al-Mūsawī al-Ya`qūbī,محمد مختار بن حبيب الله الموسوي اليقوبي
6184,Muḥammad b. aṣ-Ṣūfī al-Ya`qūbī,محمد الصوفي اليقوبي
6185,Muḥammad b. Aḥmad b. Muḥammad b. Ḥabīb Allāh [Ḥabībaḷḷā] ash-Shamshawī al-Ya`qūbī,محمد بن أحمد بن محمد بن حبيب الله الشمشوي اليقوبي
6186,Muḥammad Mawlūd b. Muḥammad b. Takrūr al-Ya`qūbī,محمد مولود بن محمد بن تكرور اليقوبي
6187,Muḥammad Mukhtār b. Muḥammad Ṣahīb al-Ya`qūbī,محمد مختار بن محمد صهيب اليقوبي&nbsp;
6188,Muḥammad Sālim b. `Addūd al-Mubārkī al-Ya`qūbī (sic),محمد سالم بن عدود المباركي اليعقوبي (كذا)
6189,Muḥammad Sālim b. Abī al-Ma`ālī al-Ya`qūbī,محمد سالم بن ابي المعالي اليقوبي
6190,Muḥammad `Uthmān b. Muḥyī ad-Dīn al-Ya`qūbī,محمد عثمان بن محي الدين اليقوبي
6191,ash-Shbīh b. Bbūh al-Ya`qūbī al-Mūsawī,الشبيه بن ابٌوه اليعقوبي الموسوي
6192,Aḥmad Bābu b. as-Sālim b. Maḥmud b. al-Mukhtār Bābu al-Ghurbī,أحمد باب بن السالم بن محمود بن المختار باب الغربي
6193,Abbīn (al-Muṣṭafā) b. Muḥammad `Abd ar-Raḥmān b. Muḥammad Mawlūd b. Babānah ash-Sharīf,أبٌين (المصطفي) بن محمد عبد الرحمن بن محمد مولود بن ببانه الشريف
6194,Maḥfūz b. Bāba b. ar-Rāis b. al-Ḥāj `Uthmān ash-Sharīf,محفوظ بن باب بن الرايس بن الحاج عثمان الشريف
6195,Muḥammad Yaḥẓih b. al-Ḥasan b. Ḥammādī,محمد يحظيه بن الحسن بن حمادي
6196,Mūlāy al-Mahdī b. Mūlāy `Umār ash-Sharīf,مولاي المهدي بن مولاي عمار الشريف
6197,`Abd al-Qādir (Kān) b. Tierno Hammādī b. al-Ḥājj al-Amīn,عبد القادر (كان) بن تييرنو همٌادي بن الحاج الأمين
6198,Abū Bakr (Bāyi) b. Alfā `Umar Dukurāy as-Sūninkī,أبو بكر (بايْ) بن ألفا عمر دُكري السونينكي
6199,Aḥmad Mukhtār Sākhū b. Basmūr Lamīn b. `Abd Allāh,أحمد بن مختار ساخو بسمور لمين بن عبد الله
6200,Ḥājj Muḥammad Mbākī Būsū al-Buṣūbī,حاج محمدُ امباكي بوسو البصوبي
6203,"Muḥammad b. Aḥmad ""an-Nā"" al-Fūtī","محمد بن أحمد ""النا"" الفوتي"
6204,Ndyjāy Jayran [Tierno ?] `Umar al-Fūtī al-Mālikī al-Ash`arī,انجي جيرن عمر الفوتي المالكي الأشعري
6205,Muḥammad al-Amīn b. Sīdī Muḥammad b. `Alī b. Nājī,محمد الأمين بن سيدي محمد بن علي بن ناجي
6206,Muḥammad Fāl [Ṿāl] b. `Ābīdīn b. Muḥammad Mawlūd ash-Sharīf b. ash-Shaykh Sīdī Muḥammad aṣ-Ṣa`īdī,محمد فال بن عابدين بن محمد مولود الشريف بن الشيخ سيدي محمد الصعيدي
6207,Muhammad b. Muḥammad Mawlūd (Bābbāh) b. Muḥammad Mawlūd (Baddī) b. ash-Sharīf aṣ-Ṣa`īdī,محمد بن محمد مولود (بابٌاه) بن محمد مولود (بدي) بن الشريف الصعيدي
6208,Sīdī Aḥmad b. Būbakr ash-Shamshawī al-Ya`qūbī ash-Sharīf,سيدي أحمد بن بوبكر الشمشوي اليعقوبي الشريف
6209,Muḥammad al-Khaḍir b. Ḥabīb Allāh [Ḥabībaḷḷā] b. Maḥmūd b. Ḥabīb al-Makkī ash-Shamshawī,محمد الخضر بن حبيب الله بن محمود بن جبيب المكي الشمشوي
6210,Muḥammad `Abd al-Wadūd b. Antahāh ash-Shamsadī,محمد عبد الودود بن انتهاه الشمسدي
6211,Muḥammad `Abd ar-Raḥmān b. A`baydnā ash-Shamsadī al-Aṭārī,محمد عبد الرحمن بن أعبيدنا الشمسدي الأطاري
6212,Limrābiṭ b. Khaṭrī al-Idāshfaghī ash-Shamshawī,لمرابط بن خطري الايداشفغي الشمشوي
6213,Muḥanḍ b. al-Ḥārith ash-Shuqrawī,محنض بن الحارث الشقروي
6214,Muḥammad Maḥmūd b. Fatan b. Fāl [Ṿāl] al-Ḥasanī ash-Shuqrawī,محمد محمود بن فتي بن فال الحستي الشقروي
6215,Aḥmadu b. Aḥmad b. Sīdāmīn ash-Shuqrawī,أحمدُ بن أحمد بن سيدامين الشقروي
6216,Husayn b. `Abd al-Ḥayy ar-Ruqaybī [ar-Rgaybī],حسين بن عبد الحي الرقيبي
6217,al-Mukhtār b. `Alī Bādu as-Sbā`ī,المختار بن علي باد السباعي
6218,Muḥammad al-Maḥfūẓ b. ash-Shaykh al-Muṣṭafā al-Idyaydbī,محمد بن المحفوظ بن الشيخ المصطفي الإديجبي
6219,Aḥmad Bābu b. al-Yadālī b. Muḥammad al-Idawdanya`qbī,أحمد باب بن اليدالي بن محمد الإدودنيعقبي
6220,Aḥmad al-Afram b. Muḥammad b. aṭ-Ṭālib Sīdī al-Mukhtār (Hāhī) b. Aḥmad al-Afram aj-Jakanī,أحمد الأفرم بن محمد بن الطالب سيدي المختار (هاهي) بن أحمد الأفرم الجكني
6221,Muḥammad `Abd ar-Raḥmān b. Aḥmad b. Amghar at-Tandaghī,محمد عبد الرحمن بن أحمد بن أمغر التندغي
6222,Muḥammad al-Mukhtār b. Mḥammad b. Muḥammad al-Mukhtār b. Aḥmad b. Mbālla [Mḅāll&auml;],محمد المختار بن امحمد بن محمد المختار بن أحمد بن امباله
6223,Muḥammad b. Sīdī `Abd Allāh al-`Alawī,محمد بن سيد عبد الله العلوي&rlm;
6224,Muḥummadhun b. al-Amīn (Bbāmīn) b. al-Mukhtār b. Aḥmad b. Muḥammad al-Karīm b. al-Fāl [Ṿāl/al-Ṿāḷḷī] ad-Daymānī,محمذن بن الأمين (ابٌامين) بن المختار بن أحمد بن محمد الكريم بن الفالي الديماني
6225,Ḥabīb Allāh [Ḥabībaḷḷā] b. Muḥammad b. al-Amīn al-Ḥasanī,حبيب الله بن محمد بن الأمين الحسني
6226,Aḥmad b. Muḥammad ar-Raqqāḍī al-Kuntī,أحمد بن محمد الرقادي الكنتي
6227,Muḥammad wuld Muḥammad al-Yadālī al-Abyayrī,محمد ولد محمد اليدالي الأبييري
6228,Muḥammad `Abd Allāh b. Ibn al-Mukhtār b. Abī al-Ma`alī al-Ya`qūbī,محمد عبد الله بن ابن المختار بن ابي المعالي اليعقوبي
6229,Muḥammad `Abd Allāh b. Muḥammad Mūsa b. al-Amīn al-Ya`qūbī al-Mūsawī,محمد عبد الله بن محمد موسى بن الأمين اليعقوبي الموسوي
6230,Muḥammad Mawlūd b. Aḥmad al-Bārikī al-Ya`qūbī,محمد مولود بن أحمد الباركي اليعقوبي
6231,Muḥammad `Abd Allāh b. Aḥmad al-Wāthiq al-Mālikī,محمد عبد الله بن أحمدُ الواثق المالكي
6232,Sīdi `Abd Allāh b. ash-Shayn b. al-Amīn al-Idakwūdyī,سيد عبد الله بن الشين بن الامين الإدَكُّودِي
6233,Ibrāhīm b. Alfagha Turād al-Mālikī (madhaban),إبراهيم بن الفغ تراد المالكي
6234,Sīdī b. Muḥammad Fāl al-Ya`qūbī al-Muḥammadī al-Ash`arī al-Mālikī (madhaban),سيدي بن محمد فال اليعقوبي المحمدي الاشعري المالكي
6235,Muḥammadun b. `Abd al-Malik al-Mālikī (madhaban),محمدن بن عبد الملك المالكي
6236,`Alī b. `Abd as-Salām at-Tasūlī,علي بن عبد السلام التسولي
6237,Abū Muḥammad an-Nūrī al-Mālikī (madhaban),ابو محمد النوري المالكي
6238,al-Mukhtār b. al-Imām al-Kuntī,المختار بن تامام الكنتي
6239,al-Ḥasan b. Sīdi b. Abā Mukhtār b. Zayn al-`Abidīn al-Yadālī,الحسن بن سيد بن أبا مختار بن زين العبدين (البتيتور) اليدالي
6240,Sīdī Muḥammad b. Muḥammaddu b. Jār Allāh b. ash-Shaykh Aḥmad Maḥmūd al-Majlisī,سيدي محمد بن محمدُ بن جار الله بن الشيخ أحمد محمود المجليسي
6241,Ibrāhīm b. al-Imām b. al-Ḥāj Ibrāhīm al-`Alawī,إبراهيم بن المام بن الحاج إبراهيم العلاوي
6242,Ibnu b. al-Muṣṭafā b. Sīdanun ad-Daymānī,أبن بن الحصطف بن سيدنٌ الديماني
6243,Aḥmad b. Aḥmad b. Muḥammad b. Ḥabīb b. Muḥammad b. Abaja al-`Alawī,أحمد بن أحمد بن محمد بن حبيب بن محمد بن أبج العلوي
6244,Aḥmad al-Ḥabīb b. Muḥammad b. Sīdī Aḥmad Laḥbīb aj-Jakanī,أحمد الحبيب بن محمد بن سيدي أحمد لبيب الجكني
6245,Aḥmadu b. al-Bashir b. Sīdī Aḥmad b. Alamīn b. Aḥmad b. Maḥḥam b. Abū Bakr (Bābak) b. Muḥammad b. Muhanḍ al-Mālikī,أحمد بن البشير بن سيدي أحمد بن ألمين بن أحمد بن محم بن ابو بكر (ابابك) بن محمد بن مهنض المالكي
6246,Aḥmadu b. Bābīj b. al-Amin b. Atfagha [Atshfagha] al-Māḥ al-Ya`qūbī,أحمد بن بابيح بن الأمين أتفغ الماح اليعقبي
6247,Aḥmadu al-Wāthiq b. Muḥammadu b. Jiddu al-Mālikī,أحمدُ الواق بن محمدُ بن جدُ المالكي
6248,Aḥmad Sālim b. Sīdiyyā al-Ḥasanī,أحمد سالم بن سيديا الحسني
6249,Aḥmad as-Sālim b. `Abd Allāh b. al-`Ālim at-Tandaghī,أحمد السالم بن عبد الله بن العالم التندغي
6250,Aḥmaddu b. Muḥanḍ b. Sīdī ‘Abdaḷḷa b. Atfagha [Atshfagha] al-Mukhtār ash-Shuqrawī,أحمدُ بن محنض بن سيدي عبدلٌ بن أتفغ المختار الشقروي
6251,Aḥmad b. al-Mukhtār (ash-Shaykh) b. Aḥmad al-Mukhtār b. Muḥammad b. al-Mukhtār al-`Alawī,أحمد بن المختار (الشيخ) بن أحمد المختار بن محمد بن المختلر بن الأعمش العلوي
6252,Aḥmad b. Muḥammad b. Ḥabīb al-`Alawī,أحمد بن محمد بن حبيب العلوي
6253,Imām b. Almān b. Sīdī b. `Issa Iqayqub aj-Jakanī,إمام بن المان بن سيدي بن عيسي إيديقوب الجكني
6254,Amīn b. al-Ḥārith b. Muḥanḍ ash-Shuqrawī,أمين بن الحارث بن محنض الشَّقروي
6255,Zayn al-`Ābidīn b. Muḥummadhun b. Ḥabīb b. al-Wāfī at-Tandaghī,زين العابدين بن محمذن بن حبيب بن الوافي التندغي
6256,Sīdī Aḥmad Bāba b. Muḥammad b. aṭ-Ṭālib `Isā aj-Jakanī,سيدي أحمد باب بن محمد بن الطالب عيسي الجكني
6258,Sīdī Muḥammad b. Sīdī `Abd Allāh b. Aḥmad (Māyāba) aj-Jakanī,سيدي محمد بن سيدي عبد الله بن أحمد (مايابي) الجكني
6259,Mujaddid b. al-Muṣṭafā al-Būḥamdī al-Majlisī,مجديد بن المصطفي البوحمدي المجلسي
6260,Sīdī Muḥammad b. Ni`ma aj-Jakanī,سيدي محمد بن نعمه الجكني
6261,Sa`d Būh b. Muḥammad Fadl [Ṿāḍil] al-A`baydī al-Qalqamī,سعد بوه بن محمد فاضل الاعبيدي القلقمي
6262,Shaykhnā b. Muḥummadhun b. Biyya aj-Jakanī,شيخنا بن محمذن بن بيٌ الجكني
6263,Ṣadīq b. Aḥmadu b. Muḥammadu b. Sīdī al-Mukhtār b. al-Amīn b. Ḥrīmu aj-Jakanī,صديق بن أحمدُ بن محمدو بن سيدي المحتار بن الأمين بن احريم الجكني
6264,aṭ-Ṭālib Jiddu b. `Abd al-Bāqī b. al-Mukhtār b. Būna aj-Jakanī,الطالب جدُ بن عبد الباقي بن المختار بن بون الجكني
6265,`Abd ar-Raḥmān b. ash-Shaykh b. Almān aj-Jakanī,عبد الرحمن بن الشيخ المانْ الجكني
6266,`Abd ar-Raḥmān b. al-Mukhtār b. Aḥmad b. Abajj al-`Alawī,عبد الرحمن بن المختار بن أحمد بن أبجَ العلوي
6267,`Abd al-Qādir b. Abī Bakr b. Atfagha Aḥmad b. ash-Shaykh al-Ghallāwī,عبد القادر بن أبي بكر بن أتفغ أحمد بن الشيخ الغلاوي
6268,`Abd Allāh b. Abī Bakr b. Muḥammad b. Aḥmad b. Hayt al-Walātī,عبد الله بن أبي بكر بن محمد بن أحمد بن هيت الولاتي
6269,`Abd Allāh b. Muḥammaddan b. Lūlī at-Tandaghī,عبد الله بن محمدٌن بن لولي التندغي
6270,`Abd al-Wadūd b. Muḥammad b. `Abd al-Wadūd b. al-Ḥāj aj-Jakanī,عبد الودود بن محمد بن عبد الودود بن الحاج الجكني
6271,`Arabī b. ash-Sharīf b. al-Yamānī b. Sīdī ash-Shrīf,عربي بن الشريف بن اليماني بن سيدي الشريف
6272,Muḥammad Aḥmad b. Aḥmad b. Aḥmad b. al-Ḥāj al-`Alawī,محمد أحمد بن أحمد بن أحمد بن الحاج العلاوي
6273,Muḥammad al-Amīn b. Aḥmad (Ābba) b. Muḥammadī al-`Alawī,محمد الأمين بن أحمد (آبٌ) بن محمدي العلاوي
6274,Muḥammad al-Amīn b. Sīdī `Abd Allāh b. al-Ḥāj Ibrāhīm al-`Alawī,محمد الأمين بن سيدي عبد الله بن الحاج إبراهيم العلوي
6275,Muḥammad al-Ḥasan b. al-Ḥāj Dāwud aj-Jakanī,محمد الحسن بن الحاج داود الجكني
6276,Muḥammaddin as-Sālim b. Ābujjā at-Tandaghī,محمدٌن السالم بن آبُجٌاه التندغي
6277,Muḥammaddin b. al-Māmūn (Ammūn) b. Muḥammad b. Mawlūd b. al-Mukhtār at-Tandaghī,محمدٌن بن المامون (امٌون) بن محمد مولود بن المختار التندغي
6278,Muḥammad as-Sālim b. Atāh b. Yaḥẓīh b. `Abd al-Wadūd aj-Jakanī,محمد السالم بن اتاه بن يحظيه بن عبد الودود الجكني
6280,Muḥammaddu b. Muḥammad `Abd ar-Raḥmān b. al-Kharrāshī aj-Jakanī,محمدٌ بن محمد عبد الرحمن بن الخراشي الجكني
6281,Muḥammad b. Maḥmūd b. `Umar al-Ḥājī,محمد بن محمود بن عمر الحاجي
6282,al-Muṣṭafā b. Aḥmaddu b. Ayshā at-Tandaghī,المصطفي بن أحمدُ بن أيشا التندغي
6283,Yaḥya b. Muḥammad b. Ḥraymu aj-Jakanī,يحي بن محمد بن أحريمُ الجكني
6284,Muḥammad b. Aḥmad (Bū Guffa) b. Muḥammad b. Muḥammad al-Māḥi b. Muḥammad at-Tiknī al-Lamhājībī,محمد بن أحمد (توكفٌ) بن محمد بن محمد الماح بن محمد التكني اللمحاجيبي
6285,Muḥammaddu b. `Abd Allāh b. al-`Ālim al-Banyūgī,محمد بن عبد الله بن العالم البنيوگي
6286,Yābbah (Aḥmad Ya`qūb) b. Muḥammad Maḥmūd (Muḥammadī) as-Simālīlī,يابٌه (أحمد يعقوب) بن محمد محمود (محمادي) السملالي
6287,Muḥammad b. al-Amīn b. Yu'baj at-Tāmglāwī,محمد بن الأمين بن يؤبج التامگلاوي
6288,Aḥmad Fāl [Ṿāl] b. Ya`qūb b. al-Kawrī as-Subākī,أحمد فال بن يعقوب بن الكوري السُباكي
6289,Muḥammad b. Ammīn b. Muḥummadhun b. Maḥḥam b. Bbūbā b. al-Māḥī (Māhī) ad-Daymānī,محمد بن امٌين بن محمذن بن محم ابٌبوبا بن الماحي الديماني
6290,al-Mukhtār b. Muḥammadhun b. Aḥmad Shālla [Shaḷḷa] (Abī Mījah) ad-Daymānī,المختار بن محمذن بن أحمد شااله (ابي ميجه) الديماني
6291,Mawlūd b. al-Mukhtār (Mutayylī) b. Sīdī al-Fāllī [al-Vāḷḷī] ad-Daymānī,مولود بن المختار (متيلي) بن سيدي الفالي الديماني
6292,Sīdī Muḥammad b. Mūlāy Aḥmad b. ash-Shaykh b. Mūlāy Ismā`il ash-Sharīf,سيدي محمد بن مولاي أحمد بن الشيخ بن مولاي إسماعيل الشريف
6293,al-Muṣṭafā b. `Abdī al-Qalqamī,اامصطفي بن عبدي القلقمي
6294,Sīdī Ibrāhīm b. Muḥammad Bāba al-Qalqamī,سيدي إبراحبم بن محمد باب القلقمي
6295,Aḥmad al-Misk b. Aḥmad b. `Umar b. Muḥammad Aqīt al-Ḥājī,أحمد المشك بن أحمد بن عمر بن محمد أقيت الحاجي
6296,Aḥmad b. Ḥamadtū at-Tandaghī,أحمد بن حامدتو التندغي
6297,`Abd ar-Raḥmān b. Ḥadām al-Mālikī al-`Alawī,عبد الرحمن بن حدام المالكي العلوي
6298,Aḥmad b. Ḥakkī al-Ghallāwī,أحمد بن حكي الغلاوي
6299,Aḥmad b. Bbāta [Ḅḅāta] al-Qalqamī,أحمد بن أبات القلقمي
6301,Muḥammad al-Māmī b. Habīb Allāh [Ḥabībaḷḷā] al-Ya`qūbī,
6315,‘Abdāwa b. al-Ma‘zūz b. al-Fāllī [al-Vāḷḷī] al-Lamtūnī,عبداوه المعزوز بن الفاللي اللمتوني
6329,Muḥammad b. Fῡdī,محمد بن فودي
6330,al-Ansārī,الأنصاري
6331,Muḥammad b. `Abd Allāh al-Anṣārī,محمد بن عبد الله الأنصاري
6332,`Abd al-Qādīr b. al-Ḥasan al-Fāsī,أبو محمد عبد القادر بن الحسن الفاسي
6333,`Abd al-Raḥman b. Muḥammad al-Fāsī,عبد الرحمن بن محمد الفاسي
6334,Abῡ Muḥammad b. Ibrāhīm b. Muḥammad al-Fasi,أبو محمد بن إبراهيم بن محمد الفاسي
6335,al-Mukhtār b. al-Muṣṭafa al-Ghallāwī,المختار بن المصطفى الغلاوي
6337,Ibn `Umar al-Zanātī,ابن عمر الزناتي
6338,Ismā'il b. Sīdi Muḥammad Sa`ad al-Qādīrī,إسماعيل بن سيد محمد سعيد القادري
6339,al-Shaykh Aḥmad al-Walātī,الشيخ أحمد الولاتي
6340,Muḥammad al-Wali al-Walātī,محمد الولي الولاني
6341,al-Muṣṭafa b. Bāba Sharif al-Tinbukti,المصطفى بن بابا شرف التنبكتي
6343,Yadi b. al-Faqih Sanba b. Būḍ al-Fulānī,يد بن الفقه سنب بن بوض الفلاني
6346,Khālid b.  Yaḥyā b. Yῡsuf al-Jazῡlī,خالد بن يحيى بن يوسف الجزولي
6347,Muḥammad al-Wālī,محمد الوالي
6348,`Abd al-Raḥman b. al-Khaṭīb Yῡsuf b. Sa`īd `Abd al-Qādīr al-Barnāwī al-Khazrajī,عبد الرحمن بن الخطيب يوسف بن سعيد عبد القادر البرناوي الخزرجي
6349,Muḥammad b.`Alī b.  `Uthmān b. Shihāb  al-Fulānī,محمد أبو محمد بن علي ابن عثمان بن شهاب الفلاني
6350,Muḥammad b. Muḥammad b. `Uthmān b. Shahāb al-Fulānī,محمد بن محمد بن عثمان بن شهاب الفلاني
6352,Abῡ Bakr Muḥammad b. `Azīz al-al-Sakhāwī,أبو بكر محمد بن عزيز السجتاني
6353,Mῡsa b. `Uthmān b. Ibrāhīm b. al-Muṣṭafa al-Abῡ Bakr al-Maghribī,موسى بن عثمان بن ابراهيم بن المصطفى الوعكر المغربي
6354,Abῡ Ḥasan al-Qābisī,أبو الحسن القابسي
6355,Anbawī b. al-Imām Muḥammad `Abd Allāh al-Ḥamdī al-Maḥjūbī al-Walātī,أنبوي بن الإمام محمد عبد الله الأحمدي المحجوبي الولاتي
6357,Sulaymān b. al-Mukhtar Ilūrī ↵,سليمان بن المختار اللوري
6358,Aḥmad `Abd al-Ḥayy al-Ḥalabī al-Shāfi`ī,أحمد عبدالحي الحلبي الشافعي
6359,Abī Ḥafiṣ `Umar b. al-Wardī,أبي حفص عمر بن الوردي
6360,al-Māsinī,الماسني
6361,Abῡ Ḥasan al-Wa`īẓī,أبو الحسن الوعيظي
6362,Abῡ Yῡsuf al- Kūrānī,أبو يوسف الكوراني
6363,Khadīja  Bῡrī,خديجة بوري
6364,al-Abhῡrī,الأبهوري
6365,Mῡ'min al-Shablnjī,مؤمن الشبلنجي
6366,Amhānī,أمهاني
6367,`Umar Dakῡrī Bamraj,عمر دكوري بمرج
6369,Aḥmad Bāba b. Muḥammad b. Yῡsuf b. Salim b. Ibrāhīm Fadaki al-Raghawi,أحمد باب بن محمد بن يوسف بن سالم بن ابراهيم فادكي الرغوي
6370,Ja`far b. Muḥammad b. Abῡ Bakr b. Hāshimī al-Māsinī al-Kaywī,جعفر بن محمد بن أبي بكر بن هاشمي الماسني الكيوي
6371,Ismā`īl Ḥaqqī al-Jalῡni,إسماعيل حقي الجلوتي
6372,Khālid b.  Yaḥyā al-Jarsifī,خالد بن يحيى الجرسيفي
6373,Muḥammad b. Yῡsuf al- Jarsifī,محمد بن يوسف الجرسيفي
6374,Aḥmad b. Qāsim al-Jazāmī,أحمد بن قاسم الجزامي
6376,Muḥammad b. Muḥammad al-Kabāsī,محمد بن محمد الكباسي
6377,Muḥammad al-Amin b. Muḥammad b. al-Qadi al-Kanjuri,محمد الأمين بن محمد بن القاضي كنجوري
6378,`Abd Allāh b. al-Muṣṭafa b. Sulymān b. `Abd Allāh al-Kaykawī,عبد الله بن المصطفى ابن سليمان بن عبد الله الكيكوي
6379,Muḥammad b. Ya`qῡb b. Mῡsa Laḥnūwī,محمد بن يعقوب بن موسى لحنوي
6380,Aḥmad al-Maghribī al-Ash`arī,أحمد المغربي الأشعري
6381,al-Marsī,أبو العباس المرسي
6382,Yaḥyā b. `Abd al-Raḥman al-Qudsī al-Shāfi`ī al-Qadīrī,يحيى بن عبد الرحمن القدسي الشافعي القادري
6383,Abῡ Bakr al-Ramāni,أبو بكر الرماني
6384,Ya`qῡb b. Mῡsa Sa`nawī,يعقوب بن موسى سعنوي
6385,Muḥammad b. Ya`qῡb b. Mῡsa Samnūnī,محمد بن يعقوب بن موسى سمنوني
6386,Muḥammad Tafī,محمد تفي
6387,al-Tamdhi,التمذي
6388,Muḥammad b. `Abd Allāh b. Tamrat,محمد بن عبد الله بن تمرت
6389,Maḥmud Hīlayālī b. `Abd Allāh al-Turkī,محمود حيلياسى بن عبد الله التركي
6390,Muḥammad b. Muḥammad b. Aḥmad al-Waqaṣī,محمد بن محمد بن أحمد الوقصى
6391,Abῡ al-`Abbās b. Aḥmad al-Yuni,أبو العباس بن أحمد اليوني
6392,Abῡ Bakr al-Zamānī,أبو بكر الزماني
6394,`Abd al-`Azīz al-Jābar,عبد العزيز الجابر
6396,`Abd Allāh al-Sultan,عبد الله بن السلطان
6397,`Abd Allāh b.`Alī,عبد الله بن علي
6398,`Abd Allāh b. al-Ḥājj Muḥammad,عبد الله بن الحاج محمد
6399,`Abd Allāh b. Salah,عبد الله بن سلام
6400,`Abd Allāh Tarwalī Janbakr,عبدالله ترولي جنبكر
6401,`Abd al-Laṭīf b. Mῡsa,عبد اللطيف بن موسى
6402,`Ali Abῡ al-Dardā',علي أبو الدرداء
6403,`Ali b. `Uthmān b. Muḥammad,علي بن عثمان محمد
6405,Abῡ `Abd Allāh Muḥammad,أبو عبد الله محمد
6406,Abῡ `Abd Allāh Muḥammad b. `Umar,أبو عبدالله محمد بن عمر
6407,Abῡ `Umrān,أبو عمران
6409,Abῡ Bakr b. Maḥmud b. Abῡ Bakr,أبو بكر بن محمود بن أبو بكر
6410,al-Shaykh Aḥmad,الشيخ أحمد
6411,Aḥmad b. al-Shaykh Aḥmad,أحمد بن الشيخ أحمد
6412,Aḥmad b. Ja`far al-Sabt,أحمد بن جعفر السبت
6413,Aḥmad b. Yῡsuf Ibn Mālik,أحمد بن يوسف ابن مالك
6414,al-Ḥusayn b. Muḥammad,الحسين بن محمد
6415,al-Sultān Muḥammad al-Qarnun,السلطان محمد القرنون
6416,Amīn Dam,أمين دم
6417,Bāmal(?),بامل
6418,Dāuwd `Alīh al-Salām,داود عليه السلام
6419,Ḥārith Abῡ al-Hazim,الشيخ الحارث أبو الحازم
6420,Ibn Aḥmad,ابن أحمد
6421,Ibn Ḥārith,الشيخ ابن الحارث
6423,Ibrāhīm  Shihāb al-Dīn,(يعقوب)
6424,Ibrāhīm Shihāb al-Dīn,ابراهيم شهاب الدين
6425,Imām al-`Aynayn,الامام العنين
6426,Maḥmud b. al-Hājj Yῡsuf,محمود بن الحاج يوسف
6427,Mu`ādh b. `Alīi b. `Uthmān b. Mu`ādh,معاذ بن علي بن عثمان بن معاذ
6428,Muḥammad b. al-Faqīh,محمد بن الفقيه
6429,Muḥammad al-Sultān,نور الدين محمد السلطان
6430,Muḥammad b. `Abd al-Salām,محمد بن عبد السلام
6432,Muḥammad b. `Abd Allāh al-….,أبو عبدالله محمد بن عبدالله ال.......
6434,Muḥammad b.`Alī,محمد بن على
6435,Muḥammad b. `Araf b. Ṭahir,محمد بن عرف بن طاهر
6437,Muḥammad b. Abῡ Bakr b. Mālik,محمد بن أبي بكر بن مالك
6439,Muḥammad b. al-Faqīh b.  Muḥammad,محمد بن الفقيه محمد
6440,Muḥammad b. al-Faqih Ya`mak,محمد بن الفقيه يعمك
6442,Muḥammad b. Faqīh al-Zāhid,محمد بن فقيه الزاهد
6443,Muḥammad b. Funān,الحاج محمد بن فونان
6444,Muḥammad b. Ismāīl,محمد بن اسماعيل
6446,Muḥammad b. Muḥammad b. al-Mukhtar b. al-Ḥasan,محمد بن محمد بن المختار ابن الحسن
6447,Muḥammad b. Salām,محمد بن سلام
6448,Muḥammad b. Sulaymān,محمد بن سليمان
6449,Muḥammad b. Yῡsuf ibn Salām b. Ibrāhīm,محمد بن يوسف ابن سالم بن ابراهيم
6450,Muḥammad Ya`qῡb b. Mῡsa Taḥnῡn,محمد يعقوب بن موسى تحنون
6451,Mῡsa b. `Abd Allāh b. JabrMuḥammad b. Muḥammad b. `Uthmān b. Shahāb al-Fulānī,موسى بن عبد الله بن جبريل
6452,Qāsim b. Khalīf Sanab,قاسم بن خليف سنب
6453,Safī `Abd Allāh b. Yāsar,سفى عبد الله بن يسار
6454,Șaghīr `Abd Allāh b. Muḥammad,الصغير عبد الله بن محمد
6457,Sulaymān b. `Uthmān,سليمان بن عثمان
6458,Sulaymān Tanab,سليمان تنب
6459,Ṭalḥat ibn al-Ḥusayn,طلحت ابن الحسين
6460,Yūnis,الشيخ يونس
6461,Yῡsuf b. Abῡ Bakr b. Mῡsa b. Yῡsuf,يوسف بن أبي بكر بن موسى بن يوسف
6462,Zayd b. al-Faqīh Sanbā b. Buḍḍa,زيد بن الفقه سنب بن بوص
6465,`Abd al-`Azīz b. Aḥmad al-Kalsūkī,عبد العزيز بن أحمد الكلسوكي
6466,`Abd al-`Azīz b. al-Ṭālib Aḥmad al-Sῡqī,عبد العزيز بن الطَّالب أحمد السُّوقي
6468,`Abd al-`Azīz b. Zayn b. Muḥammad Jubīhī al-Sῡqī,عبد العزيز بن زين بن محمد الجِبِيهي السُّوقي
6469,`Abd al-Aziz b. Aḥmad al-Bashīr al-Kalsūqī,عبد العزيز بن أحمد البشير الكلسوكي
6470,`Abd al-Aziz b. Muḥammad b. Aḥmad al-Sūqī,عبد العزيز بن محمد بن أحمد السُّوقي
6471,`Abd al-Kabīr b. `Abd al-Mujīd b. Yῡsuf al-Maṣmῡdī,عبد الكبير بن عبد المجيد بن يوسف المَصْمُودي
6472,`Abd al-Mu`ati b. Sālim b. `Umar al-Samlāwī al-Shāfi`ī al-Miṣrī,عبد المُعْطى بن سالم بن عمر الشِّبْلي السِّمْلاوي الشافعي المصري
6473,`Abd al-Qādir b. `Alī b. Yῡsuf b. Muḥammad al-Fāsī al-Mālikī,عبد القادر بن علي بن يوسف بن محمد الفاسي الفهري المالكي
6474,`Abd al-Raḥman al-Raf`aī al-Mālikī,عبد الر حمن الرقعي المالكي
6475,`Abd al-Raḥman b. `Alī b. Muḥammad b. `Alī al-Qurashī al-Baghdādī,عبد الرحمن بن علي بن محمد بن علي القُرَشي البَغْدادي
6476,`Abd al-Raḥman b. Aḥmad al-Mustaghānamī,عبد الرحمن بن أحمد المُسْتَغانِمي
6477,`Abd al-Raḥman b. Dāuwd b. `Alī al-Miṣrī al-Shafi`ī,عبد الرحمنبن داود بن علي المصري الشَّافعي
6478,`Abd al-Raḥman b. Ḥusayn b. Zayd al-Jakanī,عبد الرحمن بن حسين .. بن أحمد بن زيد الجَكَني
6479,`Abd al-Raḥman b. Ujdῡd al-Sharīf al-`Alawī,عبد الرحمن بن أجدود الشَّريف العَلَوي
6480,`Abd al-Wāsi` b. Muḥammad b. `Abd al-Raḥman b. Manṣῡr al-Mahzῡlī,عبد الواسع بن محمد بن عبد الرحمن بن منصور المهزولي
6481,`Abd Allāh b. `Umar b. Muḥammad b. `Alī al-Shirāzī al-Shāfa`ī al-Bayḍawī,عبد الله بن عمر بن محمد بن علي الشِّيرازي الشَّافعي البَيْضاوي
6482,`Abd Allāh b. Aḥmad al-Tinwājīwī,عبد الله بن أحمد التنواجيوي
6483,`Abd Allāh b. Aḥmad b. `Alī al-Makkī al-Shāfi`ī al-Fākihī,عبد الله بن أحمد بن علي المكي الشافعي الفاكهي
6484,`Abd Allāh b. Muḥammad b. `Abd Allāh b. `Alī al-`Ajamī al-Shanshūrī al-Shāfi`ī al-Fūdī,عبد الله بن بهاء الدين محمد بن عبد الله بن علي العجمي الشّنْشُوري الشَّافعي الفَرَضي
6485,`Alī b. Aḥmad b. Muḥammad al-Fāsī al-Maghribī al-Malikī,علي بن أحمد بن محمد الفاسي المغربي المالكي
6486,`Azīz  b. al-Khalīl,عزيز بن الخليل
6487,`Isa b. Muḥammad al-Mawlūd al-Arawānī,عيسى بن محمد المولود الأرْوَانيّ
6488,`Ulamā'  of Kūtī,علماء كوتي
6490,`Ulamā' of Takrūr,علماء التكرور
6491,`Umar al-Fāsī,عمر الفاسي
6492,`Umar b. `Abd al-Karīm b. Muḥammad b.  Abī Bakr al-`Ayyāshī,عمر بن عبد الكريم بن محمد بن أبي بكر العَيَّاشي
6493,`Umar b. `Āli (A`āli b. …,عمر بن عال (أعال) بن ...
6494,`Umar b. A`āli b. al-Shaykh,عمر بن أعال بن الشيخ
6495,Abu Bakr b. Muḥammad b. Ṣāliḥ al-Fulānī,أبو بكر بن محمد بن الصَّالح الفُلاني
6496,Aḥmad al-Būsayfī,أحمد البوسيفي
6497,Aḥmad al-Kalsūkī / al-Sūqī,أحمد الكلسوكي
6498,Aḥmad al-Sūqī (?),أحمد السوقي
6499,Aḥmad al-Tuwātī,أحمد التواتي
6500,Aḥmad b Muḥammad b. Yῡsuf,أحمد بن محمد بن يعقوب
6501,Aḥmad b.  Abī al-Qāsim b. Aḥmad al-Tuwātī al-Tamanṭiṭī,أحمد بن أبي القاسم بن أحمد التواتي التمنطيطي
6502,Aḥmad b.  Abī Bakr b. Aḥmad b. al-Bashīr al-Sūqī,أحمد بن أبي بكر بن أحمد بن البشير السُّوقي
6503,Aḥmad b. `Abd al-Laṭīf al-Sharjī al-Zaydī,أحمد بن عبد اللطيف الشَّرجي الزيدي
6505,Aḥmad b. `Alī b. Thabat b. Aḥmad b. Mahdī al-Khaṭīb al-Baghdādī,أحمد بن علي بن ثابت بن أحمد بن مهدي الخَطِيب البغدادي
6506,Aḥmad b. al-Bashīr al-Sūqī,أحمد بن البشير السُّوقي
6507,Aḥmad b. Maḥmῡd,أحمد بن محمود (؟)
6508,Aḥmad b. Muḥammad al-Andalusī,أحمد بن محمد الأندلسي
6509,Aḥmad b. Muḥammad b. `Alī b. Ibrāhīm al-Anṣarī al-Sharwānī al-Shāfi`ī,أحمد بن محمد بن علي بن إبراهيم الأنصاري الشّرواني الشَّافعي
6510,Aḥmad b. Muḥammad b. Dāwud al-Juzulī al-Hashtūkī,أحمد بن محمد بن داود الجُزُولي الهَشْتُوكي
6511,Aḥmad b. Muḥammad b. Mūsa al-Șanhājī al-Andalusī al-Marī,أحمد بن محمد بن موسى الصِّنهاجي الأندلسي المري
6512,Aḥmad b. Yūsuf al-Sūnikī al-Māraqī,أحمد بن يوسف السونكي المارقي
6513,Aḥmad Muḥammad b. Muḥammad b. `Uthmān b. Ya`qῡb al-Mānawī  al-Warīdī al-`Ayyāshī,أحمد محمد بن محمد بن عثمان بن يعقوب المانوي الوريدي العَيّاشي المغربي
6514,al-Bukhārī b. Muḥammad al-Amīn al-Sūqī,البخاري بن محمد الأمين بن أحمد السوقي
6515,al-Dahu b. Baba Aḥmad b. Aḥmad b. Bāba,الدَّاهُ بن باب أحمد بن أحمد بن باب
6516,al-Ghadāmisī,الغدامسي
6517,al-Ḥasan b. Zayn b. `Abd al-Aziz al-Jubahī al-Sūqī,الحسن بن زين بن عبد العزيز الجبهي
6518,al-Imām Muḥammad b. Idawrīsh al-Shāfi`ī,الإمام محمد بن إدريس الشَّافعي
6519,al-Mukhtār b. Muḥammad al-Amīn al-Sūqī,البخاري بن محمد الأمين السُّوقي
6520,al-Mukhtār b. Muḥammad b. al-Habīb,المُخْتار بن محمد بن الحَبِيب (؟)
6521,al-Qāḍī Muḥammad b. M`amī al-Sansandī,القاضي محمد بن معمى السّنْسندي
6522,al-Tijani b. Muḥammad b. Muḥammad al-Amīn b. `Ᾱli b. `Amar b. Aḥmad al-Qāḍī,التِّجاني بن محمد بن محمد الأمين بن عال بن عمار بن أحمد القاضي (؟)
6523,Baba b. Muḥammad b. Aslīm,باب بن محمد بن أسليم
6524,Bāy b. Zayn b. `Abd al-`Azīz  al-Jubahī al-Sūqī,باي بن زين بن عبد العزيز الجبهي السُّوقي
6525,Bilqām b. Aḥmad al-Hūzālī,بلقاسم بن أحمد الهوزالي
6526,"Bujbīha, `ulamā'  of",علماء بوجبيهة
6527,Dhu al-Yaydīn b. Muḥammad al-Raqqādī,ذو اليدين بن محمد الرّقادي
6528,Ḥamād b. al-Khalīl,حماد بن الخليل (؟)
6529,Ḥamdūn al-Ābār,حمدون الأبار (؟)
6530,Ḥāmid b. Abī Bakr b. Ayyub b. Muḥammad b. Mūd al-Fulānī al-Māsinī,حامد بن أبي بكر بن أيوب بن محمد بن مود الفلاني الماسني
6531,Ibn al-Fakhār,ابن الفخار (؟)
6532,Ibn al-Khaṭīb,ابن الخطيب
6533,Ibrāhīm b. Aḥmad al-Bashīr b. Muḥammad al-Sūqī,إبراهيم بن أحمد البشير بن محمد السوقي
6534,Ibrāhīm b. Aḥmad al-Sūqī,إبراهيم بن أحمد السُّوقي
6535,Ibrāhīm b. al-Ḥasan al-Naẓifī,إبراهيم بن الحسن النَّظِيفي
6536,Ibrāhīm b. al-Lāf,إبراهيم بن اللَّاف
6537,Ibrāhīm b. al-Ṭālib Aḥmad al-Sūqī,إبراهيم بن الطَّالب أحمد السُّوقي
6539,Ibrāhīm b. Muḥammad al-Sāḥilī al-Gharnāṭī,إبراهيم بن محمد الساحلي الغرناطي
6540,Ibrāhīm b. Muhammad b. Ibrāhīm al-Anṣārī al-Gharnāṭī al-Sāḥilī,إبراهيم بن محمد بن إبراهيم الأنصاري الغَرْناطي السَّاحلي
6541,Ismā`īl Ḥaqqī b. al-Muṣțafa Afnadī al-Istānbūlī,إسماعيل حقِّي بن مصطفي أفندى الإستانبولي
6542,Maḥmῡd al-Qarnūnī,محمود القرنوني
6543,"Maḥmῡd b, Muḥammad b. al-Ḥasan b. al-Ḥājj `Uthmān",محمود بن محمد بن الحسن بن الحاج عثمان
6544,Maḥmῡd b. Abb,محمود بن أب (؟)
6545,Maḥmῡd b. Aḥmad b. al-Ḥasan,محمود بن حمد بن الحسن
6546,Muḥammad `Abd Allāh b. Aḥmad b. al-Bashīr al-Sūqī,محمد عبد الله بن أحمد بن أحمد السُّوقي
6547,Muḥammad `Abd Allāh b. Aḥmad b. Ṭālib Sīdi Aḥmad al-Kalsuqī,محمد بن عبد الله بن أحمد بن الطالب سيد أحمد الكلسوكي
6548,Muḥammad `Abd Allāh b. Aḥmad Kalsūkī,محمد عبد الله بن أحمد الكلسوكي
6549,Muḥammad Aḥmad b. Aḥmad b. al-Shaykh,محمد أحمد بن أحمد بن الشيخ
6550,Muḥammad Aḥmad b. Muḥammad al-Ṣāliḥ b. Muḥammad b. Muḥammad b. Muḥammad b. Muḥammad Quṭub,محمد أحمد بن محمد الصَّالح بن محمد بن محمد بن محمد بن محمد قطب
6551,Muḥammad al-Amīn b. Abāw al-Raqqādī,محمد الأمين بن أباو الرّقادي
6552,Muḥammad al-Amīn b. Aḥmad al-Jubahī al-Sūqī,محمد الأمين بن أحمد الجبهي السُّوقي
6553,Muḥammad al-Amīn b. Aḥmad b. al-Bashīr al-Sūqī,محمد الأمين بن أحمد بن البشير السُّوقي
6554,Muḥammad al-Amīn b. Aḥmad Kalsūkī,محمد الأمين بن أحمد الكلسوكي (؟)
6555,Muḥammad al-Bakrī al-Saḍīqī al-Asha`rī,محمد البكري الصديقى الأشعري
6556,Muḥammad al-Mukhtār b. Aḥmad al-Ḥabīb al-Maῡjῡbī,امحمد المُخْتار بن أحمد الحبيب المَحْجُوبي
6557,Muḥammad al-Mukhtār b. Muḥammad Amāna b. Aḥmad Bābā al-Tuwātī,محمد المختار بن محمد أمانة بن أحمد بابا التواتي
6558,Muḥammad al-Mukhtār b. Sa`yid al-Yadālī al-Yamānī,محمد المختار بن سعيد اليدالي اليماني (؟)
6559,Muḥammad al-Muṣṭafa b. Muḥammad Fāḍil b. Muḥammad Māmīn al-Shinqīṭī,محمد المصطفى بن محمد فاضل بن محمد مامين الشَّنْقيطي
6560,Muḥammad Awsak b. Muḥammad `Abd Allāh al-Sūqī,محمد أوسك بن محمد عبد الله السُّوقي
6561,Muḥammad b. `Abd al-Laṭīf b. Muḥammad b. `Abd al-Laṭīf b. Hibat Allāh b. `Alī,محمد بن عبد اللَّطيف بن محمد بن عبد اللَّطيف بن هِبة الله بن علي
6562,Muḥammad b. `Abd al-Qādir,محمد بن عبد القادر
6563,Muḥammad b. `Abd al-Wāḥid b. Abī Hāshim al-Zāhid,محمد بن عبد الواحد بن أبي هاشم الزَّاهد
6564,Muḥammad b. `Abd Allāh b. `Abd al-Raḥīm,محمدبن عبد الله بن عبد الرحيم
6565,Muḥammad b. `Abd Allāh b. Aḥmad al-Sūqī,محمد بن عبد الله بن أحمد السُّوقي
6566,Muḥammad b. `Abd Allāh b. Ibrāhīm  al-Lakhmī,محمد بن عبد الله بن إبراهيم اللَّخْمي
6567,Muḥammad b. `Ᾱli b. Muḥammad,محمد بن عالي بن محمد
6568,Muḥammad b. Aḥmad b. `Abd Allāh b. Muḥammad,محمد بن أحمد بن عبد الله بن محمد
6569,Muḥammad b. Aḥmad b. Manṣῡr b. `Isa al-Abshīhī,محمد بن أحمد بن منصور بن عيسى الأبشيهي
6570,Muḥammad b. Aḥmad b. Muḥammad b. Muḥammad al-Mālikī,محمد بن أحمد بن محمد بن محمد المالكي
6571,Muḥammad b. al-`Abbās b. Muḥammad b. `Isa al-`Abbāsī al-Tilimsanī,محمد بن العباس بن محمد بن عيسى العباسي التلمساني
6572,Muḥammad b. al-Ḥasan b. `Alī b. Muḥammad b. Bandār b. Ṭufayl al-Murādī,محمد بن الحسن بن علي بن محمد بن بندار بن طُفَيْل المرادي
6573,Muḥammad b. al-Mukhtār b. `Umar b. Aḥmad b. Muḥammad al-Kuntī,محمد بن المختار بن عمر بن أحمد بن محمد الكنتي
6574,Muḥammad b. al-Ṣāliḥ al-Katāmi al-Shafi`ī,محمد بن صالح الكتامي الشافعي
6575,Muḥammad b. Bād b. Muḥammad Bān b. Muḥammad,محمد بن باد بن محمد بان بن محمد
6576,Muḥammad b. Maghrūz al-Mustaghānamī,محمد بن مغروز المُسْتَغانِمي
6577,Muḥammad b. Mahdī al-Jarāy,محمد بن مهدي الجراي
6578,Muḥammad b. Muḥammad al-Kirkhī al-Shāfi`ī,محمد بن محمد الكرخي الشافعي
6579,Muḥammad b. Muḥammad b. `Abd al-Raḥman b. Muḥammad b.  Abī Bakr b. `Abbāsī,محمد بن محمد بن عبد الرحمن بن محمد بن أبي بكر العباسي
6580,Muḥammad b. Muḥammad b. `Abd Allāh,محمد بن محمد بن عبد الله
6581,Muḥammad b. Muḥammad b. `Abd Allāh b. Bashīr al-Sūqī,محمد بن محمد بن عبد الله بن البشير السُّوقي
6582,Muḥammad b. Muḥammad b. `Abd Allāh b. Bashīr al-Sūqī,محمد بن محمد عبد الله بن أحمد بن البشير الكلسوكي
6583,Muḥammad b. Muḥammad b. `Uthmān b. al-`Arabī,محمد بن محمد بن عثمان بن العريب
6584,Muḥammad b. Muḥammad b. Aḥmad b. Muḥammad al-Mukhtār Idaw `Alī al-Shinqīṭī,محمد بن محمد بن أحمد بن محمد المختار أدو علي الشَّنْقيطي
6585,Muḥammad b. Muḥammad b. al-Wāfī,محمد بن محمد بن الوافي
6586,Muḥammad b. Muḥammad b. Jum`a al-Habaṭī,محمد بن محمد بن جمعة الهبطي
6587,Muḥammad b. Muḥammad Bāba,محمد بن محمد باب
6588,Muḥammad b. Qāsim b. Muḥammad b. `Abd al-Wāḥid al-Fāsī,محمد بن قاسم بن محمد بن عبد الواحد الفاسي
6589,Muḥammad b. Ṣāliḥ al-Kutāmī,محمَّد بن صالح الكُتَامي
6590,Muḥammad b. Shaīḥ b. Aḥmad b. Muḥammad Shaīḥ al-Ru`aynī,محمدبن شُرَيْح بن أحمد بن محمد بن شُرَيْح الرُّعَيْني
6591,Muḥammad b. Yazīd al-Rab`ī al-Qazwīnī,محمدبن يزيد الربعي القزويني
6592,Muḥammad b. Yūsuf b. `Umar b. Sanūsī al-Tilimsānī al-Ḥasanī,محمد بن يوسف بن عمر بن شعيب السَّنوسي التلمساني الحسني
6593,Muḥammad b. Yῡsuf al-Janānī,أبو عبد الله محمد بن يوسف الجناني
6594,Muḥammad Diyāb al-Atlīdī al-Miṣrī,محمد دياب الأتْلِيدي المِصْري
6595,Muḥammad Ibrāhīm b. Muḥammad  Abī Bakr (?),محمد إبراهيم بن محمد بن أبي بكر
6596,Muḥammad Mawlūd b. Aḥmad b. al-Ḥājj `Isa al-Sadāwī,محمد مولود بن أحمد بن الحاج عيسى السداوي
6597,Sa`id b. al-Ḥājj al-Inūkandarī,سعد بن الحاج الأنوكندري
6598,Samnūn b. Muḥammad Baghayogho,سمنون بن محمد بغيغ
6599,Sulaymān al-Jamzūrī,سليمان الجمزوري
6600,Yaḥya b. `Abd al-Raḥman al-Maqdisī al-Qādr al-Shafi`ī,ايحيى بن عبد الرحمن المقدسي القادري الشافعي
6601,Yaḥya b. `Umar al-Qurṭubī al-Dārī,: يحيى بن عمر القرطبي الداري
6602,Yaḥya b. Muḥammad al-Ṭāhir,يحيى بن محمد الطاهر
6603,al-Aṣghar al-Gasālī,الأصغر الغساني
6604,al-Shaykh Ismā`īl,الشيخ إسماعيل
6606,Abῡ `Abd Allāh al-Mahdī,أبو عبد الله المهدي
6607,Mῡsa b. `Ajīl,موسى بن عجيل
6608,Alfā  `Abd al-Raḥman al-Qādirī,ألفا عبدالرحمن القادري
6609,Abῡbakr Mῡsa b. Maḥmῡd al-Tijānī,أبوبكر موسى بن محمود التجاني
6610,Muḥammad al-Sāliḥ b. Muḥammad  Aḥmad,محمد الصالح بن محمد أحمد
6611,Muḥammad al-Yūsufī,محمد اليوسفي
6612,Muḥammad Ghῡryā,محمد غوريا
6613,Satrakawī,ستركوي
6614,Muḥammad Aghān,محمد أغان
6616,Muḥammad b. Muḥammad al-Amīn,محمد بن محمد الأمين
6620,Ghār,غار
6622,Nājim b. `Azīz,ناجم بن عزيز
6625,Bākanghī,باكنغي
6626,Handān b. Kῡkm Iyyji,هندان بن كوكم إيج
6627,Sīdī  Aḥmad b. Ḥamādi al-Tijānī,سيد أحمد بن حمادي التجاني
6629,Muḥammad Dāwud,محمد داود
6630,Aḥmad b. al-Imām,أحمد بن الإمام
6631,al-Khalīf Mahlmad Iyjji,الخليف مهلمد إيج
6632,Alfā  Mawī Sīssī  (Cissé),الفا موي سيسى
6635,Dadab bint Ayῡb al-Madān,ددب إبنت أيوب المدان
6639,al-Ḥasan b. al-Imām Arkī,الحسن إبن الإمام أركي
6640,`Uwīsh,عويش
6647,`Al `Uthmān `Al `Aawad,عل عثمان عل عاود
6649,Yāmī Qatanī,يامي قتني
6651,al-Ḥamad b. Muḥammad,الحمد بن محمد
6652,Nāna Khadīja wife of Muḥammad,نان خديج زوجة محمد
6653,Aḥmad b. Marzῡq al-Ḥallī,أحمد بن مرزوق الحلى
6654,Maḥmῡd b. al-Qayr Muḥammad al-Barik,محمود بن القير محمد البرك
6655,Muḥammad al-Madῡlid Zajallā,محمد المدولد زجلا
6656,Nānā Tātā bint `Abbās,نانا تاتا بنب عباس
6657,al-Ḥājj b.  Kanka,الحاج بن كنك
6658,Nānā Jahir al-Shaykh bint Muḥammad Sharif,نانا جهر الشريفة بنت محمد شريف
6659,Alfā  Sīdī b. Bābīr,ألفا سيد بن بابير
6660,Muḥammad Ṭayfakī b. al-Ḥasan,مجمد طيفكى بن الحسن
6661,`Abd Allāh b. al-Ḥājj `Imrān,عبد الله بن الحاج عمران
6662,Abῡbakr b. al-Fa`  Muḥammad,أبوبكر بن الفع محمد
6663,Bāba al-Ḥājj,باب الحاج
6664,Sīdī b.  Bāybir,سيد بن بابير
6665,Muḥammad b. al-Muṣṭafa b. Alfā  Sālim,محمد بن المصطفى بن الفا سالم
6666,Aḥmayd Washī,أحميد وشى
6667,Nāna Hawī bint Alfā  Maḥmῡd,نان حوى بنت الفا محمود
6668,`Abd al-Raḥman,عبد الرحمن
6669,Fātam Khalīf,فاطم خليف
6671,`Abd Allāh b. Muḥammad b. Mῡdī,عبد الله بن محمد بن مود
6672,Umm Kalthῡm b. Mu`ṭal,أم كلثوم بن معطل
6673,al-Ḥājj b. al-Imām b. Kandāmar,الحاج بن الإمام بن كندامر
6677,Khadija bint al-Kāhī,خديج بنت الكاهى
6678,`Umar b. Bāba b. Alfā  Bubakar,عمربن باب بن ألفا ببكر
6679,`Alī Sharq b. Mawlī Sarmawī b. Bāba,على شرف بن مولي سرموى بن باب
6680,al-Ḥājj b. al-Imām,الحاج بن الإمام
6682,al-Faḍl b. Muḥammad,الفضل بن محمد
6683,Muḥammad Kanī `Atīq Alfā  Bābakar,محمد كنى عتيق الفا بنكان
6684,Nāna Ẓahir bint al-Qādir b. Sīdī `Umar al-Ḥarīshī,نان ظهر بنت عبد القادر بن سيد عمر الحريشي
6685,Muḥammad b. Alfā  `Araf,محمد بن الفا عرف
6686,Sīdī Muḥammad b. Bāba,سيد محمد بن باب
6687,al-Ḥājj  Aḥmad b. al-Ḥājj al-Faḍl,الحاج احمد بن الحاج الفضل
6688,al-Ḥājj Sa`adawī,الحاج سعدوى
6689,Alfā  Muḥammad b. Alfā  al-Mukhtār,الفا محمد بن الفا المختار
6690,Tāta bint `Abd Allāh,تات بنت عبد الله
6691,Mām b. Sīdī al-Makkī,مام بن سيد المكي
6692,Muḥammad al-Marjāzīj,محمد المرجازيج
6693,Muḥammad b. Bubakar,محمد بن ببكر
6694,Fatadkam,فتد كم
6695,Bāba Mas Ayijj,باب مس أيج
6696,Kaygham Maynakn,كيغم مينكن
6697,`Abd al-Raḥīm b. al-Shaykh,عبد الرحيم بن شيخ
6698,Zaynib bint Bāba Alfā  Bubakar,زينب بنت باب ألفا ببكر
6699,`Abd al-Qādir al-Kasmīnī,عبد القادر الكسميني
6700,al-Amīn Shab,الأمين شب
6701,al-Imām Sāq b. al-Ḥājj Sāq,الإمام ساق بن الحج ساق
6702,al-Khayrāwish,الخيراويش
6703,Yamī bint `Abd al-Qādir Jatī,يامي بنت عبد القادر جتى
6704,Yaḥya b. al-Imām Banī,يحي بن الإمام بني
6705,Bāba  Yazid Tarāwarī,باب يا زيد تراوري
6706,Alfā  Karasban b. Muḥammad,الفا كرسنب بن محمد
6709,Muḥammad b. al-Mukhtār b.  Aḥmad,محمد بن المختار بن احمد
6710,Abῡ Bakr b. Bad al-Șalagha,ابوبكر بن بد الصلغ
6711,Sīdī Muḥammad Muḥammad b. Bābā,سيد محمد محمد بن بابا
6713,`Abd al-Raḥman b. Sīdī `Alī  b. Sīdī,عبد الرحمن بن سيد على بن سيد محمد
6714,al-Ḥājj Bulqāsim,الحاج بلقاسم
6715,Madawī,مدوي
6717,Bayd Sharaf,بيد شرف
6720,Anbārik Banhasī,أنبارك بنهسي
6721,Sīdī Mῡlāy Sinbayru,سيد مولاي سنبير
6722,Arzuqa umm wuld  Sanmawī al-Ḥājj,أرزقة أم ولد سنموى الحاج
6723,Muḥammad b. Alfā  Bankānῡ,محمد بن الفا بنكانو
6724,Sa`ād  Alfā  Bankānῡ,سعادة الفا بنكانو
6729,Nāna Mawlī bint `Abd Allāh al-Fā'id,نان مولي بنت عبد الله القائد العلوجتتي
6730,al-Mukhtār b. Shaykh,المختار بن شيخ
6731,Abῡbakr b. Muḥammad b. Banakānῡ,أبوبكر بن محمد بن بنكانو
6732,`Alī b. al-`Ᾱqib,علي بن العاقب
6733,al-Faḍl b. Muḥammad Sīdī Iyijj,الفضل بن محمد سيد إيج
6734,Muḥammad b. Maḥmῡd,محمد بن محمود
6736,Bani b. Kār,بني بن كار
6739,al-Imām b. Kanad [Kandāmar?],الإمام بن كند
6740,`Ᾱ'isha Jāriyya Bulqāsim,عائشة جارية بولقاسم
6741,Muḥammad Abῡ Bakr b. al-Ḥājj Muḥammad al-Tuwātī,محمد أبوبكر بن الحاج محمد التواتي
6742,Khadīja,خديج
6743,Shaykh al-Ḥājj,شيخ الحاج
6744,Muḥammad al-Manshῡra,محمد المنشورة
6745,Ṭanab al-Imām Banī,طنب الإمام بني
6747,Bābakr Namib,ببكر نمب
6749,Nāna Ḥafiṣa,نان حفصة
6750,al-Muqaddam al-Fāmawī al-Kāhī,المقدم الفاموى بن الكاهى
6751,Alfā  Bāba b.  Aḥmad,الفا باب بن أحمد
6754,Muḥammad Kῡrīsī,محمد كوريسى
6755,Mῡsa b. Satbal,موسى بن ستبل
6756,Ibn Bāba Yāzīd,ابن باب يازيد
6757,Sa`ād Umma Alfā  Bankānῡ,سعاد أمة الفا بنكانو
6758,Arzuqa umm wuld  Bilqāsim al-Waghlānī,أرزقة أم ولد بلقاسم الوغلانى
6759,`Araf bint Dagham,عرف بنت دغم
6764,`Abd Allāh Shīshī b.  Aḥmad Shīshī,عبد الله شيشى بن أحمد شيشى
6765,Mukhtār Baghayogho b. Muḥammad al-Amīn,مختار بغيغ بن محمد الأمين
6766,Tābῡtῡ,نابوتو
6767,Imām Ismā`īl b. Imām Muḥammad,امام اسماعيل بن امام محمد
6768,Kamī` Dabtῡ wa Marīm Dabtῡ,كميع دبتو ومريم دبتو
6770,al-Muṣṭafa b. `Uthmān b. Muḥammad,المصطفى ابن عثمان بن محمد
6773,Sālam Buwaj,سالم بوج
6774,`Abd b. Yῡsuf,عبد بن يوسف
6775,`Alī b. Sīdī Muḥammad b. Muḥammad al-Ṭāhir,عال بن سيد محمد بن محمد الطاهر
6776,al-Sanῡsī Yār,السنوسى يار
6777,`Alī  Rananak,علي رننك
6778,Handān Arzuq Iyyji,هندان ارزق ايج
6779,Amīr,أمير
6780,Maḥmῡd ibn Ma` Falik and  Aḥmad b. Bāba Lamin Amir Sukru,محمود ابن مع فلك واحمد بن بابا لامين أمير سكر
6781,al-Bakkā'ī b.  Aḥmad,البكاي بن احمد
6782,Abῡ `Abd Allāh al-Gharshī,أبو عبد الله الغرشي
6783,Mu`ādh b. Jabal,معاذ بن جبل
6786,Șāliḥ b. Muḥammad al-Bashīr,صالح بن محمد البشير
6788,al-Shaykh Maḥī al-Dīn Abi Ḥāzim,الشيخ محي الدين أبي حازم
6789,al-Ṭayīb b. Mālik,الطيب بن مالك
6790,`Abd al-Raḥman b. Masu`ῡd,عبد الرحمن بن مسعود
6791,Abῡ `Abd Allāh b. Sīd Muḥammad,أبو عبد الله بن سيد محمد
6793,Abῡ `Abd Allāh Muḥammad b. `Ᾱmar,أبو عبد الله محمد بن عامر
6794,Muḥammad b.  Aḥmad,محمد بن أحمد
6796,Muḥammad al-`Ᾱqab b. Sīdī Muḥammad,محمد العاقب بن سيد محمد
6797,Aḥmad b. al-Sāliḥ,أحمد بن الصالح
6798,Bāba Darāmī,باب درامي
6799,Sīdī `Abd Allāh b. `Abbās,سيد عبد الله بن عباس
6802,Sa`d Abῡh,سعد أبوه
6803,Būakyī,بوكي
6805,Abῡ `Abd Allāh b. Mālik al-Da'ī,أبو عبد الله بن مالك الضائي
6806,Ka`ab al-Akhbār,كعب الأخبار
6807,Muḥammad al-Amīn b. al-Tālib Sīdī  Aḥmad,محمد الأمين بن الطالب سيد أحمد الغلسوكي
6809,Yad b. Shu`ab b. Bῡda al-Ghallānī,يد بن شعب بن بوض الغلاني
6810,Sīdī b. `Abd al-`Azīz,سيد بن عبد العزيز
6811,Aḥmad b. Bāba b.  Alfā  Abῡ Bakr,أحمد بن باب بن الفا أبي بكر
6812,Abῡ Bakr b. Abῡ al-Qāsim,أبي بكر بن أبى القاسم
6813,Nānā Bankānῡ wife of `Uthmān b. Shaykh,نانا بنكانو زوجة عثمان بن شيج
6814,Fāṭama bint al-Ḥājj,فاطم بنت الحاج
6815,al-Ḥājj Shaykh b. `Umar Sarkī,الحاج شيخ بن عمر سركي
6816,`Alī b. Surmawī Bāba Iyyj,علي بن سرموي باب إيج
6817,Muḥammad b. al-Ḥasan Sīdī Kayyī,محمد بن الحسن سيد كي
6818,Khadīja Tūrī,خديجة تورى
6820,Nāna bint al-Imāmī,نان بنت للإمامبي
6821,Sāliḥ b. Maghayā,صالح بن مغيا
6822,Arzuqa umm wuld al-Ḥājj Bilqāsim al-Waghlānī,أرزقة أم ولد الحاج بالقاسم الوغلاني
6823,Muḥammad Baghayogho b. Alfā  Wangarī,محمد بغيغ بن الفا وانغر
6824,Muḥammad b. `Abd Allāh b. Aḥmayd Atha,محمد بن عبد الله بن أحميد اث
6825,Umm bint Māli,أم بنت مال
6826,Alfā  Bāba and `Ᾱysha bint al-Imām al-Alfā,الفا باب وعايش بنت الإمام الفا
6827,Abῡ al-Qāsim b. Abῡ Bakr,أبى القاسم بن ابي بكر
6829,Kanab `Atīqa Alfā  Bankān,كنب عتيقة الفا بنكان
6830,Umm bint al-Shaykh Mu`tal,أم بنت الشيخ معطل
6831,Lāll Sufiyya bint Mῡlāy `Abd al-Raḥman,لال صفية بنت مولاي عبد الرحمن
6832,`Alī b. al-Imām,علي بن الإمام
6841,Alfā  `Uthmān b. Sulaymān,الفا عثمان بن سليمان
6842,Abῡ Bakr b. Nῡh,ابي بكر بن نوح
6843,`Umar b. Bāba,عمر بن باب
6844,Alfā  `Alī b. al-Imām,الفا علي بن الإمام
6845,Sīdī Muḥammad b. Bāybīr,سيد محمد بن بابير
6847,Ḥamma b. Ramḍān b. Mῡsa,حم بن رمضان بن موسى
6848,`Abd al-Raḥman b.  Yaktalaf b.  Aḥmad al-Khāzārī,عبد الرحمن بن يختلف بن أحمد الخازاري
6850,Muḥammad al-`Abdawī al-Tūnisī,محمد العبدوي التونسي
6851,al-Shaykh Muḥammad al-`Irāq,الشيخ محمد العراق
6852,Abū Bakr Dukuri,أبو بكر دكر
6853,Inda Lamīn Sīssī  (Cissé),اند لمين سيسي
6855,Jaʿfar b. Muḥammad al-Ṣādiq,جعفر بن محمد الصادق
6856,Kula b. Muḥammad Kula,كل بن محمد كل
6857,Mālāmīn Tankarara,مالامِن تنكر
6858,Jaylān b. al-Madān,جيلان بن المدان
6859,Yūsuf Sāniq,يوسف سانق
6860,Mashhūd b. Anbār,مشهود بن أنبار
6861,Aba ʿAlī b. Bahaik,أب علي بن بهيك
6862,Aḥmad b. Muḥammad,أحمد بن محمد
6863,Ḥamād b. `Urwah,حماد بن عروة
6864,Abū Bakr b. Muḥammad b. Ab ī ‘Alaywī,أبو بكر بن محمد بن أبو عليوي
6865,ʿAlī b. Ibrāhīm,علي بن إبراهيم
6866,Abū Bakr Kabas,أبي بكر كبس الملقب ببغر كبس
6867,Aḥmad b. al-Sayyid,أحمد بن السيد
6868,Aba b. Bāba,أب بن باب
6869,Yusuf b. al-Kunti,يوسف بن الكنتي
6871,ʿAbd al-Qādir al-Jīl b. Zayn,عبد القادر الجيل بن زين
6874,Mūlāy Aḥmad b. Mūlāy ʿAbd Allāh al-Salām,مولاي أحمد بن مولاي عبد الله السلام
6875,Ādam Tarawarī b. Abī Bakr,آدم تروري بن أبي بكر
6876,Sayyid Muḥammad al-Khazūbī,سيد محمد الخزوبي
6877,Kājanafū b. Abī Bakr,كاجنفو بن أبو بكر
6878,Handān b. ‘Arafa,هندان بن عرف
6879,al-Bashīr b. Muḥammad Ḥama,البشير ابن محمد حم
6880,al-Ḥasan Maḥaman,الحسن محمن
6881,Muḥammad b. Maḥmūd b. 'Āl,محمد بن محمود بن آل
6882,Kabzīz Mīk,كبزيز ميك
6883,Alfā `Uthmān b. Alfā al-Bukhārī,ألفا عثمان بن ألفا البخاري
6884,Kamāndū,كماندو
6885,Sīdī Aḥmad b. Sultān al-Arawānī,سيد أحمد بن سلطان الأرواني
6886,Sayyid Muḥammad b. Nāṣir,سيد محمد بن ناصر
6887,Mūsā,موسى
6888,Ibrāhīm Ta‘afī,إبراهيم تعفي
6889,Alfā ʿUmar,ألفا عمر
6890,Muḥammad Kaykumana,محمد كيكمن
6891,Muḥammad al-Faqq b. Muḥammad Ibrāhīm,محمد الفق بن محمد إبراهيم
6892,Baqāsim b. Muḥammad,بقاسم بن محمد
6893,Shu‘ayb b. Jaykīna,شعيب بن جيكين
6894,ʿUmar Jaytī,عمر جيتي الملقب بفاروق جيتي
6895,al-Imām b. ʿAlī b. Muḥammad Dāwūd,الإمام بن علي بن محمد داود
6896,Bā Būnūyabitī,با بنويبتي
6897,Babā Tarawarī,ببا تروري
6898,Qawsh,قوش
6900,Ṣiddīq Tarawarī,صديق تروري
6901,`Abd al-Wahhāb Dakarī,عبد الوهاب دكري
6902,Zayn al-`Ᾱbidīn in Jenne,زين العابدين في جني
6903,al-Shaykh Kulubali,الشيخ كلبل
6904,Māma Yaknī Bīnatimi,مام يكني بينتم
6905,Sa`d b. Muḥammad,سعد بن محمد
6906,Muḥammad b.  Tarawārī,محمد ترواري
6907,Tanam,تنم
6908,ʿUmar b. Aḥmad Bābā,عمر بن أحمد بابا قاضي تنبكت
6909,Muḥammad al-Sharak,محمد الشرك
6910,Aḥmad b. Aḥmad Bābā,أحمد بن أحمد بابا
6911,Ṭālib `Uthmān b. al-Ḥabīb al-Walātī,طالب عثمان بن الحبيب الولاتي
6912,Mukhtār Tāl,مختار تال
6913,Karamughu Ṣamārī b. Bāba Ṣamārī,كرمغ صماري بن باب صماري
6914,Jibrīl ʿAbd al-Qādir,جبريل عبد القادر
6915,Mu'min Maḥama,مومن محم
6916,Ibn `Awan al-Tuwātī,ابن عون التواتي
6917,al-Shaykh b. al-Shaykh,الشيخ بن الشيخ
6918,Muḥammad Ṭinbu b. Ṣāḥib Balad Ghumitughu,محمد طنب ابن صاحب بلدغمتغ
6921,ʿAbd Allāh b. Abī Bakr,عبد الله بن أبي بكر
6922,al-Shaykh Aḥmad Ḥama Sal,الشيخ أحمد حم سل
6923,Maḥmud al-Sātirī,محمود الساتري
6924,Maḥam,محم
6925,al-Imām b. ʿUthmān,الإمام بن عثمان
6926,al-Hājj Mawrī Sīssī  (Cissé),الحاج موري سيسي
6927,Ḥabīb Alfā Nūḥ Nawarī,حبيب الفا نوح نوري
6928,Ṣīytā b. Sayyid Muḥammad Maytā,صيتا بن سيد محمد ميتا
6932,Muḥammad Yatara,محمد يتر
6933,ʿArafa b. al-Qabd Bābā Kān,عرف بن القبد بابا كان
6934,Bābir Bālif,بابر بالف
6935,Yūsuf Kamiyan,يوسف كمين
6936,Abāba b. al-Bakī,أباب بن البكي
6937,Abū al-Ḥasan b. ʿAbd al-Qayy,أبو الحسن ابن عبد القي
6942,ʿAbd Allāh b. Alfā Abī Bakr Karbintā,عبد الله بن الفا أبو بكر كربنتا
6943,al-Amīr Shaykh b. al-Amīr Hasay Aḥmad and al-Faqīh Muḥammad Tinanka and Alfā May and al-Ḥusayn Hasay and Aba b. al-Amīr Ismāʿīl,الأمير شيخ بن الأمير هسى أحمد والفقيه محمد تننك والفا مى والحسين هسى واب بن الأمير إسماعيل
6944,Muḥammad Kallī b. Nūḥ,محمد كلي ابن نوح
6946,Ḥawā Safā,حوى سفا
6947,Aḥmad b. Māma,أحمد بن مام
6948,Wawū Rabb al-Ḥāj b. Maḥmūd,ووو رب الحاج بن محمود
6950,al-Ḥāj Qama b. ʿAbd Allāh,الحاج قم بن عبد الله
6951,Muḥammad Muntaqā Tāl,محمد منتقى تال
6953,Karim,كرم
6954,Ibrāhīm b. al-Qāsim,إبراهيم بن القاسم
6955,al-Qāḍī al-Ṭālib Sulaymān,القاضي الطالب سليمان
6956,Mūdibu Sāl,مودب سل
6957,Sayyid b. Mulāy Ḍaybī,سيد بن مولاي ضيبى
6958,Māma Sī,مام سيي
6959,Muḥammad Taqī Allāh al-Qāḍī,محمد تقي الله القاضي
6963,Muḥammad al-Amīn b. Fῡdī,محمد الأمين بن فودي
6964,al-Shaykh al-Fῡdī,الشيخ الفودي
6965,Muḥammad Safana b. Fūdī Shaykhunā Safana,محمد سفن بن فودي
6966,Abῡ al-`Abbās b. `Umar al-Ḥasanī,أبي العباس بن عمر الحسنى
6967,Aḥmad b. Muḥammad al-Ḥasanī,أحمد بن محمد الحصاني
6968,Sīdi `Alī b. al-Ḥabīb al-Jakani,سيد عال بن الحبيب الجكني
6969,Jābar b. `Abd Allāh al-Anṣārī,جابر بن عبد الله الأنصاري
6970,`Abd al-Raḥman b. al-Mukhtār al-Anṣārī,عبد الرحمن بن المختار الأنصاري
6971,Zayd al-`Ᾱbidīn b. Sīdi al-Mukhtār al-Kuntī,زيد العابدين بن الشيخ سيد المختار الكنتي
6972,Sīdi Zayān Bāba Aḥmad al-Kuntī,سيد زيان باب أحمد الكنتي
6973,Sīdi `Umar b. Bāba Aḥmad al-Kuntī,سيد عمر بن باب أحمد الكنتي
6974,Aḥmad b. Abῡ Bakr ibn Aḥmad al-Kuntī,أحمد بن أبي بكر ابن أحمد الكنتي
6975,Nῡḥ Kuntī,نوح كنتي
6976,`Abd Allāh b. al-Bakkā'ī b. al-Mukhtār,عبد الله بن البكاي بن كنان المختار الكنتي أزوادي
6977,Muḥammad al-Fāsī,أبو الحسن محمد الفاسي
6978,`Abd al-Qādir al-Fāsī,عبد القادر الفاسي
6979,Aḥmad Zarrῡq al-Fāsī,أحمد زروق الفاسي
6980,Naṣr al-Dīn al-Dar`ī,ناصر الدين الدرعي
6981,al-Qā'id Yaḥya al-Dar`ī,القائد يحيى الدرعي
6982,Aḥmad b. `Umar al-Mālikī,أحمد بن عمر المالكي
6984,`Abd al-Raḥman al-Suyῡṭī al-Shāfi`ī,عبد الرحمن السيوطي الشافعي
6985,Alfā Suyῡṭī,ألفا السيوطي
6986,Alfā Sin b. Muḥammad al-Suyῡṭī,ألفا سن بن محمد السيوطي
6987,Aḥmad al-Shādhilī,أحمد الشاذلي
6988,Muḥammad al-Bukhārī,محمد البخاري
6989,Muḥammad b. `Abd Allāh b. Sa`īd al-Basrī,محمد بن عبد الله بن سعيد البصري
6990,`Alī al-Ḥasan al-Baṣrī,على الحسن البصري
6991,Shaykh Abῡ Bakr al-Walātī,للشيخ أبي بكر الولاتي
6992,al-Ḥājj Amīs b. Sīdi Aḥmad,الحاج أميس بن سيد أحمد
6993,al-Mawlūd al-Shinqītī,الملود الشنجيطي
6994,Aḥmad Sal al-Kindī,أحمد سل الكندي
6995,al-Ḥanafī,الحنفي
6998,Muḥammad b. `Abd Allāh b. Su`ād al-Fῡtī,محمد بن عبد الله بن سعاد الفوتي
7005,Muḥammad Bājī,محمد الباجي
7006,Shaykh Aḥmad al-Tijānī,الشيخ أحمد التجاني
7008,Aḥmad b. Muḥammad al-Tijānī,أبو العباس أحمد بن محمد التجاني
7009,Yaḥya b. al-Imām Bābā Yῡnis al-Tijānī,يحيى بن الإمام بابا يونس التيجاني
7010,Muḥammad al-Amīn b. al-Tijānī,محمد الأمين بن التجاني
7012,al-Ḥājj Muḥammad al-Sudānī al-Tijānī,الحاج محمد السوداني التجاني
7013,al-Qāḍī Muḥammad b. al-Qāḍī Muḥammad al-Kābari,القاضي محمد بن القاضي محمد  الكابري
7015,Abῡ Muḥammad b. Maḥmῡd b. Muḥammad al-Amīn al-Janāwī,أبو محمد بن محمود بن محمد الأمين الجناوي
7016,Muḥammad b. al-Maḥmῡd al-Marrākashī,محمد بن المحمود المراكشي
7017,"Aḥmad b. Abῡ Bakr ""Marīrī Fāmantā "" al-Qādiri al-Zaghāwī",أحمد بن أبو بكر المعروف بمريري فامنتا القادري الزاغوي
7019,Aḥmad b. Șabīr al-Fulānī,أحمد بن صبير الفلانبي
7020,Muḥammad al-Bashīr b. Muḥammad al-Amīn b. Ḥamād al-Sanῡsī al-Fulānī,محمد البشير بن محمد الأمين بن حامد السنوسي الفلاني
7021,Muḥammad al-Faqīh b. Muḥammad Ibrāhīm al-Fulānī,محمد الفقيه بن محمد إبراهيم الفلاني
7022,Abāt b. al-Mukhtār b. `Abd al-Bāqī,أبات بن المختار بن عبد الباقي
7023,`Umar b. Muḥammad b. al-Șidīq b. Muḥammad al-Nāṣirī,عمر بن محمد بن الصديق بن محمد الناصري
7024,`Umar al-Nāṣirī,عمر الناصري
7025,Yaḥya Tῡrī,يحيى توري
7026,Bābā Ṭῡrī,باب طوري
7027,al-Muṣṭafa Tῡrī b. Alfā Mῡsa Tῡrī,المصطفى توري بن ألفا موسى توري
7028,Bāba al-Hādī b. al-Maqām Tūrī,باب الهادي بن المقام توري
7029,Sīdi Muḥammad b. `Abd Allāh al-Sūqī,سيد محمد بن عبد الله السوقي
7030,al-Shaykh Muḥammad b. Aḥmad Sinbīr (Sinbayru),الشيخ محمد بن أحمد سنبير
7031,Muḥammad b. Sīdi al-Wafī b. Sinbayru al-Arawānī,محمد بن سيد الوافي بن سنبير الأرواني
7032,`Alī b. Aḥmad al-Arawānī,عال بن أحمد الأرواني
7033,Muḥammad b. Muḥammad Ibrāhīm b. Abῡ Bakr b. Aḥmad Dukān al-Arawānī,محمد بن محمد إبراهيم بن أبي بكر بن أحمد دكان الأرواني
7034,Muḥammad b. Muḥammad b. Muḥammad Bir al-Arawānī,محمد بن محمد بن محمد بر الأرواني
7035,Muḥammad b. Aḥmad b. `Umar al-Arawānī,محمد بن أحمد بن عمر الأرواني
7036,al-Shaykh Abῡ Bakr al-Tuwātī,الشيخ أبو بكر التواتي
7037,Abῡ `Abd Allāh b. Sa`īd al-Sanῡsī,أبو عبد الله بن سعيد السنوسي
7038,Sīdi Muḥammad al-Șāliḥ b. Muḥammad al-Shaykh al-Kuntī al-Sūqī,سيد محمد الصالح بن محمد الشيخ الكنتي السوقي
7039,al-Imām b. Abῡ Bakr Kalabī,الإمام بن أبي بكر كلبي
7040,al-Shaykh al-Yūnusī,الشيخ اليونسي
7041,Aḥmad b. al Ḥasan Aḥmad Baghayogho al-Wangharī,أحمد بن الحسن بن أحمد بغيغ الونغري
7042,Jārra (Diarra) Maghibī,جار مغبي
7044,al-Muṣṭafa b. Aḥmad b. al-Tishītī al-Halīj al-Maghribī,المصطفى بن أحمد بن التشيتي الحليج المغربي
7045,Aḥmad b. Aḥmad al-Māsinī,أحمد بن أحمد الماسني
7046,al-Imām al-Mahdī,الإمام المهدي
7047,Sīdi Muḥammad al-Badawī,سيد محمد البدوي
7048,Bābā b. All b. al-Ma'lūm a-Nu‘umī,بابا بن آل بن المعلوم النعمي
7049,Muḥammad al-Amīn b. al-Imām al-Suyῡṭī,محمد الأمين بن الإمام السيوطي
7052,al-Ḥājj Bābā b. Muḥammad Baghayogho,الحاج بابا بن محمد بغيغ
7053,`Uthmān Baghayagho,عثمان بغيغ
7054,`Umar Sīssī (Cissé),عمر سيسي
7055,al-Ḥājj Bāba Sīssī (Cissé),الحاج باب سيسي
7056,Ḥawa Ḥafs bint Bāba Sīssī (Cissé),حوى حفص بنت باب سيس
7057,Sīssī (Cissé),سيسي
7059,Muḥammad al-Muṣṭafa b. Al al-Inūkandarī,محمد المصطفى بن آل الأنوكندري
7060,Alfā `Umar b. Muḥammad al-Ghallānī,الفا عمر بن محمد الغلاني
7061,Ḥamada Dukuri,حَمدَ دُكُرِ
7062,Fāṭima bint Ṣiddīq Tarāwarī (Traoré),فاطمة بنت صديق تروري
7063,Māma Tarāwarī (Traoré),مام تراوري
7064,al-Ḥājj Ᾱdam Tarāwarī (Traoré),الحاج آدم تراوري
7065,`Afī `Alī Tarāwarī (Traoré),عفى على تراوري
7066,al-Shaykh Tarāwarī (Traoré),الشيخ تراوري
7067,Ṣiddīq b. Ibrāhīm Tarāwarī (Traoré),صديق بن إبراهيم تراوري
7068,`Umrān Tarāwarī  (Traoré),عمران تراوري
7069,al-Ḥasan Tarāwarī (Traoré),الحسن تراوري
7070,Hādī Tarāwarī (Traoré),هادي تراوري
7071,Bidālad Tarāwarī (Traoré),بدالد تراوري
7072,Ᾱdam Tarāwarī (Traoré),آدم تراوري
7073,Isma`īl Tarāwarī  (Traoré),إسماعيل تراوري
7074,Isma`īl b. Alfā `Uthmān Tarāwarī (Traoré),إسماعيل بن ألفا عثمان تراوري
7075,Muḥammad Tarawalī (Traoré),محمد ترولي
7076,Muḥammad Tarāwarī (Traoré),محمد تراوري
7078,Māma Tarāwarī (Traoré) and Kurtum Fāṭim and Bāba Tankarā,مام تروري وكرتم فاطم وباب تنكرى
7079,Sulaymān Tarāwarī (Traoré) ibn Kara Tarāwarī (Traoré),سليمان تروري ابن كر تروري
7080,`Abd Allāh Bāba Tarawarī (Traoré),عبد الله باب تروري
7081,Kuru Tarāwarī (Traoré),كُرُ تروري
7082,Alfā Muy Tarawarī (Traoré),ألفا مي تروري
7083,Aḥmad b. Bubakr `Amūshī,أحمد بن ببكر عموشي
7084,Abῡ Bakr Muḥammad b. `Alī b. Muḥammad b. al-`Arabī al-Fāsī,أبو بكر محمد بن علي بن محمد بن العربي الفاسي
7085,Abῡ Bakr Muḥammad al-Aḥmadī al-Ṭūbawī,أبو بكر محمد الأحمدي الطوبوي
7086,`Alī b. Masrūq al-Anmāṭī,أبو الحسن علي بن مسروق الأنماصي
7087,Aḥmad b. al-Kisāy,أحمد بن الكساي
7088,Abū Yūnus al-Maḥṭūnī,أبو يونس المحطوني
7089,Muḥammad b. Abī al-Khayr al-Maṣrānī,محمد بن أبي الخير المصراني
7090,Abῡ al-`Abbās al-Nasbī,أبو العباس النسبي
7092,Muḥammad b. Ibrāhīm al-Qurayshī,محمد بن إبراهيم القريشي
7093,‘Alī b. ‘Abd Allāh al-Ṭawāshī,على بن عبد الله الطواشي
7094,al-Bashīr Șafiyah al-Tūzūrī al-Zaytūnī,البشير صفيه التوزري الزيتوني
7095,al-Ḥājj al-Zanjawī al-Kasanmī,الحاج الزنجوي الكسنمي
7096,Shaykh b. Muḥammad Bābī,سيخ بن محمد بابي
7097,al-Sharīf Mῡlāy `Abd Allāh b. Mῡlāy A`lī al-Sharīf Balfītī,الشريف مولاي عبد الله بن مولاي اعلى الشريف البلفيتي
7098,Kalfārnī Darābī (from bilad Fānā),كلفارني درابي من بلد فانا
7099,`Atad Māma Kulikī,عتد مام كلكي
7100,Yaḥya b. al-Imām Sataraī,يحيى بن الأمير سترى
7104,Babābā Sūsī,ببابا سوسى
7105,Aḥmad b. al-`Arabī,أحمد بن العربي
7106,Abῡ Bakr al-`Arabī,أبو بكر العربي
7107,Maḥmῡd al-`Urtῡnī,محمود العرتوني
7108,Muḥammad b. `Abd Allāh Sa`ād al-Dīllī,محمد بن عبد الله سعاد الديلي
7109,Muḥammad b. Alfā Ibrāhīm al-Farshī,محمد بن ألفا إبراهيم الفرشي
7110,Sīdi Yaḥya b. al-Ḥājj Mῡlāy al-Hādī,سيد يحيى ابن الحاج مولاي الهادي
7111,Aḥmad al-Sābuway al-Jalalī al-Șanbiyātī,أحمد السابوي الجللي الصنبياتي
7113,Abῡ Bakr b. Yaḥya `Ᾱṣim al-Kharṭūsī,أبو بكر بن يحيى عاصم الخرطوسي
7114,al-Shaykh Uwyas al-Qarnī,الشيخ أويس القرني
7115,Aḥmad b. Ibrāhīm al-Qawsī,أحمد بن غبراهيم القوسي
7116,Maḥmῡd al-Qurayshī,محمود القريشي
7117,Abῡ Bakr al-Sam`ānī,أبو بكر السمعاني
7118,al-Shanbakī,الشنبكي
7119,al-Qāḍī Muḥammad b. Mu`ammar al-Sunsudī,القاضي محمد بن معمر السنسدي
7120,`Aīsha Bankān bint Bāmawī,عيش بنكان بنت باموي
7121,al-Shaykh Baramā Bāmī,الشيخ برما بامي
7122,Ibrāhīm Darābī b. Bābā Darābī,إبراهيم درابي بن بابا درابي
7123,al-Șāliḥ b. Aḥmad Dīdi,الصالح بن أحمد ديد
7124,Frāmū Ḍrāmī,فرامو درامي
7125,Muḥammad Dukῡrī,محمد دكوري
7126,Alfā `Īsa Dunbarī,ألفا عيسى دنبري
7127,Faraj Gharadī,فرج غردي
7128,Muḥammad al-Sharīf Ḥaīdarawī,محمد الشريف حيدروي
7129,Muḥammad b. Hawī,محمد بن هوى
7130,Bā ‘Alī Kanābī,با علي كنابي
7131,Zanyb bint Kῡrukī,زينب بنت كوركي
7132,Abῡ Bakr Mughanī,أبو بكر مغني
7133,Aḥmad Nādī,أحمد نادي
7134,Abῡ Bakr Șamārī,أبو بكر صماري
7135,Bābā Santāwī,بابا سنتاوي
7138,Tinin Ᾱmina Samārī,تنن آمنة سماري
7139,Imām  Ṣamārī,الإمام صماري
7140,Ibrāhīm Șῡri,إبراهيم صور
7141,Mῡsa Wākī,موسى واكي
7142,Sīdi Yaḥya Yabātī,سيد يحيى يباتي
7143,al-Mukhtār b. al-Mahīb,المختار بن المهيب
7144,al-Shaykh Afzdī,الشيخ أفزدي
7145,`Alī b. Muḥammad,علي بن محمد
7146,Ibn Dāuwd,بن داود
7147,al-Ḥāfiẓ Abῡ Bakr,الحافظ أبو بكر
7148,Abῡ al-Maḥfῡẓ,أبو المحفوظ
7150,`Abd al-Wāḥid al-Ta`āl,عبد الواحد التعال
7151,al-Shaykh `Abd Allāh,الشيخ عبد الله
7158,`Abd Allāh b. Mubārik,عبد الله بن مبارك
7159,Abū `Umar b. `Uthmān Marzūq,أبو عمر بن عثمان مرزوق
7160,Muḥammad b. Ja`far b. Muḥammad al-Ṣādiq,محمد بن جعفر بن محمد الصادق
7161,Muḥammad Bābā b. Muḥammad b. Muḥammad,محمد بابا بن محمد بن محمد حبيب حامد
7162,Abῡ Zakariyyā b. `Uthmān,أبي زكريا بن عثمان
7163,al-Shaykh Muḥammad Banba/Bamba,الشيخ محمد بنب
7165,al-Shaykh Aḥmad b. al-Falak,الشيخ أحمد بن الفلك
7166,al-Shaykh Barkanī Talaf,الشيخ بركني تلف
7168,`Abd Allāh b. Sīdi Maḥmῡd,عبد الله بن سيد محمود
7169,al-Shaykh al-Rawḍa (from al-Munawara),الشيخ الروضة بالمدينة المنورة
7173,`Umar b. `Abd al-`Azīz,عمر بن عبد العزيز
7177,al-Imām al-Rātib,الإمام الراتب
7178,al-Qāḍī Abῡ `Abd Allāh b. Aḥmad,القاضي أبو عبد الله بن أحمد
7180,al-Sayyida Raḥma,السيدة رحمة
7181,Ibn `Umar `Alī,ابن عمر علي
7183,Shahāb al-Dīn,شهاب الدين
7185,al-Ḥājj b. Yῡsuf,الحاج بن يوسف
7186,Ibn Shaykh al-Mukhtār,ابن الشيخ المختار
7187,Bawā Jāb,بوا جاب
7188,Ibrāhīm Ᾱdham,إبراهيم بن أدهم
7189,Muḥammad b. Aḥmad,محمد بن أحمد
7190,al-Khansā Ṭarafa,الخنساء طرفه
7191,Muḥammad b. `Atīq,محمد بن العتيق
7192,`Abd Allāh b. Muḥammad,عبد الله بن محمد
7193,`Abd Allāh b. Sharḥabīl,عبد الله بن شرحبيل
7194,Ibn Muḥammad Sālim,ابن محمد سالم
7196,`Abd al-Raḥman b. Muḥammad al-Șaghīr,عبد الرحمن بن محمد الصغير الأخضر
7198,al-Ḥasan b. `Alī,الحسن بن علي
7200,Ibrāhīm b. `Uthmān,إبراهيم بن عثمان
7201,Aṣma`ī,الأصمعي
7202,Ḥima b. Ramaḍān,حم بن رمضان
7204,`Umar Bābā b. Alfā Bābā,عمار بابا بن ألفا بابا
7205,Muḥammad b. Ḥamῡd b. `Īsa,محمد بن حمود بن عيسى
7206,al-Ḥājj Ma`ama Tanafῡ,ألج معم تنفو
7207,Bῡbakr Siniyyin,بوبكر سنيين
7208,Hamsirī Fāmanta,همسري فامنت
7209,Muḥammad Mawlῡd b. Aḥmad,محمد مولود بن أحمد
7210,Bā Maygha,با ميغ
7211,Nāna Bīr bint Bāba b. Alfā Bubakr,نان بير بنت باب بن ألفا ببكر
7212,Khadīja Fῡnnī bint Bāba,خديجة فوني بنت باب
7213,Abubakr Kuama,أبيكر كمى
7214,Māma Kῡtῡbī Alfā Mῡsa,مامُ كوتوا بي ألفا موسى
7215,Kaykman,كيكمن
7216,Ibrāhīm Sayῡ (in the land of Kantar),إبراهيم صيو في بلد كنتر
7217,Alfā Sālim b. Maḥmῡd,ألفا سالم بن محمود
7218,Ibrāhīm b. Aḥmad b. Muḥammad al-Amīn,إبراهيم بن أحمد بن محمد الأمين
7219,Mῡsa Bāllu,مسي بال
7220,Saghīr,صغير
7221,Kuyukaman and Ibrāhīm Kuyukaman,كيكمن وإبراهيم كيكمن
7223,Maḥam Jirrā (Diarra),محم جرا
7224,al-Ḥājj Șinlā b. Muḥammad Șinlā,الحج صنلا بن محمد صنلا
7225,`Ᾱy'sha Ghasab,عائشة غسب
7226,Ibrāhīm Qātā,إبراهيم قاتا
7227,al-Ḥusayn Ṭimi,الحسين طم
7228,Bābā Mῡlāy Bubakr,بابا مولاي ببكر
7229,al-Ḥabīb b. Mbārik,الحبيب بن امبارك
7230,Mῡd ibn Jārra (Diarra),مود ابن جار
7231,al-Sālik b. Muḥammad,السالك بن محمد
7232,Ḥabīb Allāh b. Ḥamād,حبيب الله بن حماد
7233,Kῡlāṭu b. `Umar,كولاط بن عمر
7235,Ḥusayn Kay,حسين كي
7237,`Abd al-Raḥman b. Mῡsa b. `Uthmān,عبد الرحمن موسى بن عثمان
7238,Fārῡq Mῡsa and `Uthmān,فاروق موسى وعثمان
7239,Maḥmῡd b. Abῡ Bakr,محمود بن أبي بكر
7240,Bῡbakr b. `Umar,بوبكر بن عمر
7241,Mῡsa b. `Uthmān,موسى بن عثمان
7243,Muḥammad al-Muṣṭafa b. Shaykh al-Baraka,محمد المصطفى بن شيخ البركة
7244,Sīdi b. al-Ṭāhir,سيد بن الطاهر
7245,Shahāju Qama,شهاج قم
7246,Ayyῡb `Abd Allāh al-Sharīf and `Īsa Bā Maḥmῡd Buḥ,أيوب عبد الله الشريف وعيسى با محمود بوح
7247,Aḥmad Kamuwātā,أحمد كمواتا
7248,Kafa Dārnaba,كفى دارنب
7249,Injī `Īsa,إنجي عيسى
7251,al-Ḥaṭi al-Tīf,الحطى الطيف
7252,Daraḥmān,درحمان
7253,Sanῡsī Qῡlāma,سنس قولام
7254,Ibrāhīm Magha,إبراهيم مغي
7255,Tafāṭ b. Ḥaman Bawba,تفاط بن حمن بوب
7256,Dauwd Bakr b. Idrīs,دود كبر بن إدريس
7257,Muḥammad b. Muḥammad al-Ṣādiq,محمد بن محمد الصادق
7258,Aḥmad b. Dagh,أحمد بن دغ
7259,`Abd al-`Azīz b. Imām  `Abd al-Raḥman,عبد العزيز بن إمام عبد الرحمن
7260,al-Ja`,الجع
7261,Kῡrῡ,كورو
7262,Abῡ Bakr b. Maḥmῡd,أبو بكر بن محمود
7263,Kandī Wakī,كندي وكي
7264,`Andalī Mῡsa,عندلي موسى
7265,Alfā Ṣiddīq Ḥaydarā,ألفا صديق حيدرا
7266,Muḥammad b. Alfā `Umar Yā Fῡskī,محمد بن ألفا عمر يا فوسكي
7268,Tanaba bint Farī,تنب بنت فري
7269,Bābā b. Muḥammad,باب بن محمد
7270,Maḥmῡd b. al-Amīr,محمود بن الأمير
7271,`Abd al-Qādir b. `Īsa,عبد القادر بن عيسى
7272,Aḥmad b. Abῡ Bakr `Alī b. Ibrāhīm,أحمد بن بوبكر علي بن إبراهيم
7273,al-Qāḍī Maḥmῡd b. al-Qāḍī Abῡ Bakr Ḥawa,القاضي محمود بن القاضي أبي بكر حاو
7274,Ḥamῡd,حمود
7275,Kāmuy Fārῡq,كاموي فاروق
7276,Sīdi Muḥammad b. Ṭālib,سيد محمد بن طالب
7277,Bābā Shaykh,باب شيخ
7278,Ibrāhīm  b. Bābākr b. al-Shaykh,إبراهيم بن ببكر بن الشيخ
7280,`Uthmān  Sanbīr b. Muḥammad Sinbīr (Sinbayru),عثمان سنبير بن محمد سنبر
7281,Abāyā Ḥaml b. Sīdi Aḥmad,أبيا حمل بن سيد أحمد
7282,`Abd al-`Azīz b. al-Ḥājj `Abd al-Raḥman,عبد العزيز بن الحاج عبد الرحمن
7284,Ḥan al-Sharīf,حن الشريف
7285,`Abd Rabbih Muḥammad b. `Āwdu,عبد ربه محمد بن عاود
7286,Ibrāhīm ibn Amīr `Uthmān,إبراهيم ابن أمير عثمان
7287,Mῡsa Ṭayfakuyī and bint Fāsukuy,مُسَ طَيْفَكُي وبنت فاسُكُي
7288,`Abd Allāh b. Jadal,عبد الله بن جدل
7289,Kabād b. Nājim,كباد بن ناجم
7291,Abῡ Bakr b. Muḥammad,أبي بكر بن محمد
7293,al-Shaykh ibn al-Ḥājj,الشيخ ابن الحاج
7294,al-Wakāla Aḥmad Kalīf,الوكالة أحمد كليف
7295,Maḥmῡd b. al-Imām,محمود بن الإمام
7296,Sīdi Bābīr,سيد بابير
7298,al-Qāḍī Sīdi,القاضي سيد
7299,Kanaba Alfā Bunkānu,كنب ألفا بنكان
7300,Ibrāhīm b. Kaym,إبراهيم بن كيم
7301,Bābākāi `Īsa,ببكاي عيسى
7302,Butamā,بوتما
7303,al-Ṭālib b. Mālik,الطيب بن مالك
7304,Alfā Abῡ Bakr b. al-Qāsim,ألفا أبي بكر بن القاسم
7305,Sartagha,سرتغ
7306,Bābā,بابا
7307,`Umar Yāl b. Dāwud,عمر يال بن داود
7308,Bīri (with his son al-Sālim Tarayrā),بيري مع أبيه السالم تريرا
7309,Idrīs b. Zakariyya,إدريس ابن زكريا
7310,al-Sanῡsī Sākῡ ibn Bāba Sākῡ (from Mājama),السنوسي ساكو ابن باب ساكو في قرية ماجم
7311,Bāba b. `Uthmān,باب بن عثمان
7313,Muḥammad `Īsa,محمد عيسى
7314,Muḥammad b. Ṭālib,محمد بن طالب
7315,Ibn al-Ḥanaf,ابن الحنف
7316,al-Khalīf b. Muḥammad Aḥmad b. al-Ḥusayn,الخليف بن محمد أحمد بن الحسين
7317,al-Shaykh b. Sīdiyya Abῡ Bakr,الشيخ بن سيدي أبي بكر
7318,Mῡlāy b. Mῡlāy al-Ḥasan,مولاي ابن مولاي الحسن
7320,Bābā Jāwarā,بابا جاورا
7323,Isma'īl Kῡtῡ,إسماعيل كوتوا
7324,al-Amīr `Abd al-Qādir ibn Isma`īl,الأمير عبد القادر ابن إسماعيل
7325,al-Ṭuwaylab Māl ibn Aḥmad,الطويلب مال ابن أحمد
7326,Muḥammad ibn Muḥammad al-Amīn,محمد ابن محمد الأمين
7327,al-Qāḍī Mῡdu b. al-Marḥῡm Alfā `Abd al-Qādir,القاضي مود بن المرحوم ألفا عبد القادر
7328,Muḥammad b. Yaḥya,محمد بن يحيى
7329,Muḥammad al-Amīn b.`Uthmān,محمد الأمين بن عثمان
7330,Alfā Ishāq Sānifu,ألفا إسحاق سانف
7331,`Abd al-Raḥman b. al-Faqīh Mῡsa b. `Uthmān,عبد الرحمن موسى ابن الفقيه عثمان ابن إبراهيم بن عثمان
7333,al-Tijānī Bābā,التجاني بابا
7335,Muḥammad b. Aba b. Bābā,محمد بن أب بن بابا
7338,Kamāndasrak,كما ندسرك
7339,Yῡsuf Yarmā,يوسف يرما
7340,Muḥammad b. Abi Barkāt,محمد بن أبي بركات
7341,Bāba Kasata,باب كست
7342,al-Shaykh Sulaymān,الشيخ بن سليمان
7344,Muḥammad b. Muḥammad al-Munīr,محمد بن محمد المنير
7346,Șārikh,صارخ
7347,al-Ḥasan Tanafῡ,الحسن تنفو
7348,Kuniba bint `Abd Allāh,كنب بنت عبد الله
7349,Zahara bint Bābā al-Fā'l,زهر بنت باب الفأل
7351,Ghāwadu,غاود
7352,Jarama b. Dabat,جرم بن دبت
7353,`Abd Allāh b. Mῡlāy,عبد الله بن مولى
7354,Ḥamād b. `Abdīn,حماد بن عبد ين
7355,Isma`īl ibn Sālamām,إسماعيل ابن سالمام
7358,Sulaymān Sharīf ibn al-Ḥusayn Rashīf,سليمان شريف ابن الحسين رشيف
7360,Nῡḥ ibn Bῡbakar,نوح ابن بوبكر
7361,Aḥmad Ḥamma,أحمد حم
7362,Mῡlāy `Abd al-Raḥman,مولاي عبد الرحمن
7363,Abῡ Sulaymān b. Ishāq,أبو سليمان بن إسحاق
7364,Mayghawana bint Abῡ Bakr,ميغونة بنت أبي بكر
7367,Banī Kulubali,بني كلبل
7368,Aḥmad Bābā b. al-`Abbās,أحمد بابا بن العباس
7369,Nafi Sanba,نف سنب
7370,`Afā Sa`naq ibn Ibrāhīm,عفا سعنق ابن إبراهيم
7371,Abῡ Bakr b. Alfā Quramtas,أبو بكر بن ألفا قرم تس
7372,Mῡsa b. al-Faqīh `Uthmān,موسى بن الفقيه عثمان
7374,Ambārik bint al-Ḥasan,أمبارك بنت الحسن
7375,Sīdi al-Mayin,سيد المين
7376,Muḥammad b. Bāwru Mūsā Sarābigh,محمد بن باورموسى سرابغ
7377,al-Ṭāhir b. Sīdi Muḥammad,الطاهر بن سيد محمد
7378,`Abd Allāh Mῡsa b. al-Faqīh `Uthmān ibn Ibrāhīm,عبد الله موسى ابن الفقيه عثمان ابن إبراهيم
7379,Abῡ Bakr Nātī,أبو بكر ناتي
7380,Muḥammad b. al-Mīz,محمد بن الميز
7381,Bāmi` Kabamā,بامع كبمى
7382,Kūkū Makīnā,كوكو مكينا
7383,Muḥammad b. Aḥmad b. al-Ḥājj,محمد بن أحمد بن الحاج
7384,Wadī`at b. Ṭafūr,وديعة بن طفور
7385,Muḥammad al-Sharīf,محمد الشريف
7386,Kumāmu Tarawali,كمام ترول
7388,al-Amīr Ibrāhīm al-Faqiyya Mālik,الأمير إبراهيم الفقيه مالك
7389,Muḥammad al-Șālaḥ b.  Muḥammad Aḥmad,محمد الصالح بن محمد أحمد
7390,Alfā Ismā‘īl Fufana b. Alfā` Kum Fufana,ألفا إسماعيل ففن بن الفع كم ففن
7391,Abῡ Bakr Sanaba,أبي بكر سنب
7392,al-Shaykh b. Aḥmadīn,الشيخ بن أحمدين
7393,`Abd Allāh b. Alfā Māma,عبد الله بن ألفا مام
7394,Aḥmad Bilkū,أحمد بلكوا
7395,Amīr Aḥmad b. Alfā,أمير أحمد بن ألفا
7396,Amīr Kānim Ḥama b. Aḥmad,أمير كانيم حم بن أحمد
7397,Bῡbakr b. Aḥmad,بوبكر بن أحمد
7398,Maḥmῡd b. Muḥammad,محمود بن محمد
7399,"`Alī b. Muḥammad al-Amīn ""Mālik""",علي بن محمد الأمين المعروف بمالك
7400,Muḥamamd al-Mubārik b. `Alāma,محمد المباركة بن علامة
7401,Ibrāhīm al-Ṭāhir,إبراهيم والطاهر
7402,`Alī b. al-Faqīh Sibawiyya,علي بن الفقيه سبوية
7403,`Uthmān b Șālaḥ,عثمان بن صالح
7404,Ḥāmad b. Abῡ Bakr,حامد بن أبو بكر
7406,al-Ḥabīb b. Muḥammad,الحبيب بن محمد
7407,al-Amīn b. Aḥmad,الأمين بن محمد
7410,al-Imām Aḥmad,الإمام أحمد
7411,Fāṭima bint `Abd Allāh,فاطمة بنت عبد الله
7412,al-Imām Tuqaragha,الإمام تقرغ
7413,Abῡ Bakr b. Șiddīq,أبو بكر بن صديق
7414,Sharīf al-Dīn b. Bābā Sharif,شرف الدين بن بابا شرف
7415,al-Qāḍī `Umar b. al-Qāḍī Aḥmad Bābā,القاضي عمر بن القاضي أحمد بابا بن أبي العباس الحسني
7416,al-Imām b. `Uthmān b. Shaykh Khalīl,الإمام بن عثمان ابن شيخ خليل
7417,Bābā b. Māma,بابا بن مام
7418,al-Qāḍī `Abd Allāh b. al-Amīr `Uthmān,القاضي عبد الله بن الأمير عثمان
7419,Ibrāhīm b. `Alī Ajjij,إبراهيم بن علي أجيج
7421,Karamughu Ghadas,كرمغ غدس
7422,Mῡlāy Rughān b. Mῡlāy al-Ḥasan,مولاي رغان بن مولاي الحسن
7423,Muḥammad b. Muḥammad al-Muṣṭafa,محمد بن محمد المصطفى
7424,al-Shaykh Sadīd,الشيخ سديد
7425,Alfā Ba`,ألفا باء
7426,al-Ḥasan b. Abῡ al-`Abbās,الحسن بن أبو العباس
7427,al-Qāḍī Bābā Sīdi Bῡbakar,القاضي بابا بن سيد بوبكر
7428,Mῡlāy Aḥmad b. Mῡlāy al-Ḥasan,مولاي أحمد بن مولاي الحسن
7429,Ḥamd Fufana b. Aḥmad,حمد ففن بن أحمد
7430,`Uthmān  Kamiyan,عثمان كمين
7431,Sīdi b. Muḥammad Babākr,سيد بن محمد بيكر
7432,`Abd al-Qādir  Kumā b. Kukā ḥamī,عبد القادر كمى ابن ككا حمي
7433,Ḥamād b. Sīdi Muḥammad Bakki,حماد بن سيد محمد بك
7434,Abῡ al-`Abbās b. Aḥmad,أبو العباس بن أحمد
7436,Kalfāla Kamtarā,كلفلا كمترا
7437,Ibrāhīm b. Sinīl b. `Uthmān,إبراهيم بن سنيل بن عثمان
7438,Muḥammad al-`Abd Sīdi Muḥammad b. Farkīk,محمد العبد سيد محمد بن فركيك
7439,Bῡbakr Tankar,بو بكر تنكر
7440,Ghūru Ḥama Yabara,غور حم يبر
7441,Abū Bakr Fa‘matā,أبو بكر فعمتا
7442,Muḥammad Kayta,محمد كيت
7443,Abῡ Bakr Jālu,أبو بكر جالو
7444,"murīd, some",بعض مريد
7445,`Umar b. Alfā Māma,عمر بن ألفا مام
7446,`Umar b. Muḥammad b. al-Amīn,عمر بن محمد بن الأمين
7447,Siya bint Ghardal,سية بنت غردل
7448,Alfā `Alī b. Aḥmad b. Muḥammad,ألفا علي بن أحمد بن محمد
7449,al-Ḥājj Muḥammad,الحاج محمد
7450,Sarqa b. `Umar,سرقة بن عمر
7451,al-Muṣṭafa b. `Abd Allāh,المصطفى بن عبد الله
7452,Bada b. Alfā Aḥmad,بد بن ألفا أحمد
7453,Aḥmad b. Alfa `Alī and Bābā b. Alfā al-Amīn,أحمد بن ألفا علي وبابا بن ألفا الأمين
7454,Ḥāmid Bilkū Sakār,حامد بلكو سكار
7455,Aḥmad b. Alfā `Alī b. Aḥmad,أحمد بن ألفا علي بن أحمد
7456,Muḥammad b. `Umar b. Mūdibu,محمد بن عمر بن مودب
7457,Aḥmad b. Alfā Ḥama,أحمد بن ألفا هم
7458,Yaḥya Nādī,يحيى نادي
7459,al-Walī b. Muḥammad Bashīr,الولي بن محمد البشير
7460,`Alī b. `Arīb,عال بن عريب
7461,Aḥmad b. Alfā `Alī,أحمد بن ألفا علي
7462,Muḥammad b. Abῡ Bakr,محمد بن أبي بكر
7464,Bābā b. Aḥmad,بابا بن أحمد
7465,Abῡ Bakr b. Aḥmad,أبو بكر بن أحمد
7466,`Umar b. Muḥammad b. Nῡḥ,عمر بن محمد بن نوح
7467,`Abd al-Ḥājj Aḥmad,عبد الحاج أحمد
7468,Abnā Nῡḥ Aba and Muḥammad `Abd Allāh,أبنا نوح اب ومحمد عبد الله
7469,Qāsim Fῡfuna,قاسم فوفن
7470,al-Imām b. Jājī,الإمام بن جاجي
7471,Muḥammad b. Sa`id Tanfua,محمد بن سعيد تنفوا
7472,Qāsim Darābī (from land of  Ghamītagh),قاسم درابي بلد غميتغ
7474,Maḥmūd Krīn Badarkur,محمود كرين بدركر
7475,Alfā `Uthmān,ألفا عثمان
7476,Khayish Manfuwā,خيش منفوا
7477,Alfā Māma,ألفا مام
7478,‘Abd Allāh Kunfuwā,عبد الله كنفوا
7479,Muḥammad b. Bāy b. `Umar,محمد بن باي بن عمر
7480,Ibrāhīm b. Dabī b. `Uthmān,إبراهيم دابي بن عثمان
7481,Maḥmῡd b. Muḥammad Abῡba,محمود بن محمد أبوب
7482,`Uthmān  Sāgha,عثمان ساغ
7483,Muḥammad b. `Abd al-Wahhāb b. Mῡsa,محمد بن عبد الوهاب بن موسى
7484,‘Isā Jakanam,عيسى جكنم
7485,Shaykh al-Qad,شيخ القـد
7486,Muḥammad b. Bῡba,محمد بن بوب
7487,Muḥamad b. Sīd Kūtwā,محمد بن سيد كوتوا
7489,Muḥammad `Alī b. al-Khalīf and his uncle,محمد عال بن الخليف وأبناء عمه
7490,Muḥammad b. `Uthmān,محمد بن عثمان
7491,`Abd Allāh b. Ḥāmad,عبد الله بن حامد
7492,Bābā Maḥmῡd Sīlla,بابا محمود سيلى
7493,Șāliḥ Dīn (in the land of Kῡr),صالح دين في بلد كور
7495,al-Ḥasan Kῡtῡ,الحسن كوتو
7497,al-Ḥājj Bābā b. al-Ḥājj al-`Azawad,البركة الحاج بابا بن الحاج العزود
7498,Alfā Bābā,ألفا بابا
7499,al-Imām Bābā Alfā,الإمام بابا ألفا
7500,al-Ḥājj Bābā Alfā,الحاج بابا ألفا
7501,`Abd al-Qādir b. Muḥammad,عبد القادر بن محمد
7502,Sina b. Inbāra,سن بن إنبار
7503,Muḥammad b. `Abd Allāh ibn Luḥ,محمد بن عبد الله ابن لح
7504,Abῡ Bakr,أبو بكر
7505,Muḥammad b. Aḥmad b. Maḥmῡd b. Abῡ Bakr b. Baghayogho al-Tinbukti,أبو عبد الله محمد بن أحمد بن محمود بن أبي بكر بغيغ
7506,Aḥmad b. Abῡ Bakr,أحمد بن أبي بكر
7507,Ibn Abῡ Bakr,ابن أبي بكر
7510,Bābā Aḥmad,باب أحمد
7512,Aḥmad Dāw,أحمد داوْ
7513,Muḥammad b. Hanam,محمد بن هنم
7514,Aḥmad Māma,أحمد مام
7515,al-Mashtabī b. Samah,المشتبي بن سمه
7516,Sharīf Kulubali,شيف كلبل
7517,al-Ḥājj Bāba,الحاج باب
7518,al-Muḥammadi b. Ᾱdam,المحمدي من آدم
7520,al-Shaykh Shamharūsh,الشيخ شمهروش
7522,`Abd al-Raḥman b. Mara,عبد الرحمن مرى
7523,Aḥmad b. Sulaymān,أحمد بن سليمان
7525,Muḥammad al-Amīn b. Alfā Shakh,محمد الأمين بن ألفا شخ
7526,Kayr Kambtū,كير كمبتو
7527,Ismā`īl b. Abῡ Bakr b. `Abd Allāh,أبو محمد إسماعيل ابن أبي بكر بن عبد الله
7528,`Abd al-Salam b. Mashīsh,عبد السلام بن مشيش
7529,Mahalmad Jāma,مهلمد جام
7530,Ibrāhīm b. `Umar,إبراهيم بن عمر
7531,`Abd al-Raḥman Abῡ Bakr,عبد الرحمن أبي بكر
7532,Muḥamad b. Barak b. al-Ḥājj Bal‘īd,محمد بن برك بن الحاج بلعيد
7533,Muqātil b. Sulaymān,مقاتل بن سليمان
7534,`Abd al-Raḥman b. Jīr,عبد الرحمن جير
7535,"captives, some",بعض اسجناء
7536,al-Nafīsa Fādawā,النفيسة فادوا
7537,Mῡlῡd b. Bābā,مولود بن بابا
7538,`Abd Allāh al-Saghīr b. al-Imām `Abd al-Karīm al-Jīrī al-Saqawī al-Tijānī,عبد الله الصغير بن الإمام عبد الكريم الجيري السقوي التجاني
7540,al-Amīn Kuribar,الأمين كربر
7541,Bahlūl,بهلول
7542,‘Uthmān Kuntū,عثمان كنتو
7543,Muḥammad b.  `Abd Allāh,محمد بن عبد الله
7544,Bāba al-Rakīj,باب الركيج
7545,Mashṭum Turῡr,مشط م ترور
7546,al-Faj Mῡsa,الفج موسى
7547,al-Mustaqa,المستقى
7550,Aḥmayd Sab Siyaka,أحميد سب سيك
7552,Muḥammad al-Mukhtār,محمد المختار
7553,"Mῡsa ""Kakūftū""",موسى الملقب ككوفتو
7555,al-Amīr `Abd al-Raḥman al-Kāy,الأمير عبد الرحمن بن الكاي
7556,Bābākr b. Muḥammad Sālim,ببكر بن محمد سالم
7557,Sīdi Tīrī,سيد تيرى
7558,al-Amīr `Amār,الأمير عمار
7559,`Uthmān b. al-Sharīf,عثمان بن الشريف
7560,Aḥmad Sānugh b. ‘Uthmān Sānugh,أحمد سانغ بن عثمان سانغ
7561,Abā `Alī b. Sīdi Muḥammad,أبا علي بن سيد محمد
7564,Dāuwda Yamīti in [the town of] Tamāni,دود يميتي في قرية تمان
7565,Mῡsa b. Aḥmad Sa`id,موسى بن أحمد سعيد
7566,`Abd al-Raḥman b. Surāqa,عبد الرحمن بن سراقة
7569,`Abd al-Raḥman b. Fῡfa,عبد الرحمن بن فوف
7570,`Abd al-Raḥman b. Kunāti,عبد الرحمن كنات
7571,Muḥammad al-Amīn b. `Abd al`Azīz,محمد الأمين بن عبد العزيز
7572,Zayd al-`Ᾱbidīn,زين العابدين
7573,al-Imām  Ṭughrā,الإمام طغري
7574,al-Ḥājj Ya`qῡb,الحاج يعقوب
7575,al-Imām b. Karamuku,الإمام بن كرمك
7576,`Abd al-Kabīr b. `Abd Allāh,عبد الكبير بن عبد الله
7577,al-Ḥājj Ibrāhīm `Uūrū b. Aḥmad,الحاج إبراهيم عورو بن أحمد
7578,Ḥama b. Maḥmῡd,حم بن محمود
7579,`Umar Sa`atā,عمر سعتا
7580,`Abd Allāh b. `Alī Maḥmῡd,عبد الله بن علي بن محمود
7581,Idris b. Ḥama,إدريس بن حم
7582,Ṭūl `Amruwā,طول عمروا
7585,al-Imām Yaḥya b. Muḥammad ibn Ishāq,الإمام يحيى بن محمد ابن إسحاق
7586,Imām Kuribar,إمام كربر
7587,"Muḥammad ""al-Raqad ibn Aḥmad""",محمد الملقب بالرقاد ابن أحمد
7588,Ya`qῡb Ṭintuwā,يعقوب تينتوا
7589,Ṣāliḥ Ṣibtuwā Kantara,صالح صبتوا كنترا
7590,`Īsa b. Muḥamad b. Jad Yurād,عيسى بن محمد بن جد يراد
7591,Muḥammad b. Ya`qῡb,محمد بن يعقوب
7592,Ismā`īl b. al-`Abbās,إسماعيل بن العباس
7593,Muḥammad Fal,محمد فأل
7594,Yaḥya b. `Uthmān,يحيى بن عثمان
7595,Muḥammad ibn Sulaymān,محمد ابن سليمان
7596,`Abd al-Qādir,عبد القادر
7597,Muḥammad Fādikā b. ‘Amārā b. Mūsā,محمد فادكا بن عمار بن موسى
7598,Yaḥyā Kunghū,يحيى كنغو
7599,Yaḥyā b. Maḥma Ṭānba,يحيى بن محم طنب
7600,`Abd al-Qādir  Kunfuwā,عبد القادر كنفوا
7601,`Uthmān Bāyugh,عثمان بيغ
7603,al-Sanῡsī Sāda,السنوسي ساد
7604,Muḥammad al-Amīn Ḥāmad,محمد الأمين حامد
7605,Muḥammad Ḥakand b. Muḥammad,محمد حكند بن محمد
7606,Ṣiddīq Danbil,صديق دنبل
7607,al-Māmi Tarawarī (Traoré) b. Karamukbīr,المام تروري ابن كرمكبير
7608,Muḥammad Basr,محمد بسر
7609,Aḥmad ibn Șāliḥ,أحمد ابن صالح
7610,Bāba Darābī Trafuwā,باب درابي ترفوا
7611,Bākayta,باكيتا
7612,Bābā Jarā Bakī,بابا جرى بكي
7613,Aḥmad b. al-Kasāy,أحمد بن الكساي
7614,Amīr al-Mu'minin Aḥmad al-Tijānī b. al-Ḥājj `Umar,أمير المؤمنين أحمد التجاني بن الحاج عمر
7615,Abῡ Zayd  Ṭayfūr b. `Īsa,أبو زيد طيفور بن عيسى
7616,Amīr Kūrmām Tun,أمير كورمام تن
7617,Abῡ Bakr b. Mālik,أبو بكر بن مالك
7618,Abῡ Bakr b. al-Ḥājj,أبو بكر بن الحاج
7619,Muḥammad b. Abῡ Bakr ibn `Abd Allāh b. Aḥmad Bawī,محمد بن ابي بكر ابن عبد الله بن أحمد بوي
7622,`Abd al-Qādir al-Shaykh al-`Arab,عبد القادر الشيخ العرب
7623,Qāḍī (of  Jenne),قاضي مدينة جني
7624,Khalīfa Sātuwā and Bāquraysh Tarāwarī (Traoré) and Yaḥyā,خليف ساتوا وباقريش تراوري ويحيى
7627,`Uthmān b. Bābā ibn Alfā Abῡ Bakr,عثمان بن باب ابن ألفا ابي بكر كريسو
7628,Muḥammad b. Ṭufa,محمد بن طفى
7629,Sanbar b. Mῡlāy,سنبر بن مولاي
7630,al-Ḥājj al-Ṭāhir,الحاج الطاهر
7631,Sīdi A`li b. Bāta,سيد أعل بن بات
7632,al-Ḥājj `Abd al-Raḥman b. al-Ḥājj Muḥammad,الحاج عبد الرحمن ابن الحاج محمد
7633,Māma Nābῡ,مام نابو
7634,Mῡsa,موسى
7635,Ibrāhīm b. Muḥammad al-Muṣṭafa,إبراهيم بن محمد المصطفى
7636,Alfā Sīdi b. `Umar Alfā,الفا سيد بن عمر الفا
7637,Sharīf b. `Abd Allāh,شريف بن عبد الله
7641,al-Ḥusayn  Tinbantāw,الحسين تنبنتاو
7642,`Īsa b. al-Qāḍī `Abd Allāh,عيسى بن القاضي عبد الله
7645,Kūmkūm,كومكوم
7647,Hārūn,هارون
7648,Amīr Sasagh,أمير سسغ
7649,Muḥammad ibn al-Mu'adhin Lamīm,محمد ابن المؤذن لميم
7650,Bilāl b. al-Ḥājj Mῡsa,بلال بن الحاج موسى
7651,Abῡ Bakr b. `Arafa,أبو بكر بن عرف
7652,Muḥammad al-Mῡsama  with Dhakū b. al-Shaykh,محمد المسمى بذكو بن الشيخ
7653,`Ay'sha Mamā,عائشة مما
7655,Hī bint al-Madan,هي بنت المدن
7656,`Abd Allāh `Umar b. Abi Bakr Safanugh,عبد الله ذاك عمر بن أبي بكر سفنغ
7657,Māma Kamiyan,مام كمين
7658,Muḥammad al-Salām,محمد السلام
7660,Sid Zayān,سيد زيان
7661,Ankāk,انكاك
7662,Kamana` b. Muḥamad Kantuwā,كمنع بن محمد كنتوا
7663,Bāba Alfā b. Muḥammad,باب الفا بن محمد
7664,Aḥmad b. al-Shaykh Muḥammad,أحمد بن الشيخ محمد
7665,Aḥmad b. Muḥammad al-Muṣṭafa,أحمد بن محمد المصطفى
7666,Amīr Sūk Yaḥyā b. Kūd,أمير سوك يحيى بن كود
7667,Marbarī Kaytā,مربري كيتى
7668,Ḥamd b. Ḥambarak,حمد بن حمبرك
7669,Mῡsa b. al-Amīn Nābῡ,موسى بن الأمين نابو
7674,`Uthmān Sīssī (Cissé),عثمان سيسي
7676,al-Qāḍī  Maqā b. Iḥluwan,القاضي مقا بن احلون
7678,Muḥammad  Kintuwā,محمد كينتوا
7679,Muḥammad `Abd al-Salām b. Masīs,محمد عبد السلام بن مسيس
7680,al-Ḥājj `Umar Tūrī b. Ibrāhīm,الحاج عمر توري بن إبراهيم
7681,"Kunta, some `ulama'",علماء كنت
7682,Ᾱdam,آدم
7683,al-Ḥurra Nāna Zaynab al-Ḥājj Ṭayyib,الحرة نان زينب بنت الحاج طيب
7684,Namādamū Kawfara,نمادموا كوفر
7685,Muḥammad Maḥmῡd b. Muḥammad al-Mukhtār b. `Abd Allāh,محمد محمود بن محمد المختار بن عبد الله
7686,Ḥamd b. Ḥamād b. Muḥammad b. `Alī,حمد بن حماد بن محمد علي
7687,Aḥmad Shaykh al-Nadas b. al-Ḥājj Sīdi Muḥammad,أحمد شيخ الندس بن الحاج سيد محمد
7688,Jamnat Tamatawu,جمنة تمتوا
7689,"al-Munīr, wife of",زوجة المنير
7690,Sharīf Muḥammad `Abd al-Raḥman,شريف محمد عبد الرحمن
7691,al-Sa‘īd Ta‘arī,السعيد تعرى
7692,Abῡ Bakr al-Ṣiddīq,أبي بكر الصديق
7693,Fāṭima Tarayrā,فاطمة تريرا
7695,Samatanā,سمتنا
7697,Alfā Abῡ Bakr b. Jara,الفا أبو بكر بن جر
7698,al-Sharīf Mῡlāy `Alī Ja`far,الشريف مولاي علي بن جعفر
7699,Ḥaṭay Abū Maḥamā Saghīr,حطي أبي محمى سغير
7700,`Abd al-Wahhāb,عبد الوهاب
7701,Sīdi `Alī,سيد علي
7702,`Abd al-Wahhāb b. Sīdi Aḥmad,عبد الوهاب بن سيد أحمد
7703,An‘ā,أنعى
7704,Maḥaman b. Shalā,محمن بن شلى
7705,Karamughu b. al-Imām ‘Umar,كرمغ ابن الإمام عمر
7708,Mararka Kīna,مررك كين
7709,Ghayā Kūtū,غيا كوتو
7710,Muḥammad al-Sa`īd b. `Umar b. Muḥammad b al-Mukhtār,محمد السعيد بن عمر بن محمد بن المختار
7711,al-Ḥājj `Abd Allāh,الحاج عبد الله
7712,Māmā Tanafū,ماما تنفو
7714,Ṣiddīq Yanān b. al-Ḥasan,صديق ينان بن الحسن
7715,Abῡ Bakr b. `Abdih,أبو بكر بن عبده
7716,Bāba Aḥmad b. Sīdi Ḥama,باب أحمد بن سيد حم
7717,Kaliyā Satawῡ Aḥmad Satawῡ,كَلِيَا سَتَوُ أحمد ستو
7719,al-Faqīh Dawῡd and Alfā Muḥammad al-Andῡr,الفقيه داود والفا محمد الأندور
7720,Nῡḥ b. `Aba Allāhi,نوح ابن عبد الله
7722,Amīr Fitigha,أمير فتغ
7723,Yῡsuf b. al-Kuntī,يوسف بن الكنتي
7725,al-Shaykh b. Māma Bāy,الشيخ بن مام باي
7726,al-Tahām b. Mῡlāy al-Ḥasan,التهام بن مولاي الحسن
7728,al-Imām b. `Uthmān,الإمام بن عثمان
7730,Yaḥya b. Bῡbakr,يحيى ابن بوبكر
7731,Ibrāhīm b. Muḥammad b. Sīdi al-Mukhtār,إبراهيم بن محمد بن سيد المختار
7732,`Īsa b. `Īsa,عيسى ابن عيسى
7733,Kanda Fumni,كَانْدَ فُمْنِ
7734,Amīr War al-Fak Aḥmad b. Wadī‘at Allāh b. Ḥamza,أمير ور الفَكَ أحمد بن وديعة الله بن حمزة
7737,`Urwah b. Sīdi ‘Ali b. Ḥamī,عروة ابن سد عل ابن حمي
7740,Bada b. al-Ḥusayn,بد بن الحسين
7741,`Uthmān Fufana,عثمان ففن
7742,`Umar b. Mu`ādh,عمر بن معاذ
7743,Muḥammad al-Amīn Ḥaydara b. Imām `Alī,محمد الأمين حيدر بن الإمام علي
7745,Ḥamād b. Alfā Arkas,حامد ابن الفا اركس
7746,Maḥmῡd b. `Alī,محمود بن علي
7747,Dhū al-Kifl,ذو الكفل
7748,`Ubāyd Allāh al-Ḥājj Muḥammad,عبيد الله الحاج محمد
7749,`Abd Allāh and  Sakamaka b. al-Ṣāliḥ,عبد الله وسكمك بن الصالح
7750,al-Ṭāhir b. al-Mahdī,الطاهر بن المهدي
7753,Nāna Zahra bint Mῡlāy Muḥammad,نان زهر بنت مولاي محمد
7754,Ajākhā Yamit Tāta bint `Abd Allāh Manṣῡr Rīj,اجاخا يمت تات بنت عبد الله منصور ريج
7755,Sutra,سُتْرَ
7756,Ishāq Maydῡn,اسحق مَيْدُون
7758,Muṣṭafa b. Aḥmad b. Aḥmad,مصطفى بن أحمد بن أحمد
7760,Tiqī b. Yūli Fūfana,تِقِيِّ بن يُولٍ فُوفَنَ
7761,Nāna Khadīja bint Badr,نان خديج بنت بدر
7762,Bābā b. Sīdi al-Mukhtār,باب بن سيد المختار
7764,`Abd Allāh b. Muḥammad b. Wad,عبد الله بن محمد بن ود
7765,Sanwī,سنوي
7767,Idrīs b. Mῡlāy Bābākr,إدريس بن مولاي ببكر
7769,Alfā Māma Tanafū,الفا مام تنفو
7771,Fūnī Sāmura (in the town of Kamatika),فُوني سَامُرَ في مدينة كَمَتِكَ
7772,Ṣiddīq b. al-Imām,صديق بن الإمام
7773,Muḥammad al-Șālaḥ b. Mūdi,محمد الصالح بن مود
7774,`Abd Allāh b. Hamd `Alī,عبد الله بن حمد عال
7775,al-Amīr Dakātī b. Ibrāhīm,الأمير دكاتِي ابن إبراهيم
7776,Muḥammad b. Aḥmad b. `Umar al-Sālamī,أبو عبد الله محمد بن أحمد بن عمر السالمي
7777,Bāba Kān,باب كان
7779,Mῡsa b. Bābā,موسى بن بابا
7780,Mādak b. al-Ḥusayn,مَادَكْ بن الحسين
7781,Ibrāhīm Ᾱdam and `Uthmān,إبراهيم آدم وعثمان
7782,al-Ṭālib b. Muḥammad b. al-`Abd,الطيب بن محمد بن العبد
7783,Muḥammad b. Aḥmad b. al-Ḥājj Muḥammad b. Zayd,محمد بن أحمد بن الحاج محمد بن زيد
7784,Bābi Yāru,بابىْ يَارُ
7786,Muḥammad al-Șālaḥ b. Bārik,محمد الصالح بن بارك
7787,Ṣanba ‘Īsa,صنب عيسى
7788,al-Ṣhaykh Ṣiddīq Jaytū,الشيخ ابن صديق جيتوا
7789,Sa`īd b. Yaḥya,سعيد بن يحيى
7790,`Abd al-Hamid b. Salam Aḥmad,عبد الحميد بن سالم أحمد
7791,`Umar b. al-Ṭāhir,عمر بن الطاهر
7793,Bābā `Ayni,بابا عيني
7795,`Abd al-Qādir b. Abῡ Bakr,عبد القادر بن أبي بكر
7796,Bābīr al-Imām b. al-Marḥūm,بابيرالإمام ابن المرحوم
7797,Muḥammad Abῡ Bakr Karabintā,محمد أبي بكر كربنتا
7798,Umm Fāṭima bint Maḥama,أم فاطمة بنت محم
7799,Bāba Kabira b. ‘Ama,باب كبر بن عم
7800,Muḥammad Kalana Sīdi ‘Alī,محمد كلن سيد علي
7801,Maḥmῡd,محمود
7802,al-Shaykh Aḥmad Ḥājjī,الشيخ أحمد حجي
7803,`Umar b. Alfā Abῡ Bakr,عمر بن ألفا أبي بكر
7804,Jākina Furaka,جَاكِنَ فُرَكْ
7805,Mūdi b. Daba,مود بن دب
7806,Sīdi Muḥammad b. Bubakar,سيد محمد بن ببكر
7807,Yāmuy Yaḥyā,ياموي يحيى
7808,al-Shaykh b. Sīdi Bubakar,الشيخ بن سيد ببكر
7810,Muḥammad b. Sa`īd al-Daymanī,محمد بن سعيد الديماني
7811,Abū `Umrān al-Jūrānī,أبو عمر أن الجوراني
7813,Abd al-Qādir Tanfuwā,عبد القادر تنفوا
7986,Sīdi Yaḥya b. al-Imām,سيد يحيى بن الإمام محمد بغيغ
7987,"`Abd al-Raḥīm, head  of a group of Tunis scholars",عبد الحميد رئيس جمعية العلماء بتونس
7988,"Sīdi Muḥammad ""Amir Sῡsī""","سيد محمد  ""امر سوسي"""
7989,`Abd Allāh b. Idrīs,عبد الله بن إدريس
7990,al-Ḥājj al-Ḥabīb,الحاج الحبيب
7991,`Abd Allāh b. Muḥammad b. Sulaymān b. Yaḥya,عبد الله بن محمد بن سليمان بن يحيى
7992,`Abd Allāh al-Qāḍī,عبد الله بن القاضي
7993,Abῡ al-`Abbās al-Badawī,أبو العباس البدوي
7994,Ja`far b. Muḥammad al-Șiddīq,جعفر بن محمد الصديق
7995,Muḥammad al-'Ujhūrī,محمد الأجهوري
7996,Alfa `Umar,ألفا عمر
7997,Khalīl b. Muḥammad Bābā,خليل بن محمد بابا
7998,Kazzan b. Balāl,كاززن بن بلال
7999,Zayd b. Sanba b. Bῡḍa al-Fulānī,زيد بن سنب بن بوض الفلاني
8000,`Abd Allāh b. Alfa Aḥmad b. Alfa,عبد الله بن ألفا أحمد بن ألفا
8001,Ibn Ghālab,ابن غالب
8002,al-Samdāni b. Muḥammad al-Tahāmī,الصمداني بن محمد التهامي
8003,al-Qāḍī  Abῡ Bakr,القاضي ابو بكر
8004,Muḥammad al-Amin b. Ibrāhīm,محمد الأمين بن إبراهيم
8005,Muḥammad Bābā al-Sulaymān al-Ja`farī,محمد بابا السليماني الجعفري
8006,Muḥammad b. Abῡ Bakr ibn al-Hashāmī,محمد بن أبي بكر ابن الهشام
8007,Muḥammad b. Aḥmad b. Lῡl,محمد بن أحمد بن لول
8008,Aḥmad,أحمد
8009,Aḥmad b. Amīn b. Marābiṭ b. Fāl,أحمد بن أمين بن مرابط بن فال
8011,Muḥammad b. Muḥammad b. Mahmῡd al-`Arabī,محمد بن محمد بن محمود العربي أحمد بن محمد بن المختار
8012,Muḥammad b. `Uthmān al-Fulānī,محمد بن عثمان الفلاني
8014,`Alī b. Sa`īd ibn Muḥammad,علي بن سعيد ابن محمد
8015,Aḥmad al-Maḥjubī,أحمد المحجوبي
8016,Sidiyya Bῡbakr b. `Alī,سيدي بوبكر بن علي
8018,al-Qāḍī`Abd Allāh b.  Abῡ Bakr,القاضي عبد الله بن أبي بكر
8019,`Umar b. Muḥammad al-Tuwātī,عمر بن محمد التواتي
8021,al-Shaykh Abī Madyn al-Ghῡth,الشيخ أبي مدين الغوث
8022,`Alī b. Aḥmad b. al-Fagha al-Fulānī,علي بن أحمد بن الفع الفلاني
8023,Ibn Fabῡb,ابن قبوب
8024,`Abd Allāh al-Murīd,عبد الله المريد
8025,Ibn al-Ḥājj,ابن الحاج
8026,Idrīs b. al-Ḥusayn,إدريس بن الحسين
8028,Abī  al-`Abbās   Aḥmad,أبي العباس أحمد
8030,Abī al-`Abbās  Aḥmad b. Muḥammad,أبي العباس أحمد بن محمد الحسني التجاني
8031,Muḥammad b. al-Mukhtār b. Aḥmad,محمد بن المختار بن أحمد
8033,al-Shaykh Sīdi Aḥmad al-Tijānī,الشيخ سيد أحمد التجاني
8035,Ibrāhīm b. Mῡsa,إبراهيم بن موسى
8036,Ibrāhīm b. al-Ḥasan,إبراهيم بن الحسن
8037,Muḥammad al-Hādī b. Bῡyā,محمد الهادي بن بويا
8038,Muḥammad b. Ᾱbba b.  Aḥmayd b. `Uthmān,محمد بن آب بن أحميد بن عثمان
8039,Muḥammad  al-Janāwī,محمد الجناوي
8040,al-Shaykh al-Tahāmī,الشيخ التهامي
8041,al-Ḥusayn b. `Alī,الحسين بن علي
8043,Muḥammad al-Faqīh,محمد بن الفقيه
8045,Sīdi b. al-Imam,سيد بن الإمام
8046,al-Imām Ya`qῡb Shī`,الإمام يعقوب شيء
8047,Sālim b. Zayid,سالم بن زيد
8048,al-Amīr b. Ibrāhīm,الأمير بن إبراهيم
8049,Aḥmad Bābā b. al-Rashid,أحمد بابا بن الرشد ابن محمد المصطفى بن محمد البشير
8050,Abῡ Hanīfa,أبو حنيفة
8051,Maḥmῡd al-Gharnunī,محمود الغرنوني
8052,`Abd Allāh b. `Uthmān,عبد الله بن عثمان شريف
8053,Abῡ Qāsim al-Sīrī,أبو القاسم السيري
8054,Maḥmῡd b. Alfā `Araf,محمود بن ألفا عرف
8055,Abῡ Bakr b. Ḥamādī al-Ḥusayn,أبو بكر ابن حماد بي الحسين
8056,`Abd al-Wahhāb al-Baghdādī,عبد الوهاب بن البغدادي
8057,Yῡsuf,يوسف
8059,al-Qādī Abῡ Bakr Muḥammad,القاضي أبو بكر محمد بن عبد الله بن أحمد بن العربي بن المغافري
8060,`Alī al-Muṣṭafa al-Zarkī Taḥta Hāshim,علي المصطفى الزكي تحته هاشم
8061,al-Farā`nī,الفرعاني
8062,Ḥamad Sīssī (Cissé),حمد سيسي وكرموا سيسي وبوبكر سيسي
8063,Wadah b. Shantῡf,وده بن شنتوف
8064,`Umar b. Aḥmad b. al-Farῡq,عمر بن أحمد بن الفاروق
8065,`Ᾱ'isha bint Abī Bakr Raḍī Allāh,عائشة بنت أبي بكر رضي الله عنها
8066,Maḥmῡd b. `Araf,محمود بن عرف
8067,Wadī`at Allāh ibn Durayd,وديعة الله ابن دريد
8069,Tāj al-`Ᾱrafīn,تاج العارفين
8070,Mālik b. Ibrāhīm Kankῡ,مالك بن إبراهيم كنكو
8071,Tarāwarī,تراوري
8072,Abῡ Ṭālib al-Makkī,أبو طالب المكي
8073,`Abd Allāh b. Sharḥayā,عبد الله بن شرحيا
8074,Abῡ al-Qāsim al-Qushayrī,أبو القاسم القشيري
8075,Nayāmī bint Muḥammad Ghῡ Makkī,نيامي بنت محمد غوْ مكي
8076,Hu`alῡ,هُعلُوْ
8077,Muḥammad b. Maḥmῡd al-`Alawī,محمد بن محمود العلوي
8078,Muḥammad b. `Alī b. `Uthmān,محمد بن علي بن عثمان
8080,Sīdi Muḥammad b. Sīdi Bīr al-Arawānī,سيد محمد بن سيد بير الأرواني
8081,Muḥammad Sālim,محمد سالم
8082,Muḥammad `Araf,محمود عرف
8084,`Umranā,عمرنا
8085,Imām al-Yāfi`ī,الإمام اليافعي
8086,Imām al-Sanῡsī,الإمام السنوسي
8088,Marsil b. al-Mukhtār b Hamad Silla al-Fulānī,مرسل بن المختار بن حمد سل الفلاني
8090,Yahya Sā'a Ṭaw,يحيى سَاءَ طَوْ
8092,"`Umar al-Faqīh,  ""Ḥumnad""",عمر الفقيه الملقب حمند
8093,Abῡ Bakr b. Abī Ṭalif,أبو بكر بن بركي طلف
8094,Abῡ al-`Abbās Aḥmad b.  Aḥmad b. Aḥmad,أبو العباس أحمد بن أحمد بن أحمد
8095,al-Ḥājj Muḥammad al-Tijānī,الحاج محمد التجاني
8108,al-Hājj Muḥammad Saknῡ Marḥabā,الحاج محمد سكنو مرحبا
8109,Jidd b. Sīdi Muḥammad b. Hamād,جدّ بن سيد محمد بن حامد
8110,al-Ḥājj Sa'īd Bāba Sajar,الحاج سعيد باب سجر
8112,al-Imām `Uthmān b. al-Shaykh,الامام عثمان بن الشيخ
8113,al-Qāḍī `Isa b. Muḥammad al-Maῡlῡd al-Arawānī,القاضي عيسى بن محمد المولود الأرواني
8114,`Abd al-Rahman al-Kinātī,عبد الرحمن كناتي
8117,Maḥfῡẓ b. Muḥammad,محفوظ بن محمد
8118,Ibn al-Qārdī,ابن القارضي
8119,`Umar b. Aḥmad,عمر بن أحمد
8120,b. Muḥammad b. `Abd Allāh,بن محمد بن عبد الله
8121,Alfā Ibrāhīm,ألفا إبراهيم
8124,al-Shaykh Sīdiyya al-Arawānī,الشيخ سيدي الأرواني
8125,Imām Ibrāhīm,إمام إبراهيم
8126,Muḥammad Mῡsa b. `Abd Allāh / Muḥammad al-Șiddīq,محمد موسى بن عبد الله/ محمد الصديق
8127,al-Ḥājj Mῡsa,الحاج موسى
8128,Sīdi b. Maḥmῡd,سيد بن محمود
8130,al-Imām `Amtingh,الإمام عمتنغ
8131,Imām b. Șiddīq,إمام بن صديق
8132,Zayd b. Bāba b. Sīdiyya,زيد بن باب
8133,Muḥammad al-Amīn b. Ḥamād al-Arawānī,محمد الأمين بن حامد الأرواني
8134,Zakariyyā' Samak,زكريا سمك
8135,Muḥammad Mῡsa b. `Isa b. Muḥammad al-Sharīf,محمد موسى بن عيسى بن محمد الشريف
8136,Maḥmῡd b. Sa`īd,محمود بن سعيد
8137,Aḥmad b. Fῡdī,أحمد بن فودي
8139,Ibrāhīm Fafan,ابراهيم ففن
8140,Karam,كَرَمَ
8141,Muḥammad al-Amīn b. Alfā Bābā Ṭanab,محمد الأمين بن ألفا بابا طنب
8142,Muhammad Sa`īd b. Ḥabīb Allāh,محمد سعيد بن حبيب الله
8143,Yῡsuf al-Gharīb,يوسف الغريب
8144,Aḥnayyī b. Aḥmad b. al-Ṭāhir al-Ansārī,أحنيى بن أحمد بن الطاهر الأنصاري
8145,Muḥammad b. `Umarῡ Muḥammad b. Babakr,محمد بن عمرو محمد بن ببكر
8146,Muḥammad Maḥmῡd,محمد محمود
8147,al-Qāsim b. Abi Bakr,القاسم بن أبي بكر
8148,al-Imām Shaghal,الإمام شغل
8149,Ibrāhīm Kawbar,إبراهيم كوبر
8150,Muḥammad b. Sa`īd al-Dalāṣī al-Baṣīrī,محمد بن سعيد الدلاصي البصيري
8151,al-Qāḍī Jidd b. Sīdi Muḥammad b. Ḥamād,القاضي جد بن سيد محمد بن حامد
8154,Abu Bakr b. Harῡn,أبو بكر بن هورى
8157,Muḥammad b. Mῡsa al-Fāhath,محمد بن موسى الفاهث
8158,`Alī b. `Uthmān b. Muḥammad al-Farghānī al-'Ushī,علي بن عثمان بن محمد الفرغاني الأوشي
8159,`Abd Allāh b. Muḥammad b. al-Hājj,عبد الله بن محمد بن الحاج
8160,Muḥammad Mῡsa b. `Isa al-Arawānī,محمد موسى بن عيسى بن محمد المولود
8162,Muḥammad b. `Umar al-Akhḍarī,محمد بن عمار الأخضري
8165,Samr b. Buḍḍa,سمر بن بوض
8167,al-Imām Alfā Sālim b. al-Imām Bābir,الإمام الفا سالم بن الإمام بابير
8168,Muḥammad Mῡsa b. `Isa b. Maḥmud Aḥmad b. Muḥammad,محمد موسى بن عيسى بن محمود أحمد بن محمد
8169,al-A`mash,الأعمش
8170,Zayn al-Dīn Abī al-`Abbas,زين الدين أبي العباس
8171,al-Shaykh al-Maḥmῡd b. Ḥamād al-Sῡqī,الشيخ المحمود بن حماد السوقي
8172,`Abd Allah b. Muḥammad al-Manāwī,عبد الله بن محمد المناوي
8173,Musa b. al-Faqih `Uthmān b. Ibrāhīm,موسى بن الفقيه عثمان بن ابراهيم
8175,al-Ṭafarānī,الطفراني
8176,Abī Jāzam,أبي جازم
8177,Abū Misrī al-Dukālī,أبو مسري الدكالي
8178,Safyān al-Thῡrī,سفيان الثورى
8179,al-Anbārī al-Andalusī,الأنبارى الأندلسي
8180,Abῡ Muḥammad `Abd al-Qādir b. Abī al-Ḥasan `Ali al-Fāsī,أبو محمد عبد القادر بن أبي الحسن علي الفاسي
8181,Aḥmad b. al-`Abbās,أحمد أبي العباس
8183,Aflāṭan al-Ḥakīm,أفلاطون الحكيم
8185,al-Muṣṭafa b. Muḥammad b. Muḥammad b. al-Qāḍī b. Muḥammad b. `Uthmān al-Sῡsī,المصطفى بن محمد بن محمد بن القاضي بن محمد بن عثمان السوسي
8186,al-Ḥakīm Aflāṭan,الحكيم افلاطن
8187,Ibn al-`Arabī,إبن العربي
8189,Abῡ `Alī Sīdna al-Ḥasan b. Masῡ`d al-Bῡsī,أبو علي سيدنا الحسن بن مسعود البوسي
8190,al-Baghdādī,البغدادي
8193,`Abd Allāh b. Salām b. Mashīsar (?),عبد الله بن سلام بن مشيسر
8194,al-Ṭīlīṭalī,الطيليطلي
8196,`Alī b. al-Ḥājj Manṣῡr,علي بن الحاج منصور
8197,`Abd al-Azīz al-Makkī,عبد العزيز المكي
8198,`Abd al-Karīm b. Muḥammad,عبد الكريم بن محمد
8199,`Abd al-Raḥman b. al-Ḥājj Manṣῡr b. Muḥammad Mubārik,عبد الرحمن بن الحاج منصور بن محمد المبارك
8200,`Abd al-Raḥman b. al-Mukhtār b.  Muḥammad,عبد الرحمن بن المختار بن محمد
8201,`Abd al-Raḥman b. al-Qāḍī b.  al-Sharif al-Kābarī,عبد الرحمن بن القاضي بن شرف الكابري
8202,`Abd al-Raḥman b. Zayyr,عبد الرحمن بن زبير
8203,`Umar b. Alfā Naykān,عمر بن ألفا نيكان
8204,Abī al-Yān Rayyj,بني اليان ريج
8205,Abῡ al-`Abbās Sīdi Aḥmad,أبو العباس سيد أحمد
8206,Abῡ al-`Abbās b. Aḥmad b. Ḥamād b. Muḥammad al-Barnῡmī,أبو العباس بن أحمد بن حماد بن محمد البرنومي
8207,Abῡ Bakr b. al-Imām Muḥammad b. al-Imām Sa`īd,أبو بكر بن الإمام محمد بن الإمام سعيد
8208,Abῡ Bakr b. al-Mukhtār b. Muḥammad b. al-Mukhtār b. Muḥammad al-Kuntī,أبو بكر بن المختار بن محمد بن المختار بن محمد الكنتي المداح
8209,Aḥmad b. al-Faqīh al-Muṣṭafa,أحمد بن الفقيه المصطفى
8210,Aḥmad b. Baraka,أحمد بن بركة
8211,Aḥmad b. Ibrāhīm b. `Abd Allāh,أحمد بن إبراهيم إبن عبد الله
8212,Aḥmad b. Muḥammad b. Aḥmad,أحمد بن محمد إبن أحمد
8213,al-`Atīq b. Sīdi Bubakr b. Muḥammad b. `Abd Allāh,العتيق بن سيد ببكر بن محمد بن عبد الله
8214,Alfā `Umar b. Abī Bakr,ألفع عمر بن أبي بكر الملقب بويدر الفلاني
8215,Alfā `Umar b. Alfā `Alī,ألفا عمر بن ألفا علي
8216,Alfā` Baghayogho b. Alfā` Bubakrna`,ألفع بغيغ بن ألفع ببكرنع
8217,Alfā` Bīr Alfā` `Alī,ألفع يير بن ألفع علي
8218,al-Imām al-Bakrī,الإمام البكري
8219,al-Imām Bābā b. al-Muṣṭafa,الإمام باب بن المصطفى
8220,al-Muṣṭafa b. Sanba al-Fulānī,المصطفى بن سنب الفلاني
8221,al-Șāliḥ b. Mῡsa,الصالح بن موسى
8224,al-Shaykh al-Imām al-Kāsha`rī al-Ḥanafī,الشيخ الإمام الكاشعري الحنفي
8225,al-Shaykh Muḥammad al-Tahāmī,الشيخ محمد التهامي
8226,Bāba al-Darāwī b. Muḥammad Mῡlῡd,باب الدراوي بن محمد مولود
8227,Bābā b. al-Imām Muḥammad Kῡradī,بابا بن الإمام محمد كوردي
8228,Bābā Janῡ b. al-Muṣṭafa ibn Abī Bakr b. Muḥammad,بابا جنو بن المصطفى إبن أبي بكر بن محمد
8229,Bābā Sinn Tāwī,بابا سن تاوى
8230,Ibn Șālih,ابن صلاح
8231,Ibrāhīm b. Muḥammad al-Amīn ibn Muḥammad al-Hādī,إبراهيم بن محمد الأمين إبن محمد الهادي
8232,Mahmῡd b. Muḥammad b. `Abd al-Karīm al-Fulānī,محمود بن محمد بن عبد الكريم الفلاني
8233,Muḥammad al-Bukhārī b. Bābā b. Muḥammad b. Muḥammad Baghayogho,محمد البخاري بن بابا بن محمد بن محمد بغيغ بن محمد كردو الفلاني
8235,Muḥammad al-Ḥājj Muḥammad Kurī,محمد الحاج محمد كور
8236,Muḥammad al-Tahāmī,محمد التهامي
8237,Muḥammad al-Tarsānī,محمد الترساني
8238,Muḥammad b. Abī Bakr al-Fulānī,محمد بن أبي بكر الفلاني
8239,Muḥammad b. Abī Bakr ibn Aḥmad,محمد بن أبي بكر إبن أحمد
8240,Muḥammad b. Aḥmad b. `Uthmān,محمد بن أحمد بن عثمان
8241,Muḥammad b. Alfā al-Fulānī,محمد بن ألفع الفلاني
8243,Muḥammad b. Alfā Yankānaw,محمد بن ألفا ينكانوا
8245,Muḥammad b. al-Ḥabīb b. `Abd Allāh,محمد بن الحبيب بن عبد الله
8246,Muḥammad b. al-Ḥusayn,محمد بن الحسين
8247,Muḥammad b. Muḥammad b. Abī al-Qāsim Bakārī,محمد بن محمد بن أبي القاسم البكاري
8248,Musa al-Shaykh b. Mῡlāy `Alī,موسى الشيخ بن مولاي علي
8251,Shaykh b. al-Muṣṭafa,شيخ بن المصطفى
8252,Sīdi Muḥammad al-Tahāmī,سيد محمد التهامي
8253,Zayyān b. Muḥammad al-Ḥasanī,زيان بن محمد الحسني
8254,Abῡ al-`Abbās b. Aḥmad b. Nāṣr b. `Alī al-Baghdādī,أبو العباس بن أحمد بن ناصر بن علي البغدادي
8255,Abῡ Zayd `Abd Allāh b. al-Shaykh al-Barka al-Qadawa Sīdī Safīr b. Muḥammad b. `Ᾱmar,أبو زيد عبد الله بن الشيخ البركة القدوة سيدي سفير إبن محمد إبن عامر
8257,al-Shaykh Aḥmad al-Muṣṭafa,الشيخ أحمد بن المصطفى
8258,Idrīs Jarr,إدريس جر
8259,al-Ḥāfiẓ `Uthmān b. al-Ḥasan,للحافظ عثمان بن الحسن
8260,al-Mukhtār b. al-Imām Maḥmῡd b. Muḥammad al-Fulānī,المختار بن الإمام محمود بن محمد الفلاني
8261,al-Mukhtār b. Sīdi Bābā Aḥmad al-Kuntī,المختار بن سيد بابا أحمد الكنتي
8263,`Abd Allāh b. Sulṭān,عبد الله بن سلطان
8264,al-Muṣṭafa b. al-Faqīh Ṭālib `Uthmān Sῡsī,المصطفى بن الفقيه طالب عثمان سوسي
8265,al-Ḥasan b. al-Ḥājj Aḥmad,الحسن بن الحاج أحمد
8266,Hamza b. `Umar al-Khayā,همزة ابن عمر الخيا
8267,Muḥammad al-Shaykh,محمد الشيخ
8268,Ibn `Uthmān Muḥammad Bayān Yaytī,ابن عثمان محمد بَايَنْ تيتي
8269,`Abdu b. Lamī,عبد بن لمي
8271,Ṭāhir Tarawarī,طاهر تروري
8273,Dāwud,داود
8274,Muḥammad b. Sidāt,محمد ابن سيدات
8275,al-Ḥājj Muḥammad b. Imām b. al-Ḥājj `Umar al-Tarawalī al-Ṣāwī,الحاج محمد بن إمام بن الحاج عمر ترولي الصاوي
8276,Ba`d Allāh Fān,بعد الله فان
8277,Bubakr b. Muḥammad Kalan,ببكر بن محمد كلن
8279,Ghabraḥīm b. Muḥammad b. Barka,غبراهيم بن محمد بن برك
8280,Quw Bābā Sanakumu,قُوْ بابا سَنكُمْ
8281,Muḥammad b. Sharīf al-Mukhtār,محمد ابن شريف المختار
8282,Bubakr `Umar,ببكر عمر
8283,Muḥammad Sankāri,محمد سنكار
8284,al-Ḥājj Shaykh,الحاج شيخ
8285,Muḥammad b. Aḥmad b. Sanu,محمد بن أحمد بن سن
8286,Bābā Barī,بابا بري
8287,Sanba Tankarā,سنب تنكرا
8289,Ᾱbb b. Muḥammad,آب بن محمد
8291,"Sīdi b. Muḥammad al-Amīn ""Ghawghī""",سيد بن محمد الأمين الملقب بغوغي
8292,Alfā Mawl b. Alfā Abī Bakr,ألفا مول بن ألفا أبي بكر
8293,Malik b. Aḥmad,مالك بن أحمد
8294,Māma Nāf,مام ناف
8295,`Uthmān Fāfā,عثمان فافا
8297,al-Imām Ṭaṭa` Qāsim Tarāwarī (Traoré),الإمام ططع قاسم تراوري
8298,Muḥammad Danab,محمد دنب
8300,al-Dāh b. Aḥmad b. al-Ṭālib Ṣāliḥ,الداه بن أحمد بن الطالب الصالح
8302,Alfā Lamīn b. Alfā Muḥammad Drāmī,ألفا لمين بن ألفا محمد درامي
8303,`Abd Allāh Bisank,عبد الله بسنك
8304,al-Ḥājj Ṣāliḥ b. al-Mām,الحاج صالح بن المام
8305,Muḥammad b. Mālik,محمد بن مالك
8307,Amīr Alfā Sana`ῡ al-Farhad,أمير ألفا سنعو الفرهد
8308,Ibrāhīm b. al-Bashīr,إبراهيم بن البشير
8309,Sa`īd Kunātī b. al-Amīn,سعيد كناتي بن الأمين
8310,Munīr Kinīnī,منير كنيني
8312,Sanmuwī Sīdi Yaḥya,سنموي سيد يحيى
8313,Dāwud Sawa,داود سوا
8314,al-Ḥasan b. Muḥammad,الحسن بن محمد
8315,Bu `Amām b. Bābā,بو عمام بن باب
8316,`Abd al-Mῡsa b. `Umar Sanbar,عبد موسى بن عمر سنبر
8317,Muḥammad Sīssī (Cissé),محمد سيسي
8318,Sanda wuld Muḥammad,سند ولد محمد
8319,`Allāl b. al-Ᾱ`rīb,علال بن الأعريب
8320,Abῡ Bakr Muḥammad Mubārak,أبو بكر محمد مبارك
8321,Abī Bakr b. Muḥammad,أبي بكر بن محمد
8322,Kantu Qῡtῡ,كنتو قُوتُو
8323,Maḥam Sātara,محم ساتر
8325,Qafā Thamata bint Muḥammad Thamata,قَفَا ثَمَتَ بنت محمد ثمَتَ
8326,Kaba,كب
8327,Falāb Dakuwā,فلاب دكوا
8328,Yummaslā bint Muḥammad Sillā,يُمَّاسلا بنت محمد سلا
8329,`Uthmān al-Ḥājj,عثمان الحاج
8330,Muḥammad Jābī,محمد جابي
8331,`Azīz,عزيز
8332,Sīdi Bubakr b. Sīdi al-`Arabī,سيد ببكر بن سيد العربي
8333,Ṣiddīq,صديق
8334,Kuwānā Buruw,كُوانا بُرُوْ
8335,Bābā Kabaraṭa,بابا كبرط
8336,Aḥmad al-Qāḍī Aḥmad Bābā,أحمد بن القاضي أحمد باب
8337,Aḥmad b. Muḥammad b al-Imām,أحمد بن محمد بن الإمام
8338,Shaykh b. Balkī ibn Khādim Abīk,شيخ بن بلكي ابن خادم أبيك
8339,al-Sālik bint Sīdi Muḥammad,السالك بنت سيد محمد
8340,Muḥammad b. `Abd Allāh b. al-Ṭālib,محمد بن عبد الله بن الطالب
8341,Marīam,مريم
8342,Muḥammad al-Sālik b. Muḥammad al-Amīn,محمد السالك بن محمد الأمين
8343,Mῡlāy al-Sharīf al-Sayid Muḥammad b. Mῡlāy `Alī,مولاي الشريف السيد محمد بن مولاي أعل
8344,Amīr Hama b. `Alī,أمير هم بن علي
8345,Kawdij,كود يج
8346,`Umar Jitī,عمر جتي
8347,Bāba Kamiyan,باب كَمِينْ
8350,Maḥam Quwwat Zāghawī,محم قوة زاغوى
8351,Sidi al-Amīn b. Ḥamī,سيد الأمين بن حمى
8352,`Isa b. Aḥmad b. al-Ḥājj Muḥammad Khaynā,عيسى بن أحمد بن الحاج محمد خينا
8353,Adam Kuma ibn Maḥam Kuma (from Kinatī),آدم كُومَ ابن محم كُمُ في مدينة كنتى
8355,`Isa b. Abī al-`Abbās b. `Umar,عيسى بن أبي العباس بن عمر
8356,Mῡlāy `Abd al-Qāḍīr b. Sīdi Zayān al-Sharīf,مولاي عبد القادر بن سيد زيان الشريف
8357,Mῡlāy `Abd Allāh,مولاي عبد الله
8358,Sharmī b. al-Ḥānafī Ḥayyun,شرمي بن الحانفي حَيُّون
8359,Imbārak b. Imbārak b. Abdān,امبارك بن امبارك بن أبدان
8361,Muḥammad b. Aḥmad Akād,محمد بن أحمد أكاد
8364,al-Ḥasan b. Shaykh Zayd,الحسين بن شيخ زيد
8365,Aḥmad b. al-Shaykh,أحمد بن شيخ
8366,Nāna `Aysha bint Dāwῡd `Amār Maygha,نان عيش بنت داوود عمار ميغ
8367,Muḥammad b. Sākaman b. Alfā Bāba,محمد بن ساكمن ابن ألفا باب
8368,`Alī b. Sirr Mῡlāy,علي بن سر مولاي
8369,`Abd al-Ṣālaḥ b. al-`Abbās,عبد الصالح بن العباسي
8370,"Muḥammad ""Alfā Jund ibn Armabī""",محمد الملقب بألفا جند ابن ارمبى
8371,Khasimu,خَسِمُ
8372,`Uthmān Ibrāhīm,عثمان إبراهيم
8373,al-Hāfiẓ b. A`lī b. Ḥamād,الحافظ بن أعلى بن أحماد
8374,Sīdi b. Alfā Sa`īd,سيد بن الفا سعيد
8375,Ibrāhīm Amrīdā,إبراهيم أميردا
8376,Mῡlāy al-Ḥasan b. Sīdi Muḥammad b. al-Ḥājj b. Ḥamādū  ‘Abd al Raḥmān b. Aḥmad b. Sidātī b. Qaṣabat Sīj Mulūk,مولاي الحسن بن سيد محمد بن الحاج بن حماد وعبد الرحمن بن أحمد بن سداتي بن قصبت سيج ملوك
8377,Bābā al-Ḥājj Sīssī (Cissé),باب الحاج سيسي
8378,Aḥmad al-Ṭāhir,أحمد بن الطاهر
8379,Hama b. Ḥamatāh,هم بن حمتاه
8382,al-Mahdī b. Muḥammad al-Mukhtār,المهدي بن محمد المختار
8383,al-Muṣṭafa b. Ṭālib Alfā `Uthmān Sῡsi,المصطفى بن طالب ألفا عثمان سوس
8384,Imām Ṣagha,إمام صَغَ
8385,Muḥammad Yāru Alfā Yāru,محمد يارُ ألفا يارُ
8386,Aḥmad b. Ṣiddīq,أحمد بن صديق
8387,Aghasa Dhanimil,أَغَسَ ذَ نِمل
8388,Bani ibn Hama,بني ابن همى
8389,Kukῡ Alfā Shaykh Kabr,ككوو ألفع شيخ كبر
8390,Aḥmad b. Abī al-A`rāf,أحمد بن أبي الأعراف
8391,Alfā Abī Bakr `Arafa,ألفا أبي بكر عرف
8392,Ḥamad Nasn Malik,حمد نسن ملك
8393,Ḥāmad b. Aḥmad,حامد بن أحمد
8394,Yad b. Sanba Bῡy al-Fulānī al-Māsinī,يد بن سنبا بوي الفلاني الماسني
8395,Maḥam Quwataw in Nina,محم قُوَ تَوْ في مدينة نين
8397,Kamanda and Dābra Yafanak,كمندا ودابرة يفنك
8398,`Umar b. Aḥmad Bābā Qāḍī Timbuktu,عمر بن أحمد بابا قاضي تنبكت
8399,al-Amīr Muḥammad b. Abῡ Bakr,الأمير محمد بن أبي بكر
8400,al-Qāḍī Alfā `Abd Allāh b. Ḥambalāṭ,القاضي الفا عبد الله بن حمبلاط
8401,Ḥamari Sῡbas,حَمَرِ سُو بس
8402,al-Ḥākim al-Sayd Kumanda,الحاكم السيد كمند
8403,`Abd al-Qāḍīr b. `Uthmān,عبد القادر بن عثمان
8404,Kimnad and Sārfar,كِمند وسارفر
8406,`Alī b. `Umar b. Aḥmad b. Muḥammad b. Muḥammad Yarra,عال بن عمر بن أحمد بن محمد بن محمد ير
8407,Muḥammad b.,محمد بن
8409,Sālih b. al-Qāḍī,صالح بن القاضي
8410,Muḥammad al-Ḥama`a,محمد الحمعة
8411,Khalīd Nādī,خليل نادي
8413,al-Sālik bint Aḥmad,السالك بنت أحمد
8414,Buṣārī,بوصاري
8415,Arzaq,أرزق
8416,Bāba Alfā Sina,باب الفا سن
8417,`Abd Allāh Amīr Alawā b. Bubakr,عبد الله أمير ألوا بن بوبكر
8418,`Alī b. Sāmurī b. Bāba Anwāyj,علي بن ساموري بن باب أنوايج
8419,Muḥammad b. Abī al-Qāsim b. al-Qāḍī Abῡ Bakr,محمد بن أبي القاسم بن القاضي أبي بكر
8420,`Abddīn b. Nājim,عبدين بن ناجم
8421,Muḥammad b. Alfā `Uthmān,محمد بن ألفا عثمان
8422,Ḥusayn ibn Nῡr,حسين ابن نور
8423,Anbarik Lasin,أنبرك لا سن
8425,Alfā Ḥamay b. Ḥamay Ibn Ayj,ألفا حمي بن حمى ابن ايج
8426,Ḥalīm,حليم
8427,Quṭab Darābī,قطب درابي
8429,students of al-Shaykh `Abd Allāh,تلميذه
8430,Abῡ Bakr b. Badr `Ᾱli,أبي بكر بن بدر عال
8431,Abba b. War,أب بن ور
8432,Ismā`il Shah,إسماعيل شه
8433,Bābā Sidi Yaḥya,بابا سيد يحيى
8434,Kukῡ Kīta`,ككو كيتع
8435,al-Imām Tarāwarī (Traoré),الإمام تراروي
8436,Muḥammad b. Fanda`m,محمد بن فندعم
8437,Bubakr b. Aḥmad,ببكر بن أحمد
8438,"Alfā `Abd al-Raḥman ""Tadhḥaman""",ألفا عبد الرحمن الملقب بتذحَمَنْ
8439,Nāna bint Sīdiyya b. `Urwah,نان بنت سيدي بن عروة
8440,`Akīd bint Aḥmad,عكيد بنت أحمد
8441,Ḥamma Kayaghamu,حمٌ كيغم
8442,Shaykh Mursīd b. Bāba,شيخ مرسيد بن باب
8443,"Sidi Muḥammad ""Mama b. `Abd al-Raḥman"" al-Anṣārī",سيد محمد الملقب بمم بن عبد الرحمن الأنصاري
8444,`Abd Allāh b. `Alī,عبد الله بن علي
8445,Ibn Ḥāmid,ابن حامد
8446,Bilāl b. Farj and his wife `Amīnah bint Ibrāhīm,بلال بن فرج وزوجته عمينه بنت إبراهيم
8447,Jumān,جُمَانْ
8448,`Ᾱshurā',عاشوراء
8449,Muḥammad b. al-Faqīh Dῡnikī,محمد بن الفقيه دونكي
8450,Ṣiddīq b. al-Faqīh Sulaymān Yaru,صديق بن الفقيه سليمان يَارُ
8451,Aḥmad b. `Uthmān,أحمد بن عثمان
8452,Ma`ṭā Allah,معطى الله
8453,`Abd al-Karīm,عبد الكريم
8454,Ṣiddīq b. Qāsim,صديق بن قاسم
8455,Sīssī (Cissé) Malḥama al-Shāmī,سيسي ملحم الشامي
8456,Sīdiyya b. Bāba,سيدي بن باب
8457,al-Janāwī,الجنّاوي
8458,`Araqa b. Yākāna Īyyji,عَرَقَ بن يا كان ايج
8460,Aḥmayat,أحميت
8461,Yaḥya Tarawalī,يحيى ترول
8462,Ḥam b. `Abd al-Raḥman,حم بن عبد الرحمن
8463,Karamughu Jābi,كرمغ جاب
8464,Alfā Mῡy b. Sīdi Alfā Bābā Sīssī (Cissé),ألفا موي بن سيد ألفا باب سيسي
8465,Abῡ Yazīd al-Bisṭāmī,أبو يزيد البسطامي
8466,Taytī Sanba,تيتي سنبى
8467,Muḥammad Tarayrā b. Fῡba,محمد تريرا بن فوب
8468,al-Imām Banghu,الإمام بَنغُ
8469,Aḥmad Yaddu,أحمد يَدُ
8470,Bākῡbah Wulālabī,بَاكُوُ بَه وُلالبي
8471,Abῡ Bakr b. `Arafa and Maḥmῡd b. `Arafa,أبو بكر بن عرف ومحمود بن عرف
8472,Imām Yarfa`wā,إمام يرفعوا
8473,Mῡsa b. Mahdī,موسى بن مهدي
8474,al-Ḥajj Balīna,الحج بلين
8475,Muḥammad Bulu Nāmī al-Sharīf,محمد بل نامي الشريف
8476,Sīdu Buṭuyj,سيْدُ بُطُيج
8477,Māma Tību,مام تيب
8478,al-Qāḍī Maḥmῡd Dghῡm Maḥmῡd,القاضي محمود دغوم محمود
8479,Nῡr,نور
8480,Bābī Rīrasāni,بابي ريرسان
8482,Māma Kūkayna b. Aḥmad,مام كوكين بن أحمد
8483,Dawῡd Fῡfana,دوود فوفن
8484,Fāṭima bint al-Imām from Kumu,فاطم بنت الإمام في بلد كُمُ
8487,Muḥammad Shīsaghu,محمد شيسغ
8489,Bābā b. `Abd Allāh al-Ḥaddād,بابا بن عبد الله الحداد
8490,Wālada Manāt bint Sājj,والدة منات بنت ساج
8491,Kamandam Sarki,كمندم سرك
8493,Abῡ Muḥammad b. `Abd Allāh,أبو محمد بن عبد الله
8494,Ibn Bashkwāl,ابن بشكوال
8495,Muḥammad Sabaṭ,محمد سبط
8496,Ibn Abī Jaḥla,ابن أبي جحلة
8497,Amīr Haybam,أمير هيبم
8498,Ḥasan,حَسَنْ
8499,al-Ḥākim Muḥammad b. `Alī Farīj,الحاكم محمد بن علي فريج
8501,Alfā Mawī al-Ḥasan Hashī,ألفا موي الحسن هشى
8502,Ᾱl Yaru,ءال ير
8503,`Urwah b. Ḥamād b. al-Mukhtār,عروة بن حماد بن المختار
8504,`Abd Allāh b. Muḥammad al-Ṭāhir,عبد الله بن محمد الطاهر
8505,Ṣiddīq Janafῡ and al-Qāsim Janafῡ,صديق جنفو والقاسم جنفوا
8506,Muḥammad Samba al-Za`rānī,محمد سمب الزعراني
8509,Sīdiyya `Alī b. Wafā,سيدي علي بن وفا
8511,Ku Badīna,كُو بَدِ ينَ
8512,`Abd al-Wāḥid b. Bubakr,عبد الواحد بن ببكر
8513,`Umar Kabrī,عمر كبرى
8514,Abῡ Bakr Sarbī,أبو بكر سربي
8515,‘Ā’isha Kulubali,عائشة كلبل
8516,al-Imām Kinātī,الإمام كُنَاتي
8517,al-Ṣiddīq from the town of Qadu,الصديق في قرية قَضُ
8518,Mῡlāy Iltahām b. Mῡlāy Aḥmad,مولاي إلتهام بن مولاي أحمد
8519,`Umar Muḥammad Kalī and Sāju ibn Mālik,عمر محمد كلي وسَاجُ ابن مالك
8520,Maḥman,محمن
8521,Nfāba Ba Danbilī,نَفَابَ بَ دَ نْبلى
8522,al-Ḥājj `Isa,الحاج عيسى
8523,Aḥmad `Uthmān,أحمد ابن عثمان
8524,Zakariyyā',زكريا
8525,`Abd al-Raḥmin Ḥaydara,عبد الحمن حيدر
8526,al-Ṭālib b. al-Ṭālib,الطالب بن الطالب
8527,Alāy al-Mashῡb b. `Abd Wamaḥa Kumῡtā,الاي المشوب بن عَبد ومَحَ كَمَواتا
8528,Amīr Buqīu,أمير بُقِىُ
8529,Kamandam,كمندم
8532,Ṣiddīq b. al-Wālid b. Māna,صديق بن الوالد بن مان
8533,Amīr Fandῡraku,أمير فندوركوْ
8534,Muṭrid al-Bādirnī,مطرد البادرني
8535,Ja`far,جعفر
8536,al-Imām al-Sayid Muḥammad al-Murjānī,الإمام السيد محمد المرجاني
8537,Jahra Fufanā,جَهْرَ فُفَنَا
8538,Alfā Sīd,ألفا سيد
8539,Awāb,أواب
8540,Alfā `Umar b. Badr Ghāb,ألفا عمر بن بدر غاب
8541,Muḥammad Tiyarī b. Alfā `Uthmān,محمد تيري بن ألفا عثمان
8542,Maḥmῡd Kulubali,محمود كلبل
8543,Sulaymān Kῡtā,سليمان كوتا
8544,Muḥammad b. Sa`īd al-Salawī,محمد بن سعيد السلوي
8545,Abῡ Muḥammad al-Gharawī,أبو محمد الغروي
8546,al-`Ᾱfilu ibn Futῡḥi,اَلَعَافِلُ ابْنُ فُتُوحٍ
8547,Sulaymān b. Ḥusayn,سليمان بن حسين
8548,Isma`īl,إسمعيل
8549,Sīdi Muḥammad b. Aḥmad,سيد محمد بن أحمد
8550,al-Shahāb,الشهاب
8551,Abῡ Muḥammad b. `Alī al-Rajjī,أبو محمد بن علي الرجي
8552,Bihā' al-Dīn b. Zakariyyā al-Qurashī,بهاء الدين بن زكريا القرشي
8553,Abῡ Bakr al-Shabalī,أبو بكر الشبلي
8554,al-Amīr al-Kāhī,الأمير الكاهي
8555,Muḥammad b. Muḥammad Aḥmad Inthahū Sāy,محمد بن محمد أحمد إنثهُو ساَيْ
8556,Fataq Kinātī,فتق كناتي
8557,Sulaymān Samaki,سليمان سَمَكِ
8558,Ḥamad b. al-Ṣiddīq,حمد بن الصديق
8559,Ṣāliḥ Kan,صالح كن
8561,al-Imām Gharaki,الإمام غرك
8562,Muḥammad b. Tarawali,محمد ابن ترول
8563,Aḥmad Bābā,أحمد بابا
8564,Abῡ Bakr ibn Hawāl,أبو بكر ابن هوال
8565,al-Imām b. Anas,الإمام بن أنس
8566,al-Ḥājj Ghawth Karamughu b. al-Imām Masirī al-Bamakī,الحاج غوث كرمغ بن الإمام مسري البمكي
8567,Muḥammad b. `Abd al-Malik b. Sha`bān al-Lakhmī,محمد ابن عبد الملك بن شعبان اللخمي
8568,Muḥammad b. A`ali b. `Abd Allāh b. Ḥamād al-Dar`ī,محمد بن أعل بن عبد الله بن أحماد الدرعي
8571,Muḥammad b. Bābā,محمد بن بابا
8572,`Abd Allāh b. Bῡkā Ta`fī,عبد الله بن بوكا تعفى
8573,Qāsim b. al-Qāḍī,قاسم بن القاضي
8574,Fāṭima Kulubali,فاطم كلبل
8575,Mawlūd,مولود
8576,Aḥmad b. Inbārika,أحمد بن أنبارك
8577,Alfā Muḥammad Sīlla,ألفا محمد سِيلاَ
8578,Marīam bint Sīdi `Alī,مريم بنت سيد عال
8579,Ḥasan b. Bati,حسن بن بَتِ
8580,al-Shaykh Aḥmad ibn `Alī b. Aḥmad,الشيخ أحمد ابن علي ابن أحمد العباسي
8581,Bahāh b. Mῡlāy `Abd Allāh,بهاه بن مولاي عبد الله
8583,Ḥāmad Tarawalī from Sukal,حامد ترول في بلد سُكَل
8584,al-Shaykh Shārafῡ,الشيخ شارفوا
8585,Saykau Qurayshi,سيكوا قريش
8586,al-Shaykh `Abd al-Khalīl b. Aḥmad,الشيخ عبد الخليل بن أحمد
8587,`Abd al-Raḥman b. Aḥmad al-Bakkāy,عبد الرحمن بن أحمد البكاي
8588,`Abdāl b. Ṣasῡn,عبد ال بن صسون
8589,Muḥammad al-Madān b. `Arafa,محمد المدان بن عرف
8590,al-Ḥasan al-Baṣīrī,الحسن البصيري
8591,Muḥammad b. Ṣāliḥ,محمد بن صالح
8592,Jīrī,جيري
8593,Abῡ Hurīra,أبو هريرة
8594,Dhahl ibn Shaybān,ذهل ابن شيبان
8595,Abῡ Muzāḥim,أبو مزاحم
8596,Abī Ishaq Ibrāhīm al-Ilbirī al-Andalusī,أبي إسحاق إبراهيم الألبيري الأندلسي
8597,al-Ḥājj Muḥammad b. Fῡdī,الحاج محمد بن فودي
8775,`Abd al-Qādir al-Ḥaysī,عبد القادر الحيسي
8776,`Abd Allāh b. Sa`ād,عبدالله بن سعاد
8777,Muḥammad b. `Alī,محمد بن على
8778,Muḥammad al-Malakī,محمد الملكي
8779,Abῡ Muḥammad `Abd Allāh al-Biskrī,أبو محمد عبد الله البسكري
8780,`Abd Allāh b. Muḥammad b. Isḥāq,عبد الله بن محمد بن إسحاق
8781,al-Shaykh al-Bukhārī Ṣāḥab,الشيخ البخاري صاحب الصحيح
8782,Muḥammad b. Ya`qῡb b. Mῡsa Saḥnῡnī,محمد بن يعقوب بن موسى سحنوني
8784,Kalā al-Suqī al-Masami,كلا السوقي المسمى
8785,al-`Ᾱqib al-Sῡsī,العاقب السوسي
8786,Ibrāhīm Bul`arāf,إبراهيم بلعراف
8787,Abῡ Bakr al-Ḥanāfī,أبوبكر الحنفي
8790,`Abārbin Anbārik b. Barkā,عباربن انبارك بن بركا
8791,Muḥammad al-Bāqī,محمد الباقي
8792,Muḥammad b. al-Ḥājj Muḥammad,محمد بن الحاج محمد
8793,al-Shaykh Aḥmad al-Tijānī,الشيخ أحمد التيجاني
8794,al-Shaykh b. Ibrāhīm,للشيخ بن إبراهيم
8795,al-Ṣiddīq b. al-Dīn,الصديق بن الدين
8797,Mῡlāy Muḥammad b. Mῡlāy al-Ḥasan,مولاي محمد بن مولاي الحسن
8798,Malik b. Abi Bakr,مالك بن أبي بكر
8799,Balagham Abā`ῡrā,بلغم أباعورا
8800,`Aṭāh b. Ja`far b. Muḥammad Ṣiddīq,عطاه بن جعفر بن محمد صديق
8801,Muḥammad al-Ḥabib ibn al-Mahdī,محمد الحبيب ابن المهدي
8802,Muḥammad al-Rafaq b. Muḥammad  Ibrāhīm al-Ghalāwi,محمد الرفق بن محمد إبراهيم الغلادي
8803,al-Shaykh Aḥmad b. al-Shaykh Muḥammad al-Hāfiẓ,الشيخ أحمد بن الشيخ محمد الحافظ
8804,Abu `Abd Allāh Muḥammad al-Mahdī,أبو عبد الله محمد المهدي
8805,Muḥammad al-Mubārik b. Ḥamma,محمد المبارك بن حمم
8810,Muḥammad b. Mbārik,محمد بن امبارك
8811,Abῡ Bakr b. Muḥammad b. Mῡsa,أبو بكر بن محمد بن موسى
8814,Muḥammad b. al-Mubārik b. Sharīf,محمد بن المبارك بن شرف
8815,Lisab Jidan,لسب جيدان
8816,Muḥammad al-Fῡtī,محمد الفوتي
8817,Dandar b. Bayaghu al-Mawād,دندر بن بيغ المواد
8818,Bubakr al-Mubārik b. Ṣafar,ببكرين المبارك بن صفر
8819,Maḥmῡd b. Muḥammad Ṭafī,محمود بن محمد طفر
8820,`Abd Allāh b. Abī Bakr,عبد الله بن أبي بكر
8821,al-Mukhtār b. `Alī al-Sharīf,المختار بن علي الشريف
8822,`Abd al-Salām b. al-Ḥājj Aḥmad Bābā,عبد السلام بن الحاج أحمد بابا
8823,Aḥmad b. al-Alfā,أحمد بن الفا
8824,Muḥammad b. Mbārik b. Ṭafī,محمد بن امبارك بن طفي
8825,al-Sharīf Muḥammad al-Amīn b. Mulῡk,الشريف محمد الأمين بن ملوك
8826,`Abd al-Raḥmanī al-Jakānī,عبد الرحمن الجكاني
8827,Sa'īd b. Alfā Aḥmad,سعيد بن ألفا أحمد
8828,Fāṭima bint Bābā Alfā,فاطمة بنت بابا ألفا
8829,Muḥammad b. Ṭafī al-Fagha Sā`i,محمد بن طفر الفغ ساع
8831,Muḥammad b. Mukhtār,محمد بن مختار
8832,`Unqῡr Aḥmad,عنقور أحمد
8833,Ibrāhīm b. al-Imām,إبراهيم بن المام
8834,Muḥammad b al-Imām,محمد بن المام
8835,Muḥammad Darāmī,محمد درامي
8836,Ibrāhīm b. Ᾱdham,إبراهيم بن أدهم
8838,Muḥammad b. Muḥammad al-Miṣrī,محمد بن محمد المصري
8839,Ladun Mama Tarāwarī,لدن مام تراوري
8841,`Allāl b. Sīdi At,علال بن سيد أت
8842,al-Ṭahir b. Aḥmad,الطاهر بن أحمد
8843,al-Muṣṭafa,المصطفى
8844,al-Shaykh Abῡ Muḥammad al-Bakī,الشيخ أبو محمد البكي
8846,Maḥmῡd b. Mākar `Umar Sīssī,محمود بن ماكر
8847,Muḥammad b. al-Ḥājj al-Ḥasan b. al-Ḥājj Sulaymān,محمد بن الحاج الحسن بن الحاج سليمان
8848,Abῡ al-`Abbās al-Murāsī,أبو العباس المراسي
8849,Maḥmῡd al-Qādirī,محمود القادري
8850,Alfā Muj Kamiyya,الفامج كمي
8851,al-Ḥājj Ibn Ᾱdam,الحاج ابن آدم
8852,`Uthmān b. Faqrab,عثمان بن فقرب
8853,al-Sultān Maḥmῡd,السلطان محمود
8855,al-Shaykh Muḥammad al-Shaykh,الشيخ محمد الشيخ
8856,Ibn al-Ᾱ`mash,ابن الأعمش
8858,Maḥmῡd b. `Umar,محمود بن عمر
8859,Abῡ Zayīd `Abd al-Raḥman,أبو زيد عبد الرحمن
8860,Faraj Tarāwarī,فرج تراوري
8863,Muḥammad Nādu,محمد ناد
8864,al-Akhir al-Saghīr al-Hādī,الآخر الصغير الهادي
8866,Sīdi Muḥammad al-Imām,سيد محمد الإمام
8867,Zaqina Turufῡ,زقن ترفوا
8868,Bāba al-Hādī b. Alfā,باب الهادي بن ألفا
8869,Sulaymān Sarbī,التلميذ سليمان سربي
8870,Fāṭima Sākamān,فاطمة ساكمان
8873,"Farāj ""Bubakr""",فراج أب الملقب بوبكر
8875,`Amma Tanafῡ ibn Babā Tanafῡ,عم تنفوا ابن ببا تنفوا
8877,Fāṭima Sānuqῡ,فاتم سانقو
8878,Ibn Khaṭār,بن خطار
8879,Bābā Kamara `Uthmān,باب كمر عثمان
8880,Bajak,بجك
8881,Mῡsa ibn Bāzī,موسى ابن بازي
8882,Marīam Karās,مريم كراس
8883,Taymami b. Sīdi Muḥammad,تيمم بن سيد محمد
8884,Māma Quraysh,مام قريش
8885,Bamāma Danab,بمام دنب
8886,Ᾱdam Kūnātī,آدم كوناتي
8887,al-Ḥasan b. Sīdi Bakr ibn al-Qāḍī al-Arawānī,الحسن ابن سيد يكر ابن القاضي الرواني
8889,Kagha‘a Kaykaman,كغع كيكمن
8890,Matuma Kinātī,مطوما كناتي
8892,Muḥammad b. Fākush,محمد بن فاكوش
8893,Sīssī (Cissé) Sāwī,سيسي ساوي
8895,`Uthmān Tarāwalī,عثمان تراولي
8897,Khaṭar b. Sīdi ibn Ᾱdda,خطر بن سيد ابن أد
8898,Ᾱdam Karywa,آدم كريوا
8899,Birhān al-Dīn al-`Alawī,برهان الدين العلوي
8900,Sanamūy Ṣanafa,سنموي صنف
8901,Muḥammad Tanfū,محمد تنفو
8902,Tamīmī,التميمي
8904,`Abd al-Qādir b. `Affān,عبد القادر ابن عفان
8906,Muhammad al-Ṭāhir b. Muḥammad Sharaf,محمد الطاهر بن محمد شرف
8907,Aḥmad b. Hambarik al-Fulānī,أحمد بن حمبرك الفلاني
8908,Aḥmad b. Aw Khadīj,أحمد بن أو خديج
8909,Aḥmad b. Muḥammad Mbārik,أحمد بن محمد امبارك
8910,Alfā Bubakr b. Mubārik,ألفا ببكر بن مبارك
8912,Abī Harīra,أبي هريرة
8913,Ja`far al-Manṣūr,جعفر المنصور
8914,Jidd b. Muḥammad al-Maḥasan,جد بن محمد المحسن
8915,Aḥmad b.  Ṣiddīq Baba,أحمد بن صديق بب
8916,Aḥmad b. Kamtawā,أحمد بن كمتوا
8917,Aḥmad b. `Abd al-Raḥman al-Sayār,أحمد بن عبد الرحمن السيار
8918,Bābā and Najm,بابا ونجم
8919,Jābar b. `Abd Allāh b. Yῡnis,جابر بن عبد الله بن يونس
8920,`Abd Allāh b. Muḥammad b. `Umar,عبد الله بن محمد بن عمر
8921,al-Ḥājj Muḥammad al-Amīn Qayῡrwī al-Darāmī,الحاج محمد الأمين قيوروى الدرامي
8922,al-Imām al-Farḍī al-Naḥwa,الإمام الفرضي النحو
8923,Muḥammad Ba `Alī al-Rajī Aḥmad,محمد ب علي الرجي أحمد
8924,Muḥammad b. `Abd al-Raḥman b. `Abd al-`Azīz,محمد بن عبد الرحمن بن عبد العزيز
8925,Ḥamād b. `Umar al-Ṣālaḥ b. al-Maymῡn,حماد بن عمر الصالح بن الميمون
8926,`Uthmān b. al-Shaykh,عثمان بن الشيخ
8927,Sanba b. Buḍḍa al-Fulānī,سنب بن بوض الفلاني
8928,"Muḥammad b. Abī al-Qasim ""Bābā Sīssī""",محمد بن أبي القاسم الملقب بباب سيسي
8929,Yῡsuf Kawkī b. Muḥammad Kawkī,2ـ يوسف كوكي بن محمد كوكي
8930,Ibn `Abbās Aḥmad b. Aḥmad b. Muhammad b. `Isa al-Zaruq,ابن عباس أحمد بن أحمد بن محمد بن عيسى الزروق
8932,al-Ḥājj Nūr b. al-Ḥājj `Umar al-Futī,الحاج نور بن الحاج عمر الفوتي
8933,al-Qāḍī Aḥmad,القاضي أحمد
8934,Abū Ḥasan b. `Alī Muḥammad b. Abī Bakr b. al-Māsinī,أبو الحسن بن علي محمد بن أبي بكر الماسني
8936,Alfā b. Ṣāliḥ,الفع بن صالح
8937,al-Farazdaq,الفرردق
8938,Muḥammad Muṣṭafa Tazīl al-Aghῡs,محمد مصطفى تزيل الأغوس
8939,Abī Huriyrat,أبي هرية
8940,Abū `Abd Allāh al-Kharūbī,أبو عبد الله الخروبي
8941,Aḥmad b. Ṣiddīq b. Muhammad b. `Uthmān,أحمد بن صديق بن محمد بن عثمان
8943,"`Abd Allāh b. al-Bakkāi, ""Ban""",عبد الله بن البكاي الملقب ببان
8945,Ya`qῡb al-Manṣῡrī,يعقوب المنصوري
8946,`Abd Allāh b. al-Sulṭān,عبدالله بن السلطان
8949,Aḥmad b. Quṭrub,أحمد بن قطرب
8952,Ibn `Abbās,ابن عباس
8953,al-Imām Abῡ Muḥammad b. Muḥammad,الإمام أبو محمد بن محمد
8954,Ibrāhim al-Bājūrī,إبراهيم الباجورى
8956,Muḥammad  b. Abī `Umar al-Maḥallī,محمد بن ابي عمر المحلى
8958,Mῡsa b. al-Ḥājj b. Muḥammad,موسى بن الحاج بن محمد
8959,`Alī b. Sa'īd b. Mῡsa,علي بن سعيد بن موسى
8961,Muḥammad al-Sulṭān Zakī al-Turkī,محمد السلطان زكي التركي
8962,`Uthmān b. `Abd Allāh al-Fāsī,عثمان بن عبد الله الفاسي
8963,al-Qāḍī `Abd al-Raḥman b. al-Imām,القاضي عبد الرحمن بن الإمام
8964,"Muḥammad b. Bābā ""Kayna""",محمد بن بابا الملقب باشد كين
8965,Aḥmad Ḥamād Allāh,أحمد حماه الله
8966,`Abd al-Raḥman al-Suyuṭī b. Muḥammad Baghayogho b. al-Fabani al-Tinbukti,عبد الرحمن السيويطي بن محمد بغيغ بن الفا بني التنبكتي
8967,`Abd al-Qāḍīr b. Aḥmad,عبد القادر بن أحمد
8968,Muḥammad al-Maksī b. Aḥmad b. Sulaymān,محمد المكسي بن أحمد بن سليمان
8969,Sa`id b. Kaīghm al-Ṣabāgh,سعيد بن كيغم الصباغ
8970,Muḥammad al-Ḥādī b. Muḥammad,محمد الهادي بن محمد
8971,Muḥammad al-Mukhtār b. Muḥammad al-Ṭāhir b. `Alī al-Tujībī,محمد المختار بن محمد الطاهر بن علي التجيب
8972,"al-Qāḍī  Muḥammad b. Muḥammad b.  `Uthmān, ""Bisī""",القاضي محمد بن محمد بن عثمان الملقب بسي
8973,"al-Qāḍī Muḥammad b. Muḥammad b.  `Uthmān, ""Bisī""",القاضي محمد بن محمد بن عثمان الملقب بسي
8974,Abῡ `Abd Allāh Muḥammad ibn Khalīl,أبو عبدالله محمد ابن خليل
8976,Zuhab b. al-Ward,زهب بن الورد
8977,Qāḍī Arawān Sīdi Aḥmad b. Sīdi Bubakr b. Ṣaīd,قاضي أروان سيد أحمد بن سيد بيكر بن الصيد
8978,Aḥmad al-Tijānī,أحمد التجاني
8979,Sīdi `Alī Ibrāhīm b. `Alī Ahjīj,سيد علي إبراهيم بن علي أحجيج
8981,"Muḥammad al-Mawlud b. Muḥammad al-Ṭāhir b. Muḥammad  al-Ṣāliḥ  ""Ful""",محمد المولود بن محمد الطاهر بن محمد الصالح المقلب فول
8982,Muḥammad b. Muḥammad b. Ṣāliḥ,محمد بن محمد بن صالح
8983,al-Qā'id `Abd al-Qāḍir al-Sharqī,القائد عبد القادر الشرقي
8984,Sīdi b. Sīdi `Alī al-Sayd Aḥmad al-Bakkā'i,سيد بن سيد علي السيد أحمد البكاي
8985,`Abd Allāh b. al-Shaykh al-Faqih,عبد الله ابن شيخ الفقه
8986,"Muḥammad `Abd Allāh ""Batkan b. Sīdi Aḥmad b. Muḥammad b. Aḥmad b. Muḥammad b. Aḥmad b. Muḥammad b. Aḥmad  al-Maḥjūbī """,محمد عبد الله المعروف بتكن بن سيد أحمد ابن محمد بن أحمد بن محمد بن أحمد المحجوبي
8987,Muḥammad b. Sa`id al-Futī,محمد بن سعيد الفوتي
8990,Abῡ `Abd Allāh ibn `Umar,أبو عبد الله ابن عمر
8991,Ibn Sulaymān,ابن سليمان
8992,Muḥammad b. `Alī b. `Abd al-Ṣamad  al-Sakhāwī,محمد بن علي بن عبد الصمد السخاوي
8993,`Akrama,عكرمة
8994,Aḥmad b. Aḥmad,أحمد بن أحمد
8996,Abī`Abd Allāh Ḥamad b. Jabār al-Andalusī al-Hawārī,أبي عبد الله حمد بن جابر الأندلسي الهواري
8998,Abῡ Bakr al-Warāq,أبو بكر الوراق
9001,Muḥammad b. `Umar,محمد بن عمر
9002,Ḥusayn b. `Alī Abī al-Ḥakm al-Tastarī,حسين بن علي أبي الحكم التسترى
9003,Ibn al-Faraj,ابن الفرج
9005,al-Ḥasan Turārī b. `Abd al-Raḥman Tarāwarī  (Traoré),الحسن تراري بن عبد الرحمن تراورى
9007,al-Shaykh al-Na`im b. al-Shaykh Muḥammad Fāḍl b. al-Ṭālib,الشيخ النعم بن الشيخ محمد فاضل بن الطالب
9009,Nῡr al-Dīn,نور الدين
9011,Bān Dīn b. `Uthmān Nānī,بان دين بن عثمان ناني
9013,Zayd b. Ibrāhīm,زيد بن إبراهيم
9014,Abῡ Bakr Ibrāhīm,أبي بكر إبراهيم
9016,Ṣāḥib al-Rawḍa al-Sharīfa,صاحب الروضة الشريفة
9017,al-Shaykh Ibrāhīm b. Abī al-Barakat al-Shaykh Muḥammad Ṣālaḥ `Alī Awrā,الشيخ إبراهيم بن أبي البركات الشيخ محمد صالح علي أورا
9018,al-Ghāfa`ī,الغافعي
9019,Aḥmad al-Tijānī Abῡ al-`Abbās,أحمد التجاني أبو العباس
9020,al-Shaykh al-Tarātamī,الشيخ التراتمي
9022,Muḥammad b. al-Shaykh Zayn,محمد بن الشيخ زين
9023,`Abd Allāh b. Bāba b. Muḥammad Ṣamārī,عبد الله بن باب بن محمد صماري
9024,al-Ḥasan b. Abῡ Bakr,الحسن بن أبو بكر
9026,`Abd al-Raḥman Tarawarī b. al-Ḥasan,عبد الرحمن تروري بن الحسن
9029,Bābakr Alfā Sīdi,ببكر الفا سيد
9030,Alfā Ibrāhīm b. `Alī,الفا إبراهيم بن علي
9034,`Abd Allāh al-Shadarāwī,عبد الله الشدراوي
9035,Abῡ `Abd Allāh Muḥammad al-Baṣrī,أبو عبد الله محمد البصري
9036,Burhān al-Dīn al-Kāsha`rī,بورهان الدين الكاشعري
9039,Abῡ Khayr Muḥammad b. Muḥammad b. Muḥammad al-Jararī al-Dimashqī,أبو الخير محمد بن محمد بن محمد الجرري الدمشقي
9040,Bāba  Aḥmad,بابا أحمد
9042,Muḥammad al-Mad`awghath Allāh,محمد المدعو غوث الله
9043,al-Sabtī,السبتي
9044,Kabru Sbitu,كَبْرُ صْبِتَوْ
9045,`Umaru b. al-Harith al-Qasārnī,عمرو بن الحارث القسارنى
9046,Sāllā b. `Abd Allāh,سالا بن عبد الله
9047,al-Shaykh Kalbī,الشيخ كلبي
9048,`Abd al-Raḥman b.  Aḥmad al-Bakkāy,عبد الرحمن بن أحمد البكاي
9049,Imām al-Shāfa`ī,الإمام الشافعي
9050,Abī Sulaymān al-Darānī,أبي سليمان الدراني
9051,Ibn al-Aswad al-Kindī,ابن الأسود الكندي
9052,Muḥammad Tantawa ibn Alfā Yakina Tantawa,محمد تَنَتَوْا ابن الفا يَكِنَ تَنَتَوْا
9053,Aḥmad b. Bāba,أحمد بن باب
9056,`Abd Allāh b. `Abd al-Raḥman b. `Abd al-Raḥīm,عبد الله بن عبد الرحمن بن عبد الرحيم
9057,Abῡ al-Fattaḥ `Ubayd b. Muḥammad b. Anbaw,أبو الفتح عبيد بن محمد ابن انبو
9060,al-Fulānī,الفلاني
9061,Aḥmad b. Muḥammad b. `Isa al-Barnawī,أحمد بن محمد بن عيسى البرناوي
9062,Muḥammad b. `Amar,محمد ابن عامر
9064,Abῡ `Abd Allāh b. `Umar,أبو عبد الله ابن عمر
9066,Ibrāhīm Muḥammad b. Alfā Sarsar,أبو إبراهيم محمد بن الفا سرسر
9068,Abῡ al-Walid b. Rashid,أبو الوليد بن رشد
9069,Yaad b. al-Faqīh Sanba b. Nῡr al-Fulānī,يَدْ بن الفقيه سَنْبَ بن بُورِ الفلاني
9070,al-Ṣāliḥ b. Sīdi `Abd al-Raḥman,الصالح بن سيد عبد الرحمن
9072,`Abd al-Raḥman al-Zayyanī,عبد الرحمن الزيني
9073,Abῡ Bakr al-Waharī,أبو بكر الوهري
9074,Abῡ al-`Abbās al-Ḥarīthnī,أبو العباس الحريثني
9075,Kumān b. Barqa,كُمَانْ بن بَرْقَ
9076,Muḥammad wuld Baqal,محمد ولد بقل
9077,al-Imām b. Muḥammad b. al-Suyῡtī,الإمام بن محمد بن السيوطي
9078,`Alī Sāma' bint Mῡlāy Muḥammad b. Mῡlāy `Amār,عال سماء بنت مولاي محمد بن مولاي عمار
9079,`Abdal Bāba Iyyj,عبدل باب إيج
9080,Muḥammad wuld Muḥammad,محمد ولد محمد
9081,Anbarik Abb Iyyij al-Khayāt,أنبارك أب إيج الخياط
9082,"Aḥmad Maghyā al-Lamtῡnī b. `Abd Allāh b.  Aḥmad Maghyā """,أحمد مغيا اللمتوني بن عبد الله بن أحمد مغيا
9084,A`li b. Sīdi Muḥammad b. Muḥammad Ṭāhir Arawānī,أعلي بن سيد محمد بن محمد طاهر أرواني
9085,Bijama`,بجمع
9086,`Umar b. Bῡna Ḥājj b. Ṭālib Sīdi  Aḥmad Kalshῡk,عمر بن بونا حج بن طالب سيد أحمد كلشوك
9087,Ka`ab b. Suwār,كعب بن سوار
9088,`Abd al-Raḥman Mājj Arawānī,عبد الرحمن ماج أرواني
9089,`Alī Marzārῡnī,علي مرز أرواني
9090,Nājim wuld Sīdi  Aḥmad,ناجم ولد سيد أحمد
9091,Shaykh b. Muḥammad,شيخ بن محمد
9092,al-Amīn b. Muhammd b. Ṭafī,الأمين بن محمد بن طفى
9093,Abῡ Bakr b. Bāt,أبو بكر بن بات
9094,Abῡ Bakr al-Ṣiddīq b.  Aḥmad al-A`yyāsī,أبو بكر الصديق بن أحمد الأعياسي
9096,Ḥamād Maḥmud b. al-Ḥabīb b. al-Mukhtār Tarmuz,حمد محمود بن الحبيب بن المختار ترمز
9097,Aḥmad Zayyid,أحمد زيد
9098,Alfā Muḥammad b. Bāba al-Ḥabīb,الفا محمد بن باب الحبيب
9099,Daḥmān b. Zanān,دحمان بن زنان
9101,`Alī b. Abῡ Bakr,علي بن أبي بكر
9102,al-Ḥājj Muḥammad al-Amīn Sīdi al-Tijānī ibn `Abd Allāh Fῡdī,الحاج محمد الأمين سيد التجاني ابن عبد الله فودي
9103,al-Ḥājj Muḥammad al-Amīn,الحاج محمد الأمين
9104,`Abd al-Mālik,عبد المالك
9105,Muḥammad b. Muḥammad b. al-Mukhtār b. Tῡtt,محمد بن محمد بن المختار بن توت
9106,al-Ṭālib `Abd Allāh b. al-Ṭālib b. `Abd al-Raḥman,الطالب عبد الله بن الطالب عبد الرحمن
9107,Muḥammad Fāmanat,محمد فامنت
9108,`Umar b. Afkarāsh al-Ansarī,عمر بن افكراش الأنصاري
9109,Mῡsa Banānī,موسى بناني
9110,al-Shaykh Ismā'il b. `Abd Allāh al-Kurdafāy,الشيخ إسماعيل بن عبد الله الكردفاي
9111,Alfā `Amar Sharaf b.  Aḥmad Bābā Abῡ al-`Abbās al-Ḥasanī,ألفا عمار شرف بن أحمد بابا بن أبي العباس الحسني
9112,al-Maḥmῡd b. Ḥamma,المحمود بن حما
9113,Alfā Salim b. al-Imām Babīr al-Lamtῡnī al-Tinbuktī,ألفا سالم بن الإمام بابير اللمتوني التنبكتي
9115,Muḥammad `Abd al-Raḥman b. Mῡlāy  Aḥmad al-Bashīr,محمد عبد الرحمن بن مولاي أحمد بن مولاي البشير
9116,al-Ḥājj Muḥammad b. al-Mukhtār,الحاج بن محمد بن المختار
9117,Sīdi `Alī b. Muḥammad b. Aḥmad b. Bāba,سيد أعل بن محمد بن أحمد بن باب
9118,Muḥi al-Dīn b. `Abd al-Qādir,محي الدين بن عبد القادر
9119,Ibn Hishām al-Qῡrṭubī,ابن هشام القرطبي
9120,Muḥammad Maḥmud b. 'Alī  Aḥmadān,محمد محمود بن ءال أحمادن
9121,Muḥammad b. `Abd Allāh al-Sabῡr,محمد بن عبد الله السبور
9122,Ibn al-Banā',لابن البناء
9124,al-Hakīm Iylyāban,الحكيم إيليا بن
9125,Abῡ `Abd Allāh al-Kharῡnī al-Ṭarāblusī,أبو عبد الله الخروبي الطرابلسي
9126,al-Aṣma`ī,الأصمعي
9127,al-Shaykh  Aḥmad,الشيخ أحمد
9128,Muḥammad b. Muḥammad Dadab b. Farāj Sīdi,محمد بن محمد ددب بن فراج سيد
9129,`Ᾱdal Maḥmῡd Muḥammad b. Muḥammad Maḥmῡd b. al-Shaykh,عادل محمود محمد بن محمد محمود بن الشيخ
9130,Ibrāhīm al-Ṣāliḥ b. `Uthmān ibn Abῡ Bakr ibn Bābanā',إبراهيم ابن صالح ابن عثمان ابن أبو بكر ابن ببناء
9132,Ibn Muḥammad b. `Alī,ابن محمد بن عال
9133,Sīdi  Aḥmad b. `Abd al-Wahhāb Taknāw,سيد أحمد بن عبد الوهاب تكناو
9134,Awysā b. Sīdiyya Muḥammad,أويسا بن سيدي محمد
9135,al-Qāḍī Muḥammad b. `Alī ibn Mālik al-Firīju,القاضي محمد بن علي ابن مالك الفِريجُ
9136,`Ᾱy'sha bint Abῡ Bakr al-Ṣiddīq,عائشة بنت أبي بكر الصديق
9137,Ibn `Aṭiyya,ابن عطية
9141,al-Hadī b. Ibrāhīm b. Muḥammad al-Amīn,الهادي بن إبراهيم بن محمد الأمين
9142,`Alī b. `Abd al-`Azīz al-Jubahī,علي بن عبد العزيز الجبيهي
9143,`Abd Allāh b. Mīn b. `Abd Allāh b.  Aḥmad b. A`rība,عبد الله بن مين بن عبد الله بن أحمد بن أعريب
9144,Aḥmad b. `Umar al-Mālikī al-Qādirī al-Sansandī,أحمد بن عمر المالكي القادري السنسندي
9145,Muḥammad al-Mukhtār b.  Aḥmad b. Anbāl,محمد المختار بن أحمد بن أنبال
9146,Alfā `Alī b. Ibrāhīm Waḥīj,الفا علي بن إبراهيم وحيج
9147,Muḥammad al-Faqīh al-Zahad b. Muḥammad,محمد الفقيه الزهد بن محمد
9148,Abῡ Bakr b. Muḥammad b. Abī Bakr,أبو بكر بن محمد بن أبي بكر
9149,Sanba b. Bῡm,سَنْبَ بن بُومِ
9150,Muḥammad b. Abῡ al-Qāsim al-Nāwī,محمد بن أبي القاسم الناوي
9152,Bāba al-Shaykh b. Muḥammad Maḥmῡd,باب الشيخ بن محمد محمود
9153,Sīdiyya Mῡlāy Ibrāhīm b. al-Ḥājj `Abd Allāh al-Tijānī,سيدي مولاي إبراهيم بن الحاج عبد الله التجاني
9154,Yaghmak b. Bawī ibn Danat ibn Muḥammad al-Māsinī,يغمك بن بوي ابن دنت ابن محمد الماسني
9155,`Uthmān b. Muḥammad al-Gharnāṭī al-Awshī,عثمان بن محمد الغرناطي الأوشي
9156,`Alī b. Muḥammad b.  Aḥmad b. Muḥammad al-Arawānī,عال بن محمد بن أحمد بن محمد الأرواني
9157,al-Shaykh Ayman Ṣīdaḥ,الشيخ أيمن صيدح
9158,al-Kharshī,الخرشي
9159,`Abd Allāh Muḥammad b. Idrīs al-Rāzī,عبد الله محمد بن إدريس الرازي
9160,Jīdda,جيدة
9161,`Abd Allāh b. Sa`īd al-Sanῡsī,عبد الله بن سعيد السنوس
9162,Muḥammad b. al-Ḥājj b. Mῡd Muḥammad,محمد بن الحاج بن مود محمد
9163,Abῡ `Abd Allāh Muḥammad al-Hadī,أبو عبد الله محمد الهدى
9164,Alfā b. Ḥamād Ḥama Allāh Alfā Muḥammad,ألفا بن حماد حمى الله ألفا محمد
9165,Ibn  Aḥmad,ابن أحمد
9166,Taut b. Muḥammad b. Abīi Bakr,توت بن محمد بن أبي بكر
9167,Shaykh al-Shādhilī Muḥammad al-Sanῡsī,شيح الشاذلي محمد السنوسي
9168,`Abd Allāh al-Mādī,عبد الله المادي
9169,"Sulayman b. Muḥammad ""Sanba b. Bāba al-Fῡtī",سليمان بن محمد المعروف بسنب بن بابا الفوتي
9170,Bādanbi,بادَنْبِ
9171,Sīdi Muḥammad b. Muḥammad Jiddu,سيد محمد بن محمد جِدُّ
9172,"Muḥammad b.  Aḥmad b. Muḥammad "" Aḥmad Bānaslam""",محمد بن أحمد بن محمد المقلب بأحمد بانسلم
9173,al-Shaykh `Abd al-Sālim,الشيخ عبد السلام
9174,`Uthmān Dambalī,عثمان دمبلى
9175,Aḥmad b. Khālid,أحمد بن خالد
9176,Muḥammad b.  Ṣāliḥ,محمد بن صالح
9177,`Abd Allāh b. Istanṭāl,عبد الله بن استنطال
9180,Muḥammad b. Abi Bakr al-Hāshimī al-Ghallāwī,محمد بن أبي بكر بن الهاشمي الغلاوي
9181,Aḥmad b. al-Ḥājj b. al-Khaḍīr,أحمد بن الحاج بن الخضير
9182,al-Shaykh al-Walī al-Ṣālaḥ al-Tahāmī,الشيخ الولي الصالح التهامي
9183,al-Mukhtār b. Muḥammad,المختار بن محمد
9186,Muḥammad Bāba b.  Aḥmad Nall,محمد باب بن أحمد نَلّ
9187,al-Fāss b. Muḥammad b. `Abd al-Raḥman al-Suyῡtī,الفاس بن محمد بن عبد الرحمن السيوطي
9188,Bābā Mῡlāy al-Ḥasan b. Mῡlāy `Alī al-Sharīf,بابا بن مولاي الحسن بن مولاي علي الشريف
9189,Muḥammad al-Aqzaf b. Zayid,محمد الأقظف بن زين
9190,al-Ḥājj Ḥabīb,الحاج حبيب
9191,Muḥammad Sīdi b.  Aḥmad,محمد سيد بن أحمد
9192,Bāba Wanghara b. Sanmawī Alfā Wanghara al-Tinbuktī,باب ونغر بن سنموي ألفا ونغر التنبكتي
9193,Maḥmud al-Qayrawānī,محمود القيرواني
9194,al-Shaykh  Aḥmad al-Miṣrī,الشيخ أحمد المصري
9195,`Alī b. al-Ḥasanī,علي بن الحسنى
9196,al-Qāḍī `Abd Allāh al-Baghdādī,القاضي عبد الله البغدادي
9197,al-Shaykh  Aḥmad Wakīl al-Rawḍa,الشيخ أحمد وكيل الروضة
9198,`Umar b.  Aḥmad Bad b. Shaykh al-Maṭī,عمار بن أحمد أن باد بن شيخ المطي
9199,`Abd Allāh b. al-Faqīh,عبد الله بن الفقيه
9200,Sa`id b. Ibrāhīm al-Fulānī al-Jaljalī al-Salbī al-Fῡtī al-Dalanī,سعد بن إبراهيم الفلني الجلجلي السلبي الفوتي اللي الدلني
9201,Ibrāhīm Sulayman,إبراهيم بن سليمان
9203,al-Shaykh al-Mukhtār,الشيخ المختار
9204,`Abd al-Wahhāb b. Muḥammad al-Jakanī,عبد الوهاب بن محمد الجكني
9205,`Abd Allāh b. `Abd al-Raḥman,عبد الله بن عبد الرحمن
9207,Alfā` `Uthmān b. al-Qāḍī `Abd Allāh,الفع عثمان بن القاضي عبد الله
9208,Muḥammad b. `Abd al-Karīm,محمد بن عبد الكريم
9209,Muḥammad b. al-Bashīr,محمد بن البشير
9210,Alfā` Mῡlay b. Bāba,الفع مولى بن باب
9212,Abῡ Bakr b. Mῡsa,أبو بكر بن موسى
9213,Abῡ Muḥammad `Abd Allāh Muḥammad b. Ibrāhīm b.  `Abd Allāh al-Amawī,أبو محمد عبد الله محمد بن إبراهيم بن عبد الله الأموي
9214,al-Mukhtār b. al-Yāss,المختار بن الياس
9215,Abῡ Muḥammad `Abd Allāh Muḥammad b. `Isa al-Maghribi Abῡ Ḥasani,أبو محمد عبد الله محمد بن عيسى المغربي أبو حسني
9216,Muḥammad al-Amīn Qaīl al-Jabiyyī,محمد الأمين بن قيل الجبيى
9217,Muḥammad b. al-Ḥājj,محمد بن حاج
9218,Sa`d Brāhim,سعد براهيم
9219,Muḥammad ibn Abalbῡsh al-Sῡqī,محمد ابن ابلبوش السوقي
9220,Ibrāhīm Samārī,إبراهيم سماري
9221,al-Muṣṭafa b. al-Ṭālib `Uthmān b. al-Qāḍī Sa`īd Muḥammad al-Sῡsī al-Sansandī,المصطفى بن الطالب عثمان بن القاضي سعيد محمد السوسي السنسندي
9222,Muḥammad al-Qāsim al-Nāwī,محمد القاسم الناوي
9223,Mῡsa Dabir,موسى دَبِرِ
9224,al-Amīn Darām b. `Uthmān Darām,الأمين درام بن عثمان درام
9225,Aḥmad al-Sharif,أحمد الشريف
9226,Muḥammad b. Khālid,محمد بن خالد
9227,al-Imām al-Ḥāfiẓ Abῡ Bakr,الإمام الحافظ أبو بكر
9228,Ya`qῡb,يعقوب
9229,Dāwud Ibrāhīm,داود إبراهيم
9230,Sīdi Yar b. Alfā al-Ḥusayn,سيد يار بن الفا الحسين
9231,`Abd Allāh b. Nānumu,عبد الله بن نَانُمُ
9233,Ḥamād b. Sīdi al-Mukhtār b. `Abd al-`Azīz al-`Alawī,حماد بن سيد المختار بن عبد العزيز العلوي
9234,Abῡ al-Qasim Muḥammad al-Qarawī,أبو القاسم محمد القروي
9235,al-Shaykh Abῡ al-Wafī Tāj,الشيخ أبو الوفى تاج
9236,Maḥmῡd al-Qarninī,محمود القرىني
9238,`Abd b. Istanṭān,عبد بن استنطان
9239,Aḥmad b. `Arabī Khātim b. Sulayman `Abd Allāh b. Marzῡq,أحمد بن عربي خاتم بن سليمان عبد الله بن مرزوق
9240,al-Shaykh al-Shaṭarīnij,الشيخ الشطرينج
9241,al-Shaykh  Aḥmad Sahib al-Rawda,الشيخ أحمد صاحب الروضة
9242,`Abd Allāh al-Baghdādī,عبد الله البغدادي
9243,Sulayman b. Maqātil,سليمان بن مقاتل
9244,Muḥamman Darḥman and ` Fātuma Didiu',محمن در حمَن مع فَاتُم دِدِوْ
9245,al-Shaykh `Aqīl,الشيخ عقيل
9246,Burhān al-Dīn,برهان الدين
9247,Muḥammad al-Amīn b.  Aḥmad Mῡlāy and others,محمد الأمين بن أحمد مولاي مع العجمية
9248,Shaykh b. Muḥammad al-Hādī,شيخ محمد الهادي
9251,al-Shaykh Buzī,الشيخ بوزي
9252,Wahhab b. Manbiyya,وهب بن منبية
9253,`Abd Allāh b. `Umar,عبد الله بن عمر
9254,Abῡ al-`Abbās al-Būnī,أبو العباس البوني
9255,Abī `Abd Allāh al-Ghazālī al-Ṭawsī,أبي عبد الله الغزالي الطوسي
9256,`Abd Allāh al-Raqāddī,عبد الله الرقادي
9258,Muḥammad `Abd Allāh b. al-A`yās,محمد عبد الله بن الأععياس
9259,al-Qāsim,القاسم
9261,Aḥmad Buda b. Muḥammad al-Amīn b. Muḥammad,أحمد بُد بن محمد الأمين بن محمد
9262,Sīdi  Aḥmad,لسيدي أحمد
9263,Abῡ al-Ḥasan `Alī b. Muḥammad b. Ḥabīb al-Basrī,أبو الحسن علي بن محمد بن حبيب البصري
9264,al-Shaykh Muḥammad b. `Arāf,الشيخ محمد ابن عراف
9265,Muḥammad Maḥmῡd b al-Shaykh,محمد محمود بن الشيخ
9266,Abῡ `Abd … b. Khalīl,أبو عبد ... بن خليل
9267,Muḥammad b. Ya`mak b. Bῡrī b. Muḥammad al-Fulānī al-Masinī,محمد بن يعمك بن بوري بن محمد الفلاني المساني
9268,al-Ṣāliḥ b. `Abd Allāh b. Sa`īd al-Sanῡsī,الصالح بن عبد الله ابن سعيد السنوسي
9272,Abd al-`Abbās  Aḥmad,أبو العباس أحمد
9273,Muḥammad al-Mukhtār al-Jayānī,محمد المختار الجاني
9274,al-Saharῡdī,السهرودي
9276,`Abd Allāh b. Sulayman al-Jawharī al-Shāfa'i,عبد الله بن سليمان الجوهري الشافعي / أبو بكر عاصم بن أيوب
9278,Muḥammad b. Hamma al-Takbanghī,محمد بن حمّ التكبنغي
9280,Muḥammad al-Amīn b. al-Shaykh  Aḥmad al-Jakanī al-Maḥṭurī al-Balṣadī,محمد الأمين بن الشيخ أحمد الجكني المحطري البلصدي
9281,Muḥammad b. `Abd Allāh,محمد بن عبد الله
9282,Muḥammad b. Nājim,محمد بن ناجم
9283,Maḥmud b. al-Shaykh Ḥamād al-Sῡqī al-Tabrῡqī,محمود بن الشيخ حماد السوقي التبروقي
9285,al-Sῡsī,السوسي
9286,Bāba  Aḥmad b. Sīdi  Ᾱ`lī b. al-Shaykh,باب أحمد بن سيد أعلى بن الشيخ
9287,Mῡlāy al-Rashīd b. Mῡlāy  Aḥmad,مولاي الرشيد بن مولاي أحمد
9290,Ibn `Abd al-Qāsim,ابن عبد القاسم
9292,al-Marwān b. Muḥammad al-Mukhtār b.  Aḥmad,المروان بن محمد المختار بن أحماد
9294,Aḥmad b. Muḥammad b. Salām al-Tijānī,أحمد بن محمد بن سالم التجاني
9295,al-Hāfiz Abῡ Zara`a al-Rāzī,الحافظ أبو زرعة الرازي
9296,Bāba Sīssī (Cissé),باب سيسى
9299,Muḥammad `Abd Allāh b. Iyῡb ibn Makḥῡl al-Shāmī,محمد عبد الله بن أيوب ابن مكحول الشامي
9300,Sīdiyya Muḥammad b. `Uthmān,سيدي محمد بن عثمان
9302,Muḥammad `Umar,محمد عمر
9303,Muḥammad b. `Alī b. Ḥamm,محمد بن علي بن حم
9304,Muḥammad Khādam,محمد خادم
9308,`Abd Allāh b. Muḥammad b. Yῡsuf,عبد الله بن محمد بن يوسف
9309,al-Ḥājj Yaḥya,الحاج يحيى
9310,Abῡ `Umar ibn  Mῡsa b. `Alī al-Zanānī,أبو عمر ابن موسى بن علي الزناني
9311,al-Ḥājj Ishāq al-Maghribī,الحاج إسحاق المغربي
9312,al-Ḥājj Maḥmῡd Kaykamī,الحاج محمود كيكمي
9313,al-Amīr Kulaysh,الأمير كُليش
9314,Khafār b. Sālam,خفار بن سالم
9315,Alfā Sālim,ألفا سالم
9316,al-Ḥājj Māmā b. Mῡlāy Sulaymān,الحاج ماما بن مولاي سليمان
9317,`Ᾱ'isha Hama,عائشة هم
9319,Abῡ al-Khayr b. `Abd Allāh al-Arawānī,أبو الخير بن عبد الله الأرواني
9320,Sālif Kunī,سالف كني
9322,Fāṭima bint Tiy Musu,فطمة بنت تي مُسُ
9323,Marīam Sīssī (Cissé) bint Shaykh Sīssī (Cissé),ميرم سيسي ابنة شيخ سيسي
9324,Abῡ Bakr Fāmanata,أبي بكر فامنت
9325,Sa`īd b. Sānughu,سعيد بن سانغ
9326,Ibrāhīm Sabsabghu,إبراهيم سبسبغُ
9327,Bālamīn Kūtī,بالمين كوتي
9328,al-Ḥasan b. al-Imām,الحسن بن الإمام
9329,Zāyinī b. Sīdiyā,زايني بن سد يا
9330,al-Ḥājj Mῡsa Yarnaghῡr,الحاج موسى يرنغور
9331,Alyāh b. al-Ḥizān Ya`qῡb,الياه ابن الحزان يعقوب
9332,`Abd al-Raḥman Sīssī (Cissé),عبد الرحمن سيسي
9333,Būy b. Mῡlῡd,بوي بن مولود
9334,`Uthmān Nafas,عثمان نفس
9335,Yamkal,يمكل
9336,Ḥasāb (sic),حساب
9337,Ibrāhīm Kanaghawa,إبراهيم كنغوا
9338,Mukhtār Karkar,مختار كركر
9340,`Uw Kulāṭ,عو كولاط
9341,al-Qaḍā,القضا
9342,Marīam and Shanak,مريم وشنك
9344,Ḥamak b. al-Shaykh,حمك بن الشيخ
9345,Kamnad Shaykh al-Jaysh,كمند شيخ الجيش
9347,Muḥammad al-Mukhtār b. Muḥammad Baghayogho,محمد المختار بن محمد بغيغ
9348,al-Mukhtār b. Aḥmad b. Abῡ Bakr,المختار بن أحمد بن أبي بكر
9350,Mῡsa Kab,موسى كب
9351,Muḥammad b. Muḥammad b. Muḥammad al-Ṭāhir,محمد بن محمد بن محمد الطاهر
9352,Muḥammad b. Ḥamam,محمد بن حمم
9353,Amīr Karmbinī,أمير كرمبني
9354,al-Ṣiddīq b. Yaḥya,الصديق بن يحيى
9355,Muḥammad Ka`tawa,محمد كعتوا
9356,Zakariyya b. Idrīs,زكرياء بن إدريس
9357,Aḥmad b. Bāba Yaḥya,أحمد بن بابا سيد يحيى
9358,Nakt Tanfῡwa,نكت تنفوا
9359,al-Ḥasan Kamara,الحسن كمر
9361,Amīr Wāqad,أمير واقد
9362,Sharīf Muḥammad al-Amīn,شريف محمد الأمين
9363,Badar al-Ḥusayn,بدر الحسين
9364,Marzῡq wuld Ḥam wuld Bīsh,مرزوق ولد حم ولد بيش
9365,Bāba Alfā `Umar b. Muḥammad Baghayogho,باب ألفا عمر بن محمد بغيغ
9367,`Ᾱ'isha bint Haman,عائشة بنت حمن
9369,Aḥmad b. Sīdi Yaḥya,أحمد بن سيد يحيى
9370,Shaykh Ṣankuri,شيخ صنكر
9372,al-Ḥājj al-Imām Tarāwarī (Traoré),الحتج الإمام تراوري
9373,Alfā Isḥāq,ألفا إسحاق
9375,Amīr Jalab,أمير جلب
9376,`Uthmān `Alī,عثمان علي
9377,Nākīm Tarāwarī,ناكيم تراوري
9378,Ahl Madīna Kafas,أهل مدينة كفس
9379,Tīmutī,تيمتي
9382,al-Ḥājj Abῡ Bakr,الحاج أبي بكر
9383,`Alī Sīdi `Umar,عال سيد عمر
9384,Muḥammad b. al-Ḥājj Muḥammad al-Amīn,محمد بن الحاج محمد الأمين
9385,Bāwa b. Maḥmῡd,باو بن محمود
9386,Babā Fīni`,ببا فينع
9387,Aba b. Amā b. Kel Inshirī`,أبا بن اما عريف كل انشريع
9388,Bāba Ṣamārī,بابا صماري
9389,Mālam Aḥmad,مالم أحمد
9390,al-Fāl b. Sīran,الفال بن سيرن
9391,Muḥammad Dakabayā,محمد دكَبَيَا
9392,Aḥmad `Uthmān Fufana,أحمد عثمان ففن
9393,Sīdiyya `Umar b. al-Barka al-Shaykh Sulaymān,سيدي عمر بن البركة الشيخ سليمان
9394,Fāṭima Shanākum,فَاطِمَ شَناكُمْ
9397,Karamuku Sānu Aḥmad,كرمغ سانو أحمد
9398,Ildi Jikayr  b. Alfā Kufal Tarawarī,اِلدِ جكير بن ألفا كفل تروري
9400,`Uthmān ibn al-Shaykh Layl,عثمان ابن الشيخ ليل
9401,Bāba b. Ṭayfῡr,بَابَ بن طيفور
9402,Aḥmad b. al-Mukhtār b. Alfā `Abd Allāh,أحمد بن المختار بن الفا عبد الله
9403,Muḥammad b. Muḥammad `Ali,محمد بن محمد عل
9404,`Alī b. `Abd Allāh,علي بن عبد الله
9405,Muḥammad b. Sīdi Muḥammad al-Khalīfa,محمد بن سيد محمد الخليفة
9406,Jadῡn b. Muḥammad,جدون بن محمد
9407,Jaydan Ghāb,جيدان غاب
9408,al-Mandhir,المنذر
9409,Muḥammad al-Amīn b. Abā,محمد الأمين بن أبا
9410,Bāy b. al-Shaykh Zayn,باي بن الشيخ زين
9411,al-Shaykh b. Alfā Mi`iyā yuwā Mintā,الشيخ بن الفا معيا يوا منتا
9412,Isma'īl Danmablī,إسماعيل دنمبلي
9414,Bāba Shanshī,باب شنشي
9415,Namaj Faḥṣat,نمج فحصت
9416,al-Ḥājj Jara Maḥmῡd Jara,الحاج جَرَ محمود جَرَ
9417,`Isa,عيسى
9418,Yaqra Kinā,يقركينا
9419,Ibrāhīm ibn Kāta`fī,إبراهيم ابن كاتعفى
9421,al-Ḥājj Yaḥya Tarawarī b. Muḥammad Tarawarī (Traoré),الحاج يحيى تروري ابن محمد تروري
9422,Alfā `Uthmān b. al-Qāḍī,الفا عثمان بن القاضي
9424,Fātima bint Aḥmad Fanbī,فاتمت بنت أحمد فنبي
9426,`Abd Allāh Kauraṭ Bakāl,عبد الله كورط بكار
9428,al-Shaykh b. Mābāyi,الشيخ ابن ماباي
9429,`Uthmān b. Ja`an,عثمان بن جعن
9430,`Alī b. Muḥammad Sālā,علي بن محمد سالا
9432,Muḥammad al-Amīn b. al-Imām Fafan,محمد الأمين بن الإمام ففن
9433,Bāba b. Iyjji,باب بن اج
9435,Alfā Bād,الفا باد
9436,Aḥmad b. `Umar Tāl,أحمد بن عمر تال
9438,Jāji Kurubara,جاجى كُرُبَرِ
9439,`Alī b. al-Faqīh Ibrāhīm,علي بن الفقيه إبراهيم
9440,Mῡsa Bah b. `Abd Allāh,مُسَى بَهْ بن عبد الله
9443,`Umar b. Abārik,عمار بن أبارك
9444,Imām b. Abῡ Bakr,المام بن أبي بكر
9445,Muḥammad Ṣa`kumu and `Uthmān Ṣa`kumu,محمد صعكم وعثمان صعكم
9446,`Abd al-Qāḍīr al-Janāwī,عبد القادر الجناوي
9448,`Akid bint Muḥammad Maḥmῡd,عَكِيد بنت محمد محمود
9449,Mālik Kῡdu,مالك كُودُ
9451,al-Baghawi b. Hamāt al-Anwankandirī,الْبَغَوِ بن حمات الأنوكندري
9452,`Alī Ibn,علي ابن
9455,al-Māmi Sῡwbῡ and his mother,المام سوبُوا وأمه
9456,`Alī ibn Dhanab,علي ابن ذنب
9457,al-Ḥasan b. `Abd Allāh,الحسن بن عبد الله
9458,Maḥma Kumtā,محم كُمْتَا
9459,Bāda Nbi,بَادَ نْبِ
9460,al-Shaykh b. al-Ḥājj Ahl b. Mῡlāy al-Ṭayib,الشيخ بن الحاج أهل بن مولاي الطيب
9461,al-Tahāmī b. Muḥammad,التهامي بن محمد
9462,Muḥammad al-Ṣāliḥ b. Muḥammad `Alī,محمد الصالح بن محمد علي
9464,Muḥammad b. Ḥamῡd,محمد بن حمود
9465,Maḥmῡd b. al-Faqīh Yiru,محمود بن الفقيه يِرُ
9467,Kama`uni Dabitawu,كَمَعُنِ دبتوا
9468,`Umar Kinātī,عمر كناتي
9469,Maḥma Fa`amatā,محم فَعَمَتَا
9470,Muḥammad ibn Aḥmad,محمد ابن أحمد
9472,al-Tāj b. al-Mukhtār,التاج بن المختار
9473,al-Shaybanī b. 'Al Bubakr,الشيباني بن ءال ببكر
9474,al-Ḥusayn b. Alfā Khalīl,الحسين ابن الفا خليل
9475,Khalīd b. Maḥmῡd,خالد بن محمود
9476,Baḥamma b. Muḥammad b. `Abd Allāh,بحم بن محمد بن عبد الله
9477,Maḥma Turufῡ,محم تُرُفُو
9478,Sīnāli Ghafā`a and his brother Sanῡsī Ghafā`a,سينالي غفاع وأخيه سَنُوسِي غفاع
9479,`Umar ibn Muḥammad,عمر ابن محمد
9480,`Umar Jāra,عمر جَارَ
9481,`Abd al-Raḥman Sanaqu,عبد الرحمن سَنَقُ
9482,al-Munīr ibn al-Shaykh Ḥamād,المنير ابن الشيخ حماد
9484,al-Shaykh Yanta`u,الشيخ يَنْتَعُ
9486,Yaḥya Jirfu,يحيى جِرْفُوا
9487,Yῡsuf b. Abī Bakr,يوسف بن أبي بكر
9489,Muḥammad b. Umar b. Mῡsa b. Maḥmῡd,محمد بن عمار بن موسى بن محمود بن عثمان بن محمد التواتي الجناوي
9490,Suqu Sākuman,سُقَوْا سَاكُمَنْ
9491,Muḥammad Kunkῡ,محمد كُنكو
9492,Buba Mayghājī,بُبَ مَيْغَاجي
9493,Bā Sīdiyya Jurī,با سيدي جُرىَ
9495,Kāfī,كافي
9496,`Abd al-Raḥman b. Sīdi `Uthmān,عبد الرحمن بن سيدي عثمان
9497,al-Khayr b. `Abd Allāh b. Marzῡq b. al-Ḥal,الخير بن عبد الله بن مرزوق بن الحل
9498,al-`Ᾱmar b. Abāb,العامر بن أباب
9500,Muḥammad Bāyughu,محمد بَايُغُ
9502,`Abd Allāh Yalī Ta`fī,عبد الله يالى تعفي
9503,Sa`īd b. Bubakr b. `Alī al-Ghīrwārī,سعيد بن بوبكر بن علي الغيراوي
9504,Ibrāhīm b. Muḥammad Abῡba,إبراهيم بن محمد أبُوبَ
9506,Imām Kabayuwaya,المام كَبَيُوَيَ
9508,Māma Karakῡ,مام كَرَكُو
9509,Bin Alfā Sayid,بن الفا سيد
9510,al-Ḥājj Ḥabīb ibn al-Imām Aḥmad,الحاج حبيب ابن الإمام أحمد
9511,Aḥmad Sīssī (Cissé) ibn Māmā Sissi (Cissé),أحمد سيسي ابن ماما سيسي
9512,Abῡ Bakr Sῡsu b. Alfā al-Muṣṭafa,أبي بكر سوس بن الفا المصطفى
9514,al-Kabīd Sarmī,الكبيد سرمي
9516,Bῡ al-Qāsim and Ibrāhīm `Uthmān,بو القاسم وإبراهيم عثمان
9517,Hashan Alfā b. al-Khalīf,هشن الفا بن الخليف
9519,Tanaful,تنفل
9520,Ibrahīm b. Mῡlāy al-Kabīr,إبراهيم بن مولاي الكبير
9524,Ibn Abī Bāba Thurfān,ابن أبي بَابَ ثُرُفَان
9525,Amīr al-Arab b. Aḥmad,أمير العرب بن أحمد
9527,al-Imām Ṣiddīq b. Ibrāhīm Turifu,الإمام صديق بن إبراهيم تُرِفُ
9528,"Muḥammad b. Muḥammad `Alī ""Biadam""",محمد بن محمد علي الملقب باِدَمْ
9529,Karamughu Jīri (from Samanbughu),كَرَمغُ جير في قرية سَمَنَبُغُ
9531,Mulubalu Tarawarī,مُلُبَلُ تَرَوري
9532,Aḥmad Aḥmad b. Ibrāhīm,أحمد أحمد بن إبراهيم
9533,Mam,مم
9534,Ahl Kākas,أهل كَاكَسْ
9538,Kun Awṣinf  from Kutuwān and Farmagh,كن أوصنف وأو من كتوان وفرمغ
9540,Adam Kunī,آدم كُنِي
9541,al-Hādī b. Alfā al-Amīn and Darāb and Bāba,الهادي بن ألفا الأمين ودراب وبابا دراب بن عبد الرحمن
9542,Muḥammad b. `Abd al-Wahhāb b. Muḥammad al-Amīn,محمد بن عبد الوهاب بن محمد الأمين
9543,Muḥammad al-Mahad ibn al-Ṭāhir,محمد المهد ابن الطاهر
9545,Jīri Kurubari,جير كربر
9546,Bāba Yarwā and Sīdiyya,باب يروا وسيدي
9547,Jatigh Yumaī,جَتِغِ يُمَى
9548,al-Imām Banqass,الإمام بنقس
9549,Aḥmad Darābī,أحمد درابى
9550,Ya`qῡb Kῡtaw Tandawī,يعقوب كُوتَوْ تَنْدَوي
9552,Muḥammad Maḥmῡd b. al-Ṭayib,محمد محمود بن الطيب
9553,Bāba Yatara,باب يتر
9554,Bāba al-Amīn Fafan,باب الأمين ففن
9555,Muḥammad b. al-Mukhtār b. Aḥmad b. Abī Bakr,محمد بن المختار بن أحمد بن أبي بكر
9556,Alfā Yῡsuf,الفا يوسف
9560,al-Ḥusayn b. `Abd al-Raḥman al-Ṭayib,الحسين بن عبد الرحمن الطيب
9561,Maghī ibn Muḥammad Jīntaw Kῡkar,مغي ابن محمد جينتوا كوكر
9562,`Abd Allāh b. Bulqāsim,عبد الله بن بلقاسم
9563,Muḥammad Qafanī and Qīl Bāba Najīn,محمد فَفَنِى وقيل باب نجينِ
9564,`Alī b. al-`Arīb,عال بن الأعريب
9565,Sa`īd b. Ibrāhīm Ḥāfar al-Adīl,سعيد بن إبراهيم حافر الأديل
9566,al-Ḥājj ibn al-Ḥājj,الحاج ابن أحمد
9567,Aḥmad b. Wālidh Ibrāhīm,أحمد بن والده إبراهيم
9569,al-Ḥājj Sāqu,الحاج ساق
9570,Bubu Kanabī b. al-Shaykh Kanabī,بوب كنبي بن الشيخ كنبي
9572,Kamisān,كمسان
9573,Mῡsa Sīṭar,موسى سيطر
9576,Dāwῡd,داوود
9578,Alfā Mu`āth Kamīya,الفا معاذ كَمِيَ
9579,Tāyiri,تَايِرِ
9581,Alfā Ṣiddīq Malanaki,اَلْفَى صديق مَلَنَكِ
9582,Ibrāhīm Tumī,إبراهيم طُمِ
9584,Sa`īd b. Ibrāhīm,سعيد بن إسماعيل
9585,Maḥmῡd (from Shῡkura),محمود في قرية شوكر
9586,Maḥma Tarawarī,محم تروري
9587,Shaykh Ṣana Sīdi b. Bābā Sharaf,شيخ صن سيد بن بابا شرف
9588,al-Shaykh,الشيخ
9589,Ibrāhīm b. Ṭāhir Kabῡrī,إبراهيم بن طاهر كبوري
9590,Muḥammad b. `Alijji,محمد بن علج
9591,Kan Ṣiddīq Kunṭῡ (from Yibī),كن صديق كُنِطُوا ببلد يِبِى
9592,Maḥma Dāw,محم داو
9593,Ahina Angharam,أهنة أنغرم
9594,al-Ḥasan b. Bāba Sharaf,الحسن بن باب شرف
9595,al-Fāḍil Sīdi b. `Urwah,الفاضل سيد بن عروة
9596,Bāba b. Dāwῡd Maygha,باب بن داود ميغ
9597,Dauda Kināti,دود كنات
9598,Alfā Sīdi b. Maḥmῡd,الفا سيد بن محمود
9599,Aḥmad b. Abī Bakr b. Muḥammad al-Ṣiddīq,أحمد بن أبي بكر بن محمد الصديق الأرواني
9600,Sa`īd b. al-Ḥājj,سعيد بن الحاج
9601,Aḥmad b. Aways,أحمد بن أويس
9602,al-Ḥasan al-Wakīl Bifad bint Baki,الحسن الوكيل بِفَد بنت بَكِ
9603,Amīr Ḥamad b. Amīr Aḥmad b. al-Shaykh,أمير حمد بن أمير أحمد بن الشيخ أحمد بن محمد
9604,Abῡ Bakr b. Sa`īd,أبو بكر بن سعيد
9605,al-Hādī b. al-Ṣiddīq,الهادي بن الصديق
9608,Aḥmayat b. Sīdi b. Muḥammad,احميت بن سيد بن محمد إبراهيم
9609,Mῡlāy b. Sīdi Muḥammad b. Mῡlāy `Alī,مولاي بن سيد محمد بن مولاي علي
9610,Aḥmad al-Bakkāy b. `Isa b. Aḥmayd,أحمد البكاي بن عيسى بن أحميد
9611,Kanu Māma Kanifaw,كنو مَامَ كَنِفَو
9614,Balās Kutu,بلاس كوتوا
9615,`Abd al-Wahhāb b. Muḥammad Sīdi Aḥmad,عبد الوهاب بن محمد سيد أحمد
9616,Fāṭima bint al-Shaykh,فاطم بنت الشيخ
9617,Muḥammad b. `Abd al-Wahhāb,محمد بن عبد الوهاب
9618,Maḥmῡd b. `Abd al-Wahhāb,محمود بن عبد الوهاب
9620,Muḥammad al-Ḥājj b. Muḥammad Aḥmad,محمد الحاج بن محمد أحمد في اير
9621,al-Khaḍir b. al-Shaykh Ḥamād,الخضر بن الشيخ حماد
9625,al-Ḥājj Abakr,الحاج أبكر
9627,`Uthmān Bāyka,عثمان بايك
9628,`Abd al-Raḥman al-Zīri,عبد الرحمن الزبير
9629,Fulān Bā Sīdi Jara,فلان بأْ سيد جْرى
9630,Aḥmad Yῡsuf,أحمد  يوسف
9631,al-Ḥājj Ya`yῡb Muḥammad,الحاج يعقوب محمد
9633,Muḥammad b. `Umar Baqariyya Muraja,محمد بن عمر بقرية مُرًجَ
9634,al-Ḥājj Jabrīl ibn `Abd al-Qāḍīr,الحاج جبريل ابن عبد القادر
9635,Adam Tarawarī,آدم تروري
9636,Jakiki (in al-Buṣ),جَكِكِ في قرية البوص
9637,`Umar b. Muḥammad Muḥī al-Dīn,عمر بن محمد محي الدين
9638,Yatin,يتن
9639,"`Umar b. al-Imām Ṭalḥa ""Ṭamba b. Ṭalḥa""",عمر بن الإمام طلحة معروف بطمب بن طلحة
9640,Idrīs Adabāwi ibn Adam,إدريس ادباوي ابن أدم
9642,al-Ḥasan Abῡ Bakr,الحسن بن أبي بكر
9644,Abῡ Muḥammad al-Kuntī,أبو محمد الكنتي
9645,Muḥammad ibn Abī Bakr,محمد ابن أبي بكر
9646,Hārun b. Yῡsuf,هارون بن يوسف
9647,Bāmī Naṣl Hāshmī,باميّ نصل هشمي
9648,`Abd al-Qāḍīr Kabirataw,عبد القادر كَبِرَتَوْ
9649,`Abd al-Qāḍīr Yakhīti,عبد القادر يختى
9650,Muḥammad al-Mukhtār Muḥammad al-Tafati,محمد المختار محمد التافاطي
9651,Muḥammad b. `Uthmān Fufana,محمد بن عثمان فُفَنَ
9652,Bubū Kūtī and Mῡsa Kūtī,بوب كوتي وموسى كوتي
9653,al-Faqīh Ṣanba,الفقيه صنب
9654,Muḥammad ibn Yῡsuf,محمد ابن يوسف
9655,Muḥammad Fῡta,محمد فُوت
9656,al-Ḥājj Mῡsa b. Muḥammad,الحاج موسى بن محمد
9657,Kumādaw,كُمَادَوْ
9658,Mῡlāy `Abd Allāh b. Mῡlāy `Alī,مولاي عبد الله بن مولاي علي
9659,Bῡ `Amām b. Bāba b. Bῡ `Amām b. Sīdi Muḥammad b. Sīdiyya Aḥmad,بو عمام بن باب بن بو عمام بن سيد محمد بن سيدي أحمد
9662,al-Muṣṭafa b. Muḥammad b. Mῡsa,المصطفى بن محمد بن موسى
9663,Anya Diballa,أنْيَا دِبَلَّ
9665,Ḥāwa bint Ṣiddīq Jānī (Jenne?),حَاوي بنت صديق جاني
9667,Ibrāhīm b. Aḥmad,إبراهيم بن أحمد
9668,al-Shaykh b. al-Ḥasan Karāshi,الشيخ بن الحسن كراش
9669,Muḥammad b. Bakr Kamara,محمد بن بكر كَمَرَ
9670,Abῡ al-`Abbās b. `Umar,أبو العباس بن عمر
9671,Mῡsa b. Bῡrī,موسى بن بورى
9672,Yākῡb Kanāṭ,ياكوب كناط
9673,Ra'is Māman al-Ḥasan ibn Sīdi,رئيس مامن الحسن ابن سيد
9674,Mudi b. `Ᾱwād,مود بن عاود
9675,`Atīq Yῡsuf,عتيق يوسف
9676,Ma`ādh b. Ilyās,معاذ بن إلياس
9677,al-Barik b. Faraj Lub,البرك بن فرج لوب
9678,Aḥmad b. Muḥammad b. al-`Alam,أحمد بن محمد بن العلم
9679,`Abd al-Raḥman Ṣanaf,عبد الرحمن صنف
9680,`Abd al-Raḥman b. Ṣāliḥ,عبد الرحمن بن صالح
9681,`Alī Tῡmutā,علي تُومُتَا
9682,Kaygham Sīdi `Urwah,كيغم سيد عروة
9683,Muḥammad Sanfāna b. al-Imām `Alī Sanfāna,محمد سنفان بن الإمام علي سنفان
9684,Sulaymān Dāu`wa,سليمان داعُوْا
9685,Abῡ Bakr Imām,أبو بكر إمام
9687,Munbid Kabitawa,منبد  كبتوا
9688,`Abd Allāh Muḥammad al-Muṣṭafa b. Muḥammad Salik,عبد الله محمد المصطفى بن محمد سلك
9689,Badara Munkῡbir,بَدرَ مُنْكُوبر
9690,Babba b. Ghudkumuwdu,بَبَّ بن غُدْكُمُوْدُ
9692,Māma Almāmi,مام المام
9693,al-Qāḍī Aḥmad b. Alfā Siri,القاضي أحمد بن الفا سر
9695,al-Muṣṭafa b. Muḥammad,المصطفى بن محمد
9699,Aḥmad b. `Abd al-Qāḍīr,أحمد بن عبد القادر
9700,Alfā Ibrāhīm b. al-Imām Sirī,ألفا إبراهيم بن الإمام سري
9701,Yaknanada,ياكنند
9702,`Abd Allāh b. Ḥamad b. `Abd Allāh,عبد الله بن حمد بن عبد الله
9703,Zayd Muḥammad,زيد محمد
9704,`Alī b. al-Imām b. Banī,علي بن الإمام بن بني
9705,al-Amīr Maḥmῡd b. Dāwῡd,الأمير بن محمود بن داود
9706,Tanbanaq,تنبنق
9707,al-Mukhtār b. Bāba al-Hādī,المختار بن باب الهادي
9708,al-Qāḍī Aḥmad Bāba b. Abī al-`Abbās al-Ḥasanī,القاضي أحمد باب بن أبي العباس الحسني
9709,Ḥasan b. Nῡḥ,حسن بن نوح
9710,Aḥmad Sālim b. `Umar,أحمد سالم بن عمار
9711,Sīdi Muḥammad b. al-Imām al-Ṣiddīq,سيد محمد بن الإمام الصديق
9713,Muḥammad b. Ḥamād,محمد بن حماد
9715,Khadīja mint Alfā `Abd,خديجة منت ألفا عبد
9716,"Muḥammad b. al-Faqīh al-Mukhtār ""Wankī""",محمد بن الفقيه المختار الملقب ونكي
9717,`Ᾱ'isha bint al-Fagh Bashīsī,عائشة ابنة الفع با شيسي
9718,Satra Batāy,ستر بتاي
9719,Sīdi Ṭālib,سيد بن طالب
9720,Abhan b. Barak,ابهن بن برك
9721,Sa`d Maḥmῡd Alfā Bā Aḥmad b. Sayntār al-Ḥājj A`lī,سعد محمود الفا با أحمد بن سينتار الحاج أعلى
9722,`Abd al-Raḥman b. `Abd al-`Azīz al-Makanī,عبد الرحمن بن عبد العزيز المكني بشبوك
9723,Mahlamad b. Aḥmad al-Winjām,مهلمد بن أحمد الونجام
9724,Alfā `Uthmān b. Jīrī Qawth Jīrī,الفا عثمان بن جيري قوث جيري
9725,Muḥammad Kawthar,محمد كوثر
9726,Sāla Muy,سال مي
9727,Adān Yatara,ادان يتر
9729,al-Ḥasan b. Zayn b. `Abd al-`Azīz,الحسن بن زين بن عبد العزيز
9730,`Umar b. Muḥammad al-Naṣrī,عمر بن محمد الناصري
9731,al-Ḥājj Sanamuy b. al-Ḥājj,الحاج سنموي بن الحاج
9734,Alfā Muḥammad al-Bashīr,ألفا محمد بن البشير
9735,Lasanu Yāru,لاسن يارُ
9736,Ya`qῡb Tarawarī,يعقوب تراوري
9737,Surāqata b. Abī Bakr,سراقة بن أبي بكر
9738,Muḥammad b. Muḥammad Sīdi `Alī,محمد بن محمد سيد علي
9741,Aminatu Fatabā,آمنة فتبا
9742,Bāba Alfā Tāwa,بابا ألفا تاو
9743,Buqādari,بقادر
9744,Karamuku Samasīku,كرمك سمسيك
9745,Na`kak Kῡkin,نعكك كوكين
9748,Muḥammad Kanafῡ and Sulaymān Kanafῡ,محمد كنفو وسليمان كنفوا
9749,`Abd Allāh Muḥammad Bāra,عبد الله محمد بار
9750,Muḥammad `Abd al-Qāḍīr b. Muḥammad b. Aḥmad Bāyash,محمد عبد القادر بن محمد بن أحمد بايش
9751,"Surāqa b. Maḥma ""al-Sharīf al-Ḥasanī""",سراقة بن محم عرف الشريف الحسني
9752,Amīr Bilad Ṭanī Muḥammad Karaf,أمير بلد طني محمد كرف
9753,Ḥabība b. Kanā,حبيبة بن كنا
9754,al-Ḥasan b. Muḥammad b. Muḥammad,الحسن بن محمد بن محمد
9755,Bābā Maygha,بابا ميغ
9756,`Abd Allāh b. Aḥmad al-Kabīr,عبد الله بن أحمد الكبير
9757,`Abd Allāh b. `Isa,عبد الله بن عيسى
9758,Muḥammad al-Ṭālib `Uthmān,محمد بن الطالب عثمان
9759,Maḥmῡd b. al-Imām and Nagharī,محمود بن الإمام ونغرى
9760,Muḥammad Ya`yish b. `Abd Allāh al-Fῡd,محمد يعيش بن عبد الله الفوض
9761,Muḥammad b. `Umār b. al-Khayr,محمد بن عمار بن الخير
9762,Ka Ka Kῡqin,ك ك كوقين
9763,Muḥammad Alfā Kā b. Ka`b b. Muḥammad Kab,محمد ألفا كا بن كعب بن محمد كب
9764,Bājīn Ṣu,بانجين ص
9765,`Abd Allāh b. Qatātī,عبد الله بن قتاتي
9766,Aḥmad ibn Almamy,أحمد ابن المام
9767,Dawtah ibn al-Imām al-Ṣāliḥ,ذوته ابن الإمام الصالح
9769,Amīr Dān,أمير دان
9770,Adam Tarawalī Kῡru b. Abī Bakr  Tarawalī Kῡru,آدم ترولي كور بن أبي بكر ترولي كور
9771,Tiyr b. Kaym,تير بن كيم
9772,`Abd Allāh b. al-Faqīh al-Alfā Abī Bakr,عبد الله بن الفقيه الفع أبي بكر
9773,Ḥamād Kabī Buwārī,حمد كبي بواري
9774,al-Ḥājj Maḥma,الحاج محم
9775,`Umar b. Maḥmῡd,عمر بن محمود
9776,Nala,نل
9777,Muḥammad b. al-Ṣāliḥ,محمد بن الصالح
9778,Abῡ Bakr b. Imām,أبي بكر بن إمام
9779,al-Amīr `Abd Allāh b. Jadd,الأمير عبد الله بن جد
9781,Tarakam,تركم
9782,Bu Bakr Nῡḥ,بو بكر نوح
9783,`Uthmān b. Mālik Jīri,عثمان بن ملك جير
9784,`Uthmān b. Abῡ Bakr,عثمان بن أبي بكر
9785,al-Qāḍī al-Amīr Munīr b. `Umar,القاضي الأمير منير بن عمر
9786,Mayj Nanī,ميج نني
9787,"Abῡ Bakr b. Ibrāhīm ""Buba""",أبو بكر بن إبراهيم عرف ببوب
9788,Maḥmῡd b. Ibrāhīm,محمود بن إبراهيم
9789,Aḥmad b. al-Ḥājj Mulā,أحمد بن الحاج مولا
9790,Ḥusayn b. al-Imām Bala`,حسين بن الإمام بلع
9791,Amīr Dawāb,أمير دواب
9793,Alfā b. Tay Kamān,ألفا بن تي كمان
9794,Aḥmad b. Almāmi,أحمد بن المام
9795,Bīdar Kῡba,بيد اركوب
9796,Nῡḥ b. Aḥmad b. `Abd Allāh,نوح بن أحمد بن عبد الله
9797,Ismā'il Fafana,إسماعيل ففن
9798,Bῡ `Amām Danbari,بو عمام دنبر
9799,Yῡsuf Kutubῡ,يوسف كتبوا
9801,Aḥmad Bubakr `Alī,أحمد بوبكر عل
9802,al-Imām Kaykaman (from Bamako),الإمام كيكمن في مدينة بَمَكُ
9803,Dandara bint al-Imām Faramgha,دندر بنت الإمام فرمغ
9804,`Abd al-Raḥman b. Bāba al-Ghayd Abī Bakr al-Rāmi,عبد الرحمن بن باب الغيد أبي بكر الرامي
9805,Judge of the town of Taghārus,حاكم مدينة تغارست
9806,Bubakr ibn Mubārik,ببكر ابن مبارك
9807,Mῡlāy `Alī b. Shaykh,مولاي علي بن شيخ
9811,`Umar Nādī,عمر نادى
9812,`Umar Bāba,عمر باب
9813,Mῡlāy Tarawarī,مولاي ترواري
9815,`Ᾱli b. al-`Arīb,عال بن الأعريب
9816,Kami Quma,كَمِ قُمَ
9818,Aḥmad Nādīyu ibn Ibrāhīm Nādīyu,أحمدنا دي ابن إبراهيم نادي
9819,Bāba Khalīl,باب خليل
9820,Ḥāmid b. `Umar,حامد بن عمر
9822,al-Ḥusayn Kamī,الحسين كمي
9823,Sa`īd b. Ghadād b. `Abd al-Raḥman al-Suyῡṭī,سعيد بن غداد بن عبد الرحمن السيوطي
9824,Mukhtār Minta,مختار منت
9825,al-Imām Alfā `Uthmān,الإمام بن ألفا عثمان
9827,al-Shaykh b. Kamān,الشيخ بن كمان
9828,Alfā Shanba,الفا شنب
9829,Yā arzaq Sariya al-Shaykh Mu`aṭil,يا أرزق سرية الشيخ معطل
9830,Aḥmad b. Mumami,أحمد بن مُمَمِ
9832,Bāda b. al-Shaykh Aḥmad,باد بن الشيخ أحمد
9833,Muḥammad b. al-Imām `Alī,محمد بن الإمام علي
9834,al-Imām Jāka,الإمام جاك
9836,al-Qāḍī Muḥammad b. al-Imām Aḥmad,القاضي محمد بن الإمام أحمد
9837,Nāna Fāṭima,نان فاطم
9839,Ibrāhīm Sanba b. Bāya`,إبراهيم سنب بن بايع
9840,al-Amīr al-Ẓāhir,الأمير الظاهر
9841,Qāsim,قاسم
9842,Mālik b. Yirkuy Ṭalfi,مالك بن يركى طلف
9843,Isḥāq Tarawali,إسحاق ترول
9844,Mayduī Dīn,مَيْدُوي دين
9845,Mῡlāy `Alī b. Mῡlāy al-Ḥasan,مولاي على بن مولاي الحسن
9847,Bāba Mῡlāy `Abd Allāh Mῡlāy `Umar,باب مولاي عبد الله بن مولاي عمر
9848,`Alī b. `Abd Allāh b. Marzῡq b. `Abd Allāh,علي بن عبد الله بن مرزوق بن عبد الله
9849,Ibn Alfā Bāba,ابن الفا باب
9850,al-Ḥasan Dīn al-Mikanī,الحسن دين المكني
9851,Bakr b. Dāwῡd,باكر بن داود
9852,Ahmayd b. Aḥmad al-Ghadāmisī,أحميد بن أحمد الغدامسي
9853,al-Khatāt b. Yῡsuf,الخطاط بن يوسف
9855,Amīr al-Mu'minīn Aḥmad al-Banā' b. al-Shaykh Sīdi Muḥammad b. al-Shaykh Sīdi al-Mukhtār [al-Kuntī],أمير المؤمنين أحمد البناء بن الشيخ سيدي محمد بن الشيخ سيد المختار
9856,Mῡlāy `Alī ibn Mῡlāy Muḥammad,مولاي علي ابن مولاي محمد
9857,Nāna bint `Abb al-Qāḍīr b. `Affan,نان بنت عب القادر ابن عفان
9858,`Abd al-Raḥman b. al-Sālik,عبد الرحمن بن السالك
9859,Bāba `Abd al-Raḥman b. Hammanī Hasaī,باب عبد الرحمن بن هَمَّنى هَسَيْ
9860,Ibrāhīm Bukar,إبراهيم بوكر
9861,Idaba Sānkhu,اِدَبَ سَانُخُ
9862,Arzaq' Aminata,أرزقاء أمنت
9863,Hindān b. Aḥmad,هندان بن أحمد
9864,Muḥammad b. Muḥammad b. al-Ḥājj Aḥmad al-Ḥasan al-Maghribī,محمد بن محمد بن الحاج أحمد الحسني المغربي
9865,al-Ḥājj b. Saqam,الحاج بن سقم
9866,`Uthmān b. al-Shaykh Khalīl,عثمان بن شيخ خليل
9868,al-Qāḍī Sīdi Aḥmad b. Abῡ Bakr b. al-Sīdi,القاضي سيد أحمد بن أبي بكر بن السيد
9869,Muḥammad b. Alfā Wanghara,محمد بن الفا ونغر
9870,Sīdi b. A`li,سيد بن أعل
9871,Fāṭima Fufanaḥ and Mā Mῡsa,فاطمة فُفُنَا وَمَامُوسَى
9872,Bῡbakr Ibilm,بوكر ابيلم
9873,Araqiya bint Alfā` `Abd Allāh `Umar,أرقية بنت الفع عبد الله عمر
9874,Kamandām Sarakal,كمدام سركل
9875,`Abd al-Salam b. Tahām,عبد السلام ابن تهام
9877,Ibrāhīm Tughula,إبراهيم تُغُلَى
9878,`Alī Turī in Kanka,عَليُّ تُوري في قرية كَنْكَ
9879,Ibrāhīm Dā`,إبراهيم داع
9881,Bῡyā Tarawabī,بُويَا تَرَوَبى
9882,al-Imām Sa`īd,الإمام سعيد
9883,Bāba Dāyī,باب دايي
9884,Fāṭim,فاتم
9885,Alfā Mῡsa Dābī,الفا موسى دابي
9886,al-Mukhtār b. Muḥammad al-Muṣṭafa,المختار بن محمد بن المصطفى
9887,Yῡsuf b. Maḥmῡd,يوسف بن محمود
9888,Khutiy Ti Mataw,خُوْتِىْ تى مَتَوْ
9889,Muḥammad al-Amīn b. Muḥammad b. Muḥammad,محمد الأمين بن محمد بن محمد المختار بن محمد الطاهر بن علي النجيب
9890,Bābā b. Tarawarī b. Karamukῡ Tarawarī,بابا تراوري بن كرمكو تراوري
9891,Bāmā Sīssī (Cissé),بَامَا سيسي
9892,Ibrāhīm Dābī,إبراهيم دابي
9893,Maḥama Kami,مَحَمَ كَمِىَّ
9894,Bān Tandu,بَانْ تَنْدُ
9895,Ibrāhīm Kabī,إبراهيم كِبِى
9896,Aḥmad b. Muḥammad al-Mukhtār,أحمد بن محمد المختار
9897,Sīdi Aḥmad b. `Abd al-Wahhāb,سيد أحمد بن عبد الوهاب
9898,Thmāni Kaghaῡd `Abd Tarawarī,ثمان كغود عبد ترور
9899,Kumani Dabītῡ,كُمَن دَبِتُوا
9900,Zarῡq b. Alfā Bābīr,زروق بن ألفا بابير
9901,Shu`ayb Kanī,شعيب كني
9902,al-Ghula b. Jadd,الغلة بن جد
9903,Isma'il Bafta,اسماعيل بفتى
9904,al-Amīr Aḥmad b. Aḥmad b. Aḥmad,الأمير أحمد بن أحمد بن محمد
9905,Sinā `Umar Kῡtῡ,سنا عمر كوتوا
9907,Sa`īd b. `Abd al-Raḥman Kamaya,سعيد بن عبد الرحمن كَمَيَا
9908,Qumāni Tararbi,قُمَانِ تَرَرَبِ
9910,Abῡ Bakr b. Kῡla,أبو بكر بن كول
9912,Aḥmad Duqri,أحمد دُقْرِ
9913,`Abd al-Qāḍīr Sīdi al-Khayr,عبد القادر سيد الخير
9914,Dala b. Sīdi Muḥammad,دل بن سيد محمد
9915,Bῡkiduku,بُوكِيدُك
9916,`Umar b. al-`Izz,عمار بن العز
9917,Ba Ṣiddīq Minta,با صديق منت
9919,Zāgha Maḥmῡd ibn al-Imām,زاغ محمود ابن الإمام
9920,Buda Danmilī and Muḥammad Danmilī,بُوَدَ دَنْملى ومحمد دَنْملى
9921,Muḥammad b. Nafāka,محمد بن نفاك
9922,Ra'is al-Banābī Balī b. Mansa,رئيس البنابي بلى بن منس
9923,Alfā Muy,الفا مُوي
9924,al-Amīr Sīdiyya ibn al-Shaykh Aḥmad al-Amīn,الأمير سيدي ابن الشيخ محمد الأمين
9925,al-Qāḍī Alfā Ibrāhīm b. Abῡ Bakr,القاضي الفا إبراهيم بن أبي بكر
9926,al-Amīn b. Aḥmad b. `Abd Allāh,الأمين بن أحمد بن عبد الله
9927,Muḥammad Dadab,محمد ددب
9928,Ibrāhīm b. al-Aw,إبراهيم بن الأو
9929,Ḥawa Muy bint Alfā Muḥammad,حوى موي بنت الفا محمد
9930,Karamuku Qunāti,كرمك قنات
9931,Muḥammad Yumataw (from Kuy),محمد يمتوا في بلد كوي
9932,al-Sīdi Aḥmad b. al-Sīdi Muḥammad,السيد أحمد بن السيد محمد
9933,Muḥammad ibn Ilijji,محمد ابن الج
9934,Manṣῡr b. `Abd al-Raḥman,منصور بن عبد الرحمن
9936,Karamuku,كَرَمُكُ
9937,Bākana b. Jay Kana,باكن بن جي كن
9940,Fāṭima Jiri,فاطمة جِيرِ
9943,Alidun Bājā Damilī,الدن بَاجَا دَمِلِى
9944,al-Ḥasan Bartī,الحسن برتي
9945,Ibrāhīm Saghu,إبراهيم ساغ
9946,Aḥmad Maygha `Abd al-Qāḍīr,أحمد ميغ بن عبد القادر
9947,al-Jāfar Tankara,الجافر تنكر
9949,Amīr Junduru Quṭb Zaghtī,أمير جُنْدر قطب زغْتي
9950,Kaka Tarawali and Aḥmad Tarawali b. Kuburu Tarawali,كَكَا ترول وأحمد ترول بن كبُرُ ترول
9951,Aḥmad Shaykh Tūrī,أحمد شيخ توري
9952,Sanba Ṭumu,سبت طُمُ
9953,Bādiqa Yara and his brother Tām Tarawutῡ,بادق يَرَواحيهِ تام تَرَوُتُوْ
9954,Muḥammad `Al al-Ḍa`īf,محمد عل الضعيف
9955,Aḥmad b. Mayṭaz al-Ghadāmisī,أحمد بن ميتظ الغدامسي
9956,Ijtahār b. Karkuz,اجتهار بن كركوز
9957,Mῡlāy Zaydān ibn Buya,مُولَىْ زيدان ابن بُيَّ
9958,Yῡsuf Darami,يوسف دُرْمَ
9959,Mῡsa Jabātī,موسى جباتي
9961,`Abd Allāh b. `Andī,عبد الله بن عندى
9962,Qursah and Mulād,قر سح وملاد
9963,Bāsāsā,باساسا
9964,Ibrāhīm b. Wālī,إبراهيم بن الوالي
9965,Kῡ Māmā Qabiyῡ,كو ماما قبيو
9966,Bāba Susu b. al-Ṭālib `Uthmān,بابا سوسو بن الطالب عثمان
9967,`Umar Kabiẓ ibn al-Ḥasan `Abaṭ,عمار كبظ ابن الحسن عبط
9968,al-Ḥājj,الحاج
9970,Muṣṭafa Sānf,مصطفى سانف
9971,Yaqan Tarawalī,يقن ترولى
9972,Bābā Ḥara,بابا حرى
9973,Kumir Kurtuwa,كومير كرتوا
9974,Abῡ al-Qāsim Kankawī,أبو القاسم كنكوي
9975,Nῡh Sam,نوح سم
9976,Adam Daw,آدم دو
9977,al-Imām Bāba,الإمام باب
9979,Kantῡ Fῡtῡ,كنتوا فوتو
9980,Mῡsa ibn Muḥammad,موسى ابن محمد
9981,`Abd al-Qāḍīr Ṣanfī,عبد القادر صنفي
9982,Yamī al-Hādī,يامي الهادي
9983,Mukhtār Nādī,مختار نادي
9984,Khalīf ibn Bῡj,خليف ابن بوج
9985,Bāba b. Abī Bakr,باب بن أبي بكر
9986,Ṣāliḥ b. Ibrāhīm,صالح بن إبراهيم
9987,Bāyrum Tarawarī,بايروم ترورى
9988,Sīdi Tabra b. `Uthmān al-Imām Sana,سيد تبرى بن عثمان الإمام سنى
9989,Yῡsuf b. Muhammad,يوسف بن محمد
9990,Ibrāhīm b. Mālik,إبراهيم بن مالك
9993,Muḥammad Nāfῡl,محمد نافول
9994,Sulaymān b. Aḥmad,سليمان بن أحمد
9995,Abῡ Bakr Muniḥ (from Thamān),أبي بكر منح في قرية ثمان
9996,`Abd al-Raḥman Bāl,عبد الرحمن بال
9997,Māyātā'itā,ماياتائتا
9998,Maḥma Kamīna,محم كمين
9999,Yaḥya,يحي
10001,Alfā Maḥmῡd Tarawarī,ألفا محمود ترورى
10002,Bakriba Sanak,بكرب سنك
10003,Kud Kamīna,كود كمين
10004,`Abd al-Qāḍīr Kahtaf,عبد القادر كهتف
10005,Abῡ Bakr b. Ibrāhīm,أبو بكر بن إبراهيم
10006,al-Ḥājj Lamin b. al-Ḥājj `Umar,الحاج لمن بن الحاج عمر
10007,Salmān b. Aḥmad,سنلمان بن أحمد
10008,Yāmusa Kanī,يامس كني
10009,al-Ḥasan,الحسن
10010,Bāba Kamīna,باب كمين
10012,Lamīn,لمين
10013,Sulaymān b. Muḥammad b. Sulaymān,سليمان بن محمد بن سليمان
10014,Sulaymān b. Muḥammad,سليمان بن محمد
10015,Muḥammad  Tarawalī,محمد ترول
10016,Bakr Ghuru,بكر غور
10017,al-Ḥājj Mālik b. Ibrāhīm Kankῡa,الحاج مالك بن إبراهيم كنكوا
10018,Ḥasan ibn Abī Bakr,حسن ابن أبي بكر
10019,Kafak Masā,كفك مسا
10020,`Abd al-Raḥman Ṣāliḥ Ṣanfuwa,عبد الرحمن صالح صنفوا
10021,Sīdi Muḥammad b. al-Shaykh,سيد محمد بن الشيخ
10022,Muḥammad b. Mān b. `Umar Bāba,محمد بن مان بن عمر باب
10025,Fāṭima Sāban,فاطمة سابن
10026,Shuf ibn Ibrāhīm,شف ابن إبراهيم
10027,`Isa ibn Abī Bakr,عيسى إبن أبي بكر
10029,Bubakr al-Khalīf Iyjji,ببكر الخليف أيج
10030,Ana  Tarawalī,أن ترولي
10031,Abῡ Bakr b. `Abd Allāh Tarawarī,أبو بكر بن عبد الله تروري
10032,al-Ṣādiq b. `Abd al-Raḥmān,الصادق إبن عبد الرحمان
10034,al-Māmi  Sῡraqa,المام سورق
10035,al-Ḥasan Sānim,الحسن سانم
10036,Khadīja Saghaḍanaghu,خديجة سَغضنَغُ
10037,Mῡsa Kulibali,موسى كلبل
10038,`Abd al-Wahhāb b. Bāba Dukurī,عبد الوهاب بن بابا دُكُري
10039,`Umar Ḥusayn,عمر حسين
10040,Mῡri Makha Kayta,مُورِ مَخَ كُيْتَ
10041,Quw Bābā Kuwtaw,قُوْ بَابَا كُوْتَوْا
10042,`Alī Kamu,علي كَمُ
10043,Kulibali,كُلُبَلِ
10045,Kūkākā Kāṭaw,كُوكَكَاكَا طَوْ
10047,`A'isha Kῡnati,عائشة كونت
10048,Barawālu (from Masina),بَرَوَالُ في أرض مَسِنَ
10049,Yῡsuf Dāw,يوسف داو
10050,`Abd al-Raḥman in the town of Ghawanī,عبد الرحمن في مدينة غوني
10051,al-Mukhtār b. al-Muṣṭafa b. Muḥammad,المختار بن المصطفى بن محمد
10052,Maḥamad Faḥira Tanfū,مَحَمَد فَحِرَ تَنْفُوا
10053,al-Ḥusayn,الحسين
10054,`Ubayd al-Wahhāb b. al-Ḥājj Bāba Dakari,عُبَيْدُ الوهاب بن الحاج باب دكري الكَمَنّى
10055,Kūqayma,كُوقَيْمَ
10056,Mayalaḥa Kayaẓa,مَيَلَحِ كَيَظَ
10057,`Abd al-Qāḍīr b. Barka,عبد القادر بن بركة
10058,Sulaymān b. Ṭāhir,سليمان بن طاهر
10059,Mῡsa ibn Gharba Sanba,موسى ابن غرب سنب
10060,Shaykh Fa‘amatā,شيخ فعمتا
10062,Karamughu Tūma Tarāwarī,كَرَمُغُ تُومَ تراوري
10063,Alfā Bān Diki Yarā,الفا بان دِكِ يَرَى
10064,al-Ḥusayn b. Yῡsuf,الحسين بن يوسف
10065,Fāṭima Tira,فاطمة تير
10066,Sīdi Muḥammad b. Abba b. Bāba,سيد محمد بن أب بن باب
10068,Qaysir Malal,قَيْسِرِ مَلَلْ
10069,Maḥmῡd b. `Umar Abb,محمود بن عمر أب
10070,Ibrāhīm Sharī,إبراهيم شرى
10071,Muḥammad al-Muṣṭafa b. Muḥammad,محمد المصطفى بن محمد
10072,Balad `Uwa,بَلَدِ عُوَى
10073,Ṣiddīq b. Mῡsa Fῡfan,صديق بن موسى فُوفَنَ
10074,Muḥammad b. Sulaymān al-Najī,محمد بن سليمان الناجي
10075,al-`Atīq b. Muḥammad al-Amīn,العتيق بن محمد الأمين
10077,al-Fata,الفتى
10078,Aḥmad al-Qayshīrī,أحمد القيشيري
10079,Sīdi Bakar b. Sīdi Ḥayda,سيد بكار بن سيد حيد
10080,Isḥāq,إسحاق
10081,Kunbā b. Ibrāhīm,كَنْبَا بن إبراهيم
10082,al-Imām Ja`far,الإمام جعفر
10083,al-Qāḍī Mῡdibu b. Aḥmad b. Aḥmad,القاضي مودب بن أحمد بن أحمد
10085,Gharba Ḥama,غرب حم
10088,al-Amīr `Uthmān b. `Abd al-Raḥman Qarib,الأمير عثمان بن عبد الرحمن قريب أمير المؤمنين أحمد البكاي
10090,al-Ṣiddīq Aḥmad b. Aḥmad Bāba,الصديق أحمد بن أحمد باب
10093,al-Sharīf Muḥammad,الشريف محمد
10094,Ḥasan b. al-Ḥājj Aḥmad and Muḥammad al-Mukhtār,حسن ابن الحاج أحمد ومحمد المختار
10095,Muḥammad b. al-Amīn Aḥmad,محمد بن الأمير أحمد
10096,Aḥmad b. Nῡḥ,أحمد بن نوح
10097,al-Mālik `Abd al-Raḥman,الملك عبد الرحمن
10098,Umarā Jafarabī,أمراء جفربي
10099,Tughu b. Hūd,توغ بن هود
10100,Jāmad b. al-Khalīl,جماد بن الخليل
10101,Nāna and Zaynab Sa'īd,نان وزينب سعيد
10102,Fāṭima bint Natabaya,فاطم نتيب
10104,Jakinūsh b. A‘li,جكنوش بن أعل
10105,Babaruja Dadi,بَبَرُجَ دَدِ
10106,al-Ḥājj Jafīna Kan and  ‘Abd al-Karim Tūrī,الحاج جفين كن وعبد الكرم توري
10107,Muḥammad b. Bakr al-Jīri,محمد بن بكار الجير
10108,Mahd b. al-Imām Samaki,مهد بن الإمام سمك
10109,Ibrāhīm b. Madi,إبراهيم ابن مد
10110,‘Ubayd Mawlāh Mūsā b. Ibrāhīm,عبيد مولاه موسى ابن إبراهيم
10111,al-Ḥasan Karabatā,الحسن كَرَبِتَا
10112,Ismā'īl al-Shaykh,إسماعيل الشليح
10113,Muḥamad Janghu b. al-Ḥasan Sankī,محمد جَنْغُ بن الحسن سنكي
10114,Ibrāhīm al-Sharīf,إبراهيم الشريف
10116,Afa  Kurubari,أَفَّ كُرُ بَّرِ
10118,`Umar b. Dāwῡd,عمر بن داود
10120,Aḥmad Karabata,أحمد كَرَ بتَ
10121,Ba` Ṣa`tā,بع صعتا
10124,`Abd Allāh Muḥammad b. Aḥmad,عبد الله محمد بن أحمد
10125,al-Qāḍī Aḥmad b. al-Shaykh Khalīl,القاضي أحمد بن الشيخ خليل
10127,Tiday Sīnaw (Madīna Tanudaghī),تِدَيْ سينَوْا مدينة تَنُدَغِي
10128,Kalamu Sānī,كَلَمٌ سَاني
10129,Māma Kamanta,مَامَ كَمَنْتَ
10130,Muḥammad Kawāta,محمد كوات
10134,Bāba b. Sīdiyya,بابا بن سيدي
10135,`Uthmān Kamara,عثمان كمرى
10136,Bakr Sumarī,بكر سُمَرِي
10137,Būbakar b. Ṭaqarayā,بوبكبر بن طقرَيا
10140,Mῡsa Sanda,موسى سند
10142,al-Qāḍī `Umar Sharīf,القاضي عمار شريف
10143,Muḥammad ibn Janikadu,محمد ابن جَنِكَدُ
10144,Ḥamād b. Fātī,حامد بن فاتي
10145,al-Qāḍī Hama Tabakal Darabī,القاضي هم تبكل درابي
10146,`Ubayd Allāh Kiri Sanbar,عبيد الله كيري سنبر
10148,Zayd b. Sanῡsī,زيد بن سنوسي
10149,Mῡsa Kunatī,موسى كُنتِى
10150,Gharab Samīk,غرب سمِيك
10151,Muḥammad b. Atlī,محمد بن أتلى
10152,Fīfu,فِيفُ
10153,Bāba Aḥmad b. Sīdi A`lī b. al-Shaykh,باب أحمد بن سيد أعلى بن الشيخ
10154,Aḥmad b. Kars,أحمد بن كرس
10155,al-Amīn b. Halay,الأمين بن هلي
10156,Muḥammad al-Ṭālib,محمد بن الطالب
10157,Abῡ Bakr b. Bayak,أبو بكر بن بياك
10158,al-Ḥusayn Tarawarī,الحسين تروري
10159,Muḥammad Sanfī,محمد سنفي
10160,Muḥammad b. al-Shaykh Alfā Abba,محمد بن الشيخ الفا أبّ
10161,Nῡḥ b. Tamā,نوح بن تما
10162,`Ᾱbidin b. Ḥamad al-Amīn b. al-Mukhtār,عابدين بن حمد الأمين بن المختار
10163,al-Imām Mῡsa b. Almīn Tabῡ,الإمام موسى بن ألمين تابو
10164,Muḥammad Aḥmad b. Muḥammad `Abd al-Dā'im,محمد أحمد بن محمد عبد الدائم
10165,Fāṭima bint Zahra,فاطمة بن زهر
10167,al-Shaykh Muḥammad `Abd Allāh b. Adam,الشيخ محمد عبد الله بن آدم
10169,Bāba b. Abī al-`Abbās,باب بن أبي العباس
10170,Bῡ Samārī b. Karamaghu Samārī,بو صماري بن كرمغ صماري
10171,Ibrāhīm b. Bāba Sharaf,إبراهيم بن باب شرف
10172,`Alī b. Aḥmad al-A`rābī,عالي بن أحمد الأعرابي
10173,"Sulaymān ""al-Ilwurī"" (land of Mīḥanā)",سليمان الملقب إلوُري في بلد ميحنا
10176,Ambārik ibn Kay`im,أمبارك ابن كيعم
10179,al-`Arab Aḥmad,العرب أحمد
10180,Muḥammad Kῡnata,محمد كُونَت
10181,al-Imām Iyyjī,الإمام ئِجِ
10182,"Muḥammad b. Muḥammad al-Mukhtār ""Suttir""",محمد بن محمد المختار المعروف با سُّتِّر
10183,al-Ḥājj Bῡshī,الحاج بوشي
10185,Sīdi A`ma Dhukuray,سيد اعم ذكر
10186,A`mar b. Annān,أعمر بن انان
10189,`Abd Allāh Kuntī,عبد الله كنتي
10190,al-Imām Sa`īd Sabkuway,الإمام سعيد سبكوى
10191,Shaykh Njārī and Ibrāhīm Tāl,شيخ انجاى وإبراهيم تال
10192,Muḥammad al-`Ᾱqab b. al-Imām Sayf,محمد العاقب بن الإمام سيف
10193,Sadāt b. `Abd al-Raḥman,سدات بن عبد الرحمن
10194,Muḥammad b. Ibrāhīm al-Buqālī,محمد بن إبراهيم البقالى
10196,Muḥammad al-Amīn,محمد الآمين
10198,Muḥammad al-Amīn b. al-Imām,محمد الأمين بن الإمام
10200,Muḥammad Kalῡhi,محمد كَلُوهِ
10201,Aḥmad Aḥmad b. `Abd Allāh,أحمد محمد بن عبد الله
10202,Sῡk b. `Alī,سوك بن علي
10203,al-Abrak Kalb al-Abārik,الأبرك كلب الأبارك
10204,al-Ḥājj Adama Tarawarī Kῡru Mukubīr Tarawarī,الحاج ءَادَمَ ترورى كُورُ مُكُبِير ترورى
10206,Bubakr b. al-A`rab,ببكر بن الأعرب
10207,al-Ḥājj Mukhtār Sunkubῡ,الحاج مختار سْنكْبْو
10208,Ḥabīb Allāh b. `Abd al-Nāṣr,حبيب الله بن عبد الناصر
10210,al-Fāda b. Muḥammad,الفاد بن محمد
10211,Ḥiṭar b. Ibrāhīm b. `Abd Allāh b. Mῡsa,حطار بن إبراهيم بن عبد الله بن موسى
10212,al-Ḥājj `Uthmān,الحاج عثمان
10213,Bῡbu Ṣamārī,بوب صماري
10214,Marubari Kaba and her sons Sināil and Mālik,مَرُبَرِ كبى وابنيها سنَال ومالك
10215,Ibrāhīm b. Muḥammad Tarawarī,إبراهيم ابن محمد تروري
10216,`Uthmān Danbilā,عثمان دَنْبِلاَ
10217,Muḥammad al-Amīn al-Qāḍī Aḥmad Bāba,محمد الأمين القاضي أحمد باب
10218,Muḥammad Ibrāhīm b. Muḥammad b. al-Munīr,محمد إبراهيم بن محمد بن المنير
10219,Salam ibn al-Madār,سالم ابن المدار
10220,Bana ibn Al,بَنَ ابن أَلْ
10221,`Umar b. Aḥmad Bāba,عمر بن أحمد بابا
10223,Maḥmū Ghūyā,محمو غويا
10224,Mālik ibn al-Ḥājj,مالك ابن الحاج
10225,Bāba b. Bāba `Amāma,باب بن باب عمامة
10226,Muḥammad al-Amīn b. Aḥmad al-Ansari,محمد الأمين بن أحمد الأنصاري
10228,al-Sharīf al-Kabīr,الشريف الكبير
10230,`Uthmān Sītaw (in land of Ghumtu) and `Umar Sītaw,عثمان سيتو في بلد غُمْتُوا ـ عمر سٍيَتَوْ
10232,Bāba Tanafu,بَابَ تنف
10233,"`Alī b. Muḥammad ""al-Ghayrak b. Abī Na`āma""",عالى بن محمد الملقب بالغيرك بن أبي نعامة
10234,`Uthmān b. al-Munīr,عثمان بن المنير
10236,Ibrāhīm Kaysa,إبراهيم كيس
10237,`Umar b. Ḥumsāri,عمر بن حُمْسَار
10238,al-Amīr Kān b. Balal b. Mῡdi,الأمير كان بن بلل بن مود
10239,Ḥamata‘rura,حمتعرْرَ
10240,Imām Wataka,المام وتك
10242,Yuru Ḥamādi `Umar,يُرُ حَمَدِ عمر
10243,Muḥammad ibn al-Faqīh ibn Bakr,محمد ابن الفقيه الفع ابن بكر
10244,al-Zākuway,الزَّاكوي
10246,Muḥammad al-Mawsūnī al-Sanfarūtī al-Jawkayūtī,محمد الموسوني السنفروتي الجوكيوتي
10247,Yan Ṣiddīq and Fāṭima,ين صديق وفاطمة
10248,Alfā,ألفا
10249,al-Amīn Muḥammad,الأمين محمد
10250,al-Ḥājj Bika Kalil,الحج بك كليل
10251,Aḥmad b. al-Mukhtār Fāl,أحمد بن المختار فال
10252,Ibrāhīm Ḥamād al-Makannī Yadimba,إبراهيم حمد المكني يدمب
10253,Adab bint Zabab Iyyjī,أدَبْ بنت زنب إيج
10254,`Abd al-Qāḍīr Sānughu,عبد القَادِرِ سَانُغُ
10255,Aḥmad b. Ḥamād,أحمد بن حماد
10257,Bāba b. Ibrāhīm Tarawarī,باب بن إبراهيم تروري
10259,Bāli Afu,بال أَفُ
10260,Wana ibn Mammā,وَنَ ابن ممّا
10263,`Umar Sālim b. Barki Jaraj,عمر سالم بن بركي جراج
10264,Abῡ Bakr Tarawarī,أبو بكر توري
10265,Mῡsa Tarawarī b. Māma Tarawarī,موسى تروري بن مام تروري
10267,Muḥammad b. `Isa b. Muḥammad,محمد بن عيسى بن محمد
10268,Muḥammad Ramḍān b. Bāba al-Hādī,محمد رمضان بن باب الهادي
10269,`Umar ibn al-Ḥājj,عمر ابن الحاج
10270,al-Amīn Kayij Iyjjī,الأمين كيج إيج
10271,al-Qāḍī,القاضي
10272,Ḥamīd Bāba b. Sīdi,حميد باب بن سيد
10273,Sīdi Muḥammad al-Qāḍīr,سيد محمد القادر
10275,"Yῡsuf b. Mῡsa Amsar ""Nadbal b. Mazdab Amsar",يوسف بن موسى أمسر المعروف بنادبل بن مزدب أمسر
10276,Ibn Marsiyya,ابن مرسية
10278,Dhῡ al-Nῡn al-Miṣrī,ذو النون المصري
10279,"Muḥammad b. Muḥammad ""Muḥammad Thquru"" al-Fulānī",محمد بن محمد المعروف بمحمد ثقُرُ الفلاني
10282,Muḥammad b. Muḥammad al-Mῡlῡd,محمد بن محمد المولود
10283,Sulayman b. Dāwud,سليمان بن داود
10284,al-Ḥusayn al-Marghathanānī,الحسين المرغثناني
10285,Muḥammad Ḥasan Nāyl al-Marṣafī,محمد حسن نايل المرصفي
10286,Muḥammad al-Taslīm ibn Quṭub,محمد التسليم ابن قطب
10287,al-Shaykh al-Ḥasan b. al-Imām Muḥammad Wakabī,الشيخ الحسن بن الإمام محمد وكبي
10289,Muḥammad b. Muḥammad b. Aḥmad b. Lamīn al-Ḥasanī,محمد بن محمد بن أحمد بن لمين الحسني
10290,Ḥasan b. Muḥammad Mashāṭ,حسن بن محمد مشاط
10292,`Abd al-Wahhāb b. `Ᾱmar,عبد الواحد بن عامر
10293,al-Shaykh Māmi,الشيخ مام
10294,Abῡ Bakr Muḥammad b. `Alī b. Muḥammad b. al-Fakhār al-Jawādī,أبو بكر محمد بن علي بن محمد بن الفخار الجوادي
10295,Abῡ Muḥammad al-Watāwī,أبو محمد الوتاوي
10296,al-Shaykh Zayn al-Dīn b. `Abd al-`Azīz b. Zayn al-Mayān,الشيخ زين الدين بن عبد العزيز بن زين الميان
10298,`Umar b. Abī Bakr al-Lughawī,عمر بن أبي بكر اللغوي
10300,Muḥammad al-Bakrī,محمد البكري
10301,Sīdi Aḥmad Zarῡq,سيد أحمد زروق
10302,Bῡ Bakr Tartabī,بو بكر ترتبى
10304,Muḥammad Kanjῡr,محمد كنجور
10305,Abῡ `Abd Allāh Sīdi Muḥammad b. Muḥammad,أبو عبد الله سيد محمد بن محمد
10306,Muḥammad Sulaymīn ibn Quṭub,محمد سليمين ابن قطب
10307,Aḥmad b. al-Amīn,أحمد بن الأمين
10311,al-Shaykh al-Kalī,الشيخ الكلي
10312,Abu `Abd Allāh Muḥammad b. Khalīl,أبو عبد الله محمد بن خليل
10313,Ᾱdam Ma`ṭal,آدم معطل
10314,`Abd Allāh Makkī,عبد الله المكي
10316,`Abd Allāh b. Salām,عبد الله بن سلام
10320,al-Imām al-Bῡnī,الإمام البوني
10321,al-Shaykh Sa'd Abīh,الشيخ سعد أبيه
10322,Abu Bakr al-Warāq,أبو بكر الوراق
10323,Abῡ Bakr Tarawalī,أبو بكر ترولي
10324,`Umar b. Ṭāhir,عمر بن طاهر
10326,Aḥmad b. Abī Bakr Sarkī,أحمد بن أبي بكر سركي
10327,`Aqīl al-Manjī,عقيل المنجي
10328,Abῡ Bakr b. al-`Arawān,أبو بكر بن العروان
10329,al-Shaykh Dahmῡs,الشيخ دهموس
10330,Muḥammad b. Ismā'īl al-Tῡnisī,محمد بن إسماعيل التونسي
10332,Abῡ Muḥammad al-Sankī,أبو محمد السنكي
10333,"`Abd al-Rῡ'f ""Ḥajj""",عبد الرؤف الملقب بحجّ
10334,Fῡdī Sālim Darām,فودي سالم درام
10336,Muḥammad ibn `Alī,محمد ابن علي بن
10337,Muḥammad `Abd Allāh b. Sa`ād,محمد عبد الله بن سعاد
10341,Muḥammad Sālim (1) Abῡ Madayn (2),محمد سالم (1)  أبو مدين (2)
10342,`Abd b. Sharḥaya,عبد بن شرحيا
10343,Aḥmad Ṣāḥab al-Rawḍa Ashrīfa,أحمد صاحب الروضة اشريفة
10344,`Umaru b. al-Ḥārith al-`Ashārnī,عمرو بن الحارث العشارني
10347,al-Shaykh `Azār b. Mastῡda` al-Nār`an,الشيخ عزار بن مستودع النارعن
10349,Sa`id Sha`bān b. Muḥammad al-Qurashī al-Athārī,سعيد شعبان بن محمد القرشي الآثاري
10351,Abῡ Kuntī,أبو كنتى
10352,`Abd Rabīh Yaḥya b. al-Ḥakm al-Filālī,عبد ربه يحيى بن الحكم الفلالي
10353,Abῡ `Umarān Mῡsa b. Hāni al-Dawlī,أبو عمران موسى بن هاني الدولي
10354,al-Shaykh Kan,الشيخ كن
10357,Abῡ Bakr Muḥammad,أبو بكر محمد
10358,al-Qāḍī `Abd al-Wahhāb,القاضي عبد الوهاب
10361,`Abd al-`Azīz b. A`li b. Muḥammad al-`Alawī,عبد العزيز بن أعل بن محمد العلوي
10362,Ibrāhīm b. al-Shafī` ibn al-Muṣṭafa,إبراهيم بن الشفيع ابن المصطفى
10365,Maḥmῡd al-Sātarī al-Qādirī,محمود الساتري القادري
10366,`Abd Allāh al-Walātī,عبد الله الولاتي
10367,Muḥammad b. Yῡsuf b. Sa`īd al-Filānī,محمد بن يوسف بن سعيد الفيلاني
10368,Muḥammad Ṣāddiq Ibrāhīm Idahum,محمد صادق إبراهيم بن أدهم
10369,Sulaymān Shanafī,سليمان شنفي
10370,Ibrāhīm ibn Ṣiddīq Tabu Alfī Sir Tabῡ,إبراهيم ابن صديق تبو ألفى سر تبو
10372,Sīdi Aḥmad b. al-Anwār,سيد أحمد بن الأنوار
10373,Abῡ Muḥammad,أبو محمد
10374,Muḥammad b. Muḥammad al-Faqi,محمد بن محمد الفق
10375,Ḥāfiẓ b. Aḥmad al-Masānī,حافظ بن أحمد المساني
10376,Muḥammad b. `Abd al-Karīm b. al-Ma`lam,محمد بن عبد الكريم بن المعلم
10378,Sīdi Abī Bakr b. `Abd al-Raḥman b. Hāshim,سيد أبي بكر بن عبد الرحمن بن هاشم
10379,Muḥammad Fāḍal b. Māyan,محمد بن فاصل بن ماين
10380,`Umar b. Bābā al-Walātī,عمر بن بابا الولاتي
10381,Muḥammad Maḥmῡd b. al-Shaykh Mῡlῡd b. Aḥmādnā,محمد محمود بن الشيخ مولود بن أحمادنا
10382,Muḥammad Fāḍal Allāh b. Zayid,محمد فاضل الله بن زيد
10383,Muḥammad Faḍal Allāh b. Ayyī al-Jakanī,محمد فضل الله بن أيدى الجكني
10385,al-Shaykh Sīdi Bāba Aḥmad al-Shaykh,الشيخ سيد باب أحمد الشيخ
10387,al-Dāh b. Aḥmad b. al-Shaykh,الداه بن أحمد بن الشيخ
10388,al-Shaykh al-Kuntī,الشيخ الكنتي
10389,Muḥammad b. Muḥammad al-Amīn b. al-Shaykh Aḥmad,محمد بن محمد الأمين بن الشيح أحماد
10390,Muḥammad Fāl b. Mutāl,محمد فال بن متال
10391,Sīdi Ḥamād b. Sīdi Muḥammad,سيد حماد بن سيد محمد
10392,al-Shaykh b. al-Shaykh Sīdi Muḥammad al-Kuntī,الشيخ بن الشيخ سيد محمد الكنتي
10394,al-Shaykh Khālīd,الشيخ خالد
10397,`Abd Allāh b. `Abd al-Raḥman b. `Alī,عبد الله بن عبد الرحمن بن علي
10399,Abu `Abd Allāh b. `Umar,أبو عبد الله ابن عمر
10400,Muḥammad b. Saḥnῡn,محمد بن سحنون
10401,Muḥammad wuld Sālim wuld Ibrāhīm al-Taknī,محمد ولد سالم ولد إبراهيم التكني
10402,Ismā'īl al-Awal,إسماعيل الأول
10403,al-Daymānī,الديماني
10404,Aḥmad ibn al-Ḥājj,أحمد ابن الحج
10405,Sīdi b. al-`Abbās Aḥmad b. Muḥammad b. Muḥammad al-Fārsī,سيد بن العباس أحمد بن محمد بن محمد الفارسي
10406,al-Bāzī,البازي
10407,`Alī b. `Umar b. `Uthmān,علي بن عمر بن عثمان
10409,al-Shaykh al-`Atīq b. al-Shaykh Sa'd al-Dīn,الشيخ العتيق بن الشيخ سعد الدين
10410,"Muḥammad ibn `Alī al-Fānī ""Buḍa""",محمد ابن علي الفاني المعروف ببوض
10411,Ibn Abī Bakr al-Fulānī,ابن أبي بكر الفلاني
10412,Muḥammad Tarawarī b. al-Muṣṭafa,محمد تروري بن المصطفى
10413,Sīdi Abī al-`Abbās Aḥmad b. Muḥammad b.`Isa al-Burnusī,سيد أبي العباس أحمد بن محمد بن عيسى البرنسي
10414,Ish`ār,إشعار
10416,Muḥammad b. Ḥamman,محمد بن حمن
10417,Muḥammad b. `Abdul,محمد بن عبدل
10418,Amīr Saīb,أمير سيب
10419,al-Ḥājj Jājī b. al-Amīn Kanfῡ,الحاج جاجي بن الأمين كنفوا
10420,`Abd Allāh b. Bilqāsim Kanukῡ,عبد الله بن بلقاسم كنكوا
10421,Muḥammad al-Ḥāmad b. al-Sīdi Muḥammad,محمد الحامد بن السيد محمد
10423,Aḥmad `Umar and al-Faqīh `Abd Allāh Muḥammad Sanab,أحمد عمر والفقيه عبد الله محمد سنب
10424,Muḥammad Taῡb,محمد توب
10425,Adam Tarāwarī b. Abī Bakr Tarāwarī (Traoré),آدم تروري بن أبي بكر تروري
10426,Lamīn Tarawari,لامين ترور
10427,Buwalu Babura,بُوَلُ بَبُرَ
10428,Muḥammad b. `Alī Dhabat,محمد بن على ذبت
10430,Saḥmad Daw b. Aḥmad Daw,سحمد دو بن أحمد دو
10431,Muyray,مُيْرَى
10432,Masha bint `Isa,مشة بنت عيسى
10433,`Abbās b. Lamīn Ja`ān,عباس بن لمين جعان
10434,al-Ḥājj Bashir ibn al-Ḥājj `Umar in Sanu,الحاج بشير ابن الحاج عمر في صنو
10435,al-Ḥājj `Umar Kayta,الحاج عمر كيتا
10436,Muḥammad b. Sīdi Ḥawtan,محمد بن حوتن
10437,Muḥammad Nῡḥ,محمد بن نوح
10438,Muḥammad Abī Bakr,محمد أبي بكر
10439,`Abd Allāh Danba and his brother `Abd al-Raḥman Danba,عبد الله دَنْبَ وأخوه عبد الرحمن دَنْبَ
10441,Zakariyya b. Abī Bakr al-Ṣiddīq,زكريا بن أبي بكر الصديق
10442,Muḥammad b. al-Amīn Fayyta,محمد بن الأمين فيّتَ
10444,Aḥmad and `Uthmān,أحمد وعثمان
10445,Fāṭama Shakam,فاطم شكم
10448,al-Imām b. Abāb,المام بن اباب
10450,Māma,مَامَ
10451,Aḥmad al-Bukhārī b. Alfā `Abd Allāh,أحمد البخاري بن الفا عبد الله
10457,Sīkh Alfā Ma`yā Yawāymantā,سيخ الفا معيا يوايمنتا
10459,Māsu`abῡ,مَاسُعُبوُ
10462,al-Ḥājj al-Masamī Maḥmῡd Jirī,الحاج المسمى محمود جرى
10464,Ibrāhīm Barkāt`afan,إبراهيم بركاتعفن
10466,Fatumata bint Aḥmad Funī,فَتُمَتَ بنت أحمد فُنى
10467,al-Ḥasan Naytaya,الحسن نَيْتَىَّ
10468,Ḥamma b. `Abd al-Raḥman,حم بن عبد الرحمن
10469,Shaykh ibn Mābāy,شيخ ابن مَابَائ
10470,`Uthmān Ji`an,عثمان جِعَنِ
10478,`Uthmān Sankum,عثمان سنكم
10481,`Alī ibn Ibrāhīm,علي ابن إبراهيم
10482,Masī Bihi b. `Abd Allāh,مسى به بن عبد الله
10484,Jaylān ibn al-Amīn al-Maḍān Baḍḍ,جيلان ابن الأمين المضان بص
10485,`Amār b. Abārik,عمار بن أبارك
10486,al-Imām b. Abī Bakr,المام بن أبي بكر
10487,`Ubayd Allāh Muḥammad Ṣa`kam,عبيد الله محمد صعكم
10490,`Umar b. Maḥam b. al-Ṣayid b. Muḥammad al-Nāṣarī,عمر بن محم بن الصيد بن محمد الناصري
10492,al-Ḥasan Ka'ss,الحسن كئس
10493,al-Baghῡ b. Ḥamāt al-Inῡkandarī,اَلْبَغَو بن حَمَات الإنُو كَنْدَري
10496,al-Imām Sῡbῡ,المام سوبوا
10499,Muḥammad al-Ṣālaḥ b. Muḥammad,محمد الصالح بن محمد
10500,"Muḥammad al-Ṣālaḥ ""Anῡli""",محمد الصالح الملقب بانُولِ
10501,Maḥmῡd b. Yaru,محمود بن يَرُ
10502,`Umar Kinānī from Māyama,عمر كناني في قرية مَايَمَ
10503,Muḥammad Faghmatā,محمد فَعْمَتَا
10504,Maḥmῡd b. Aḥmad,محمود ابن أحمد
10505,al-Nājī b. al-Mukhtār,الناجي بن المختار
10506,al-Shaybān b. Bābakr,الشيبان بن ببكر
10507,al-Ḥusayn b. Alfā Khalīl Karbatā,الحسين ابن الفا خليل كربتا
10509,Baḥman b. Muḥammad b. `Abd Allāh b. `Uthmān Ṭanbawī Ghamtawī,بحمن بن محمد بن عبد لله بن عثمان طنبوى غمتوى
10510,Maḥam Turufῡ,محم تُرُفُوا
10511,Saynālī Ghighā`u,سَينَالي غِغَاعُ
10514,`Abd al-Raḥman Sunfu,عبد الرحمن سُنْفُ
10516,al-Imām Balamadaqu,الإمام بَلَمَدَقُ
10518,Muḥammad b. `Abd,محمد بن عبد
10519,Nāt Zaghatī,ناة زغتى
10521,`Ubayd Allāh Buqādir,عبيد الله بُقَادر
10523,Muḥammad Kankaw,محمد كنكوْ
10526,al-Ḥasan b. al-Rabāṭ,الحسن بن الرباط
10527,`Abd al-Raḥman b. Sīdiyya `Uthmān,عبد الرحمن بن سيدي عثمان
10528,Abῡ al-Khayr b. `Abd Allāh Marzῡq b. al-Ḥal,أبو الخير بن عبد الله مرزوق بن الحل
10531,`Abd Allāh from the town of Kῡn,عبد الله في مدينة كون
10533,Abu Bakr Samakī,أبو بكر سمكي
10534,al-Māmī Kabayawī,المام كبيوى
10536,Alfā Aḥmad b. Alfā `Alī,الفا أحمد بن الفا عَلِ
10539,Abū Bakr Sῡs,أبو بكر سوس
10540,B`a Fufan,بَعَ فُفُنَ
10541,Muḥammad al-Amīn Tankur,محمد الأمين تنكر
10543,Hashy Alfā b. al-Khalīf,هشي الفا بن الخليف
10544,Ṣiddīq Sa`atā,صديق سعتا
10547,al-Hādī Ḥamaytah,الهادي حَمَيْتَةَ
10549,Bakr Sillā al-Tarjamān,بكر سلا الترجمان
10551,Karamughu from Samanabu`a,كَرَمُغُ في قرية سَمَنَبُغُ
10553,Ṣiddīq Tarāwalī,صديق تراولي
10555,Bakī Damba,باكي دمْبَ
10556,al-Shaykh Mama,الشيخ مَمَ
10558,Dāwud b. Muḥammad,داود بن محمد
10559,Furu Wasnab Faṭῡmu,فُرو وسنب فَطُومُ
10560,al-Hādī ibn Alfā al-Amīn and Darāb and Bāba Darāb b. `Abd al-Raḥman,الهادي ابن الفا الأمين دَرَاب وباب دراب ابن عبد الرحمن
10561,Muḥammad `Abd al-Wahhāb b. Shaykh Muḥammad al-Amīn,محمد عبد الوهاب بن شيخ محمد الأمين
10562,Sīdi Maḥma,سيد محَمَّ
10564,Bāba Yāru and Sa`īd Yāru,بَابَ يَارُ وسِعيدِ يَارُ
10565,Jatighī Yumad,جَتِغِى يُمَدْ
10566,al-Imām Banfas Alfā Ma`,الإمام بنفس الفا مع
10569,Dhāka Bāshīs,ذاكَ باشيس
10573,Muḥammad b. Aḥmad Raḥāl,محمد بن أحمد رحال
10575,al-Ḥājj Muḥammad Tanfῡ,الحاج محمد بن تنفوا
10579,Muḥammad Fafī,محمد ففى
10580,`Alī b. al-A`rabī,عال بن الأعربي
10581,Karamuku Kabghat,كرمك كبغت
10582,Ᾱdan Satabaghmī`a,ادن ستبغميع
10583,Alfā `Uthmān Quwat from Zānḥawī,ألفا عثمان قوة في بلد زانحوى
10584,Maḥam ibn Mῡsa Tarāwarī (Traoré),محم ابن موسى ترورى
10585,Mukhtār Sirab,مختار سِرِبِ
10588,Maḥam Kῡtῡ,محم كوتو
10589,al-Ḥājj Māmā Sāghῡ ibn al-Ḥājj Abubakā Sāghῡkatī,الحاج ماما ساغو ابن الحاج ابوبكا ساغو كتي
10591,Muḥammad al-Mabīn ibn `Abd al-Raḥman,محمد المبين ابن عبد الرحمن
10592,Bint Ṣafar,بنت صفر
10594,Maḥam Tarawal,محم ترول
10597,al-Ḥasan Kabas,الحسن كبس
10605,`Alī ibn al-Faqīh Ibrāhīm,على ابن الفقيه إبراهيم
10606,Hājī Kurubru,حاجى كُرُبَرِ
10608,al-Imām Subwu and his mother,المام سُبوُ وأمه
10609,`Alī b. Dhanab,علي بن ذنب
10612,Kamāra Ṣuri,كَماَرَ صُورِ
10613,Kabrum Bitaῡ,كَبْرُمْ بِتَوْا
10614,Aḥmad ibn Ḍa`yf Shīr Bā'ukī,أحمد ابن ضعيف شير باوْكي
10616,`Iā'shat bint Ḥamad,عائشة بنت حمد
10617,Aḥmad Ghān b. `Abd al-Qādir b. `Uthmān Ghān,أحمد غان بن عبد القادر بن عثمان غان
10618,Wāqad,واقد
10620,Naḥ Saḥ Kasī and `Uthmān Ṣa`akam,نَحِ سَحِ كسى وعثمان صعكم
10625,al-Ḥājj b. Aḥmad,الحاج ابن أحمد
10630,Abu Bakr `Uthmān,أبو بكر عثمان
10631,Muḥammad b. Sīdi Aḥmad,محمد بن سيد أحمد
10632,Muḥammad `Alī b. Sīdi al-Mukhtār,محمد علي بن سيد المختار
10633,Marīam Ṣanqum bint al-Qāḍī Ṣanqum,مَرْيَمَ صَنقُمْ بنت القاضي صنقم
10634,Tijānī Quraysh,تجاني قريش
10635,Bāba Danba,بَابَ دَنبِ
10637,Muḥammad Dh`aῡ,محمد ذعو
10638,Ibn Abī Bāba Wurufāna,ابن أبي بَابَ وُرُفَانَ
10639,Shu`ayb b. Su`anu`u Kinātī,شعيب بن سُعْنُعُ كناتي
10640,`Umar Kaīta,عمر كيتا
10641,Shaykh Shīnīwābwā from bilad Samī,شيخ شينيوبوا في بلد سمى
10642,Amīr Jaghrāb,أمير جغراب
10643,`Umar Jalu,عمر جَلُ
10644,Māma Kitalī Idrīs from Samṭa`,مام كتلى إدريس في قرية سمطع
10645,Ibrāhīm b. `Alī,إبراهيم بن علي
10646,`Ubayd Allāh,عبيد الله
10647,Lala `Ᾱysha bint Ḍar Ḥaman,لَلَ عَايش بنت ضر حمن
10649,Aḥmad Sīdi Yaḥya,أحمد سيد يحيى
10653,al-Ḥājj Sanā `Umar from the town of Ṣan,الحاج سنا عمر من مدينة صن
10656,Muḥammad Bāy b. `Umar,محمد باي بن عمر
10657,Tamatī,تمتى
10659,Sīdi `Umar,سيد عمر
10660,Muḥammad al-Ḥabīb,محمد الحبيب
10661,Ibbā b. Amā `Arīf,إِبَّا بن أَمَا عريف
10662,Muḥammad Quraysh Imām `Alīn,محمد قريش إمام علين
10663,Jadῡn b. Maḥmῡd,جدون بن محمود
10668,al-Kam Qam b. Ṣiddīq b. Jaq Qam,الكم قم بن صديق بن جق قم
10669,Maḥmῡd Kabyā,محمود كبيا
10670,Mῡsa Takrāmῡ,موسى تكراموا
10671,Aḥmad Kaῡb,أحمد كوبِ
10672,Majam Tiydu `Alā' Lābathaju,مَجم تِيدُ عَلاَء لاَبَتْهَجُ
10675,Nā'b Tῡri,نائب تور في قرية منو نائب تور
10676,Karamughu Dāw in the town of Ṭaghay,كرمغ داو في مدينة طَغَى
10677,`Iā'shat bint Muḥammad Muḥammad ibn Alyā,عائشة بنت محمد محمد ابن ألْيَا
10678,Alfā Muḥammad b. Muḥammad al-Bashīr,الفا محمد بن محمد البشير
10681,b. Karamῡ Sānῡ Aḥmad and Mamanu,بن كَرَمُوا سَانُو احمد ومَامَنُ
10682,Aḥmad b. Ibrāhīm,احمد بن إبراهيم
10685,Ibrāhīm Tanfῡ,إبراهيم تنفوا
10686,Aḥmad b. Bashir Mῡlāy,احمد بن بشير مولاي
10687,Nāna al-Baṭῡl bint Mῡlāy Bāba,نان البطول بنت مولاي باب
10688,al-Shaykh b. Sīdi `Ᾱli,الشيخ بن سيد عال
10693,Ghabrāhīm b. Mῡlāy al-Kabīr,غبراهيم بن مولاي الكبير العلام الحسني الفلاني الملوكي
10694,Ᾱdam Kanī,آدم كنى
10696,Amīr al-Muslimīn Awud b. Muḥammad,أمير المسلمين أود بن محمد
10699,al-Ṣiddīq Kīkman and al-Imām Kīkman,الصديق كيكمن والمام كيكمن
10700,al-Imām,المام
10701,Bāba b. Danab,باب بن دمب
10702,Duwaqu Sīssī (Cissé),دُوَقْ سيسي
10703,al-Qāḍī `Isa,القاضي عيسى
10705,Bῡ Tamra,بُو تَمُرَ
10706,al-Shaykh Minta,الشيخ مِنتَ
10707,`Affān b. Dāwud,عفان بن داود
10708,Yub b. Bābīr,يب بن بابير
10709,Yῡsuf ibn Muḥammad,يوسف ابن محمد
10710,Bāba Sīdi,باب سيد
10711,Muḥammad b. `Alī Sanfā Janawī,محمد بن علي سنفا جنوي
10712,Muḥammad al-Maḥ,محمد الماح
10713,`Ᾱda bint Danab,عاد بنت دنب
10716,Khadīja bint al-Ḥabīb,خديج بنت الحبيب
10719,Muḥammad Tanṭu',محمد تنطوْا
10720,Qabudu Kῡtῡ,قَبُدُ كوتوا
10722,`Umrān b. Muḥammad,عمران بن محمد
10726,Nāna Zaghatī,نان زغتي
10727,Buqāḍīr Ka`taw,بُقَادِرْ كَعْتَوُ
10728,Sufῡ Sākumana,سُفوْا سَاكُمَنَ
10729,Muḥammad b. `Amār b. Mῡsa b. Maḥmῡd b. `Uthmān b. Muḥammad al-Tuwātī al-Junāwī,محمد بن عمار بن موسى بن محمود بن عثمان بن محمد التواتي الجناوي
10731,Ma`ni ibn Muḥammad Jaynatῡ Kῡkῡ,معنى ابن محمد جينتوا كوكو
10735,`Abd Allāh al-Ḥῡshī,عبد الله الحوشي
10737,Kan Awḍaf and Awmī Katwān and Farmagh,كن أوضف وإومي كتوان وفرمغ
10742,`Abd al-Raḥman b. Sīdi,عبد الرحمن بن سيد
10744,Jakan Kindu,جكن كِندُ
10755,al-Imām b. Bāba,المام بن باب
10760,Muḥammad Ṭālīb,محمد طالب
10764,Tanfala,تَنْفَلَ
10772,b. Alfā Sīdi,بن ألفا سيد
10774,Siynā Ghafā`a and his brother Sanῡsi Ghafā`a,سِينَا غفاع وأخيه سنوسي غفاع
10775,Muḥammad Turufῡ,محمد تُرُفُو
10778,al-Ᾱban Buba May`a Jiy,الابن بُبَ ميع جي
10781,Samawi b. Muḥammad,سموى بن محمد
10782,Sarāfa,سرافة
10783,al-Qāḍī al-Ghadāmsī Sīdi Aḥmad Bāba,القاضي الغدامسي سيد أحمد بابا ابن أبي العباس
10784,al-Imām Ghamantagh,الإمام غمنتغ
10785,Muḥammad Sῡsu b. Bā Marsῡsu,محمد سوس بن با مرسوس
10786,Ᾱdam Kuri b. Abī Bakr Tarawa,آدم كور بن أبي بكر ترور
10791,Muḥammad b. al-Shaykh Sīdi Ibrāhīm,محمد بن الشيخ سيد إبراهيم شريف
10792,`Umar Tarāwarī (Traoré),عمر تروري
10793,Shaykh Kawtah,شيخ كوته
10794,Ḥāmad al-Sῡsī,حامد السوسي
10795,`Alī b. Muḥammad Jirī,علي بن محمد جرى
10796,Amīr Jankamā,أمير جنكما
10798,al-Bashīr b. Bīrkāt,البشير بن بيركات
10800,Kalmala Kunānī,كَلْمَلَ كُنَايِى
10801,Shu`ayb b. al-Ḥājj Aḥmad,شعيب بن الحاج أحمد
10802,`Isa Ṭamatā,عيسى طَمَتَا
10803,al-Mabshῡr May`a,المبشور ميع
10804,Maḥma b. `Abd Allāh,مَحْمَ بن عبد الله
10805,Gharab ibn Muḥaman,غرب ابن محمن
10807,Ᾱdam Fanī,آدم فنى
10808,al-Imām Mat`a,الإمام متع
10809,Abu Bakr Qum,أبو بكر قُمْ
10810,Amīr Yῡd`a,أمير يودع
10811,Naṣr b. Abī Bakr,نصر بن أبي بكر
10812,`Abd al-Raḥman b. Saḥāq,عبد الرحمن بن سحاق
10815,Bāba b. Maḥma Tunab in the town of Ghumitῡ,بَبَ بن محم تُنب في مدينة غُمِتُوُ
10816,`Uthmān Thakbarī,عثمان ثكبري
10817,`Umar Tanfῡ,عمر تنفو
10818,Yῡnis Kārnabī,يونس كارنبي
10819,`Alī Dῡghῡ ibn Muḥammad,علي دوغوا ابن محمد
10824,`Umar b. `Isa,عمر بن سيسي
10825,Aḥmad b. Muḥammad al-Mukhtār b. Ḥāmad,أحمد بن محمد المختار بن حامد
10826,Ka` Maymatu in the town of Ghumt`u,كَعَ مَيمَتُوْا في مدينة غُمتعُ
10827,Aḥmad b. al-Alfā `Alī b. Aḥmad al-Farmakī,أحمد بن ألفا علي بن أحمد الفرمكي
10828,`Uthmān Dibar,عثمان ضيبر
10830,Alfa Ṣiddīq Tarawarī (Traoré),أكف صديف تروري
10831,Banī Wanghara,بَنْيَّ وَنْغَرَ
10833,Ḥakiba,حَكِبَ
10836,Bābīr b. Muḥammad Sayyāra,بابير بن محمد سيارة
10837,al-Qāḍī Karabitā b. Muḥammad b. Alfā Abu Bakr Karabitā,القاضي كَرَبِتَا بن محمد بن ألفا أبو بكر كربتا
10838,Kaīs b. al-Mad,كيس بن المد
10839,Khadīja Mudu Nja`tī,خديجة مُدُ انجتى
10840,Yaya `Abd Bābīr,يَىَّيى عبد بابير
10843,Bilāl Tabta,بلال تبتا
10845,Abῡ al-Qāsim,أبو القاسم
10846,`Umar Sῡr,عمر سور
10847,Ibrāhīm Tarawarī (Traoré),إبراهيم تروري
10849,Mῡsa ibn Māma,موسى ابن مَامَ
10850,`Umar b. Ḥam,عمر بن حم
10851,Muḥammad b. Aḥmad b. `Isa,محمد بن أحمد بن عيسى
10852,Muṣṭafa b. Aḥmad Fal,مصطفى بن أحمد فأل
10853,Sankal Sῡkar and Mῡsa Damī,سنكل سوكر وموسى دمي
10854,Muḥammad b. Maḥmῡd al-Timbuktī,محمد بن محمود التمبكتي
10855,al-`Qāḍī `Umar b. Aḥmad Bāba Abī al-`Abbās,القاضي عمر بن أحمد باب أبي العباس
10856,Muḥammad b. Mῡd b. Aḥmad,محمد بن مود بن أحمد
10857,Aḥmad b. Mῡd Kasaw,أحمد بن مود كسوو
10858,Mῡdib b. Ṣiddīq,مودب بن صديق
10859,al-Ḥasan ibn al-Imām Muḥammad Arkī Ijji,الحسن ابن الإمام محمد اركي يج
10860,Mmā,مما
10861,Dhanq Kum,ذنق كم
10865,Aḥmad Sīdi b. Aḥmad Bābā,أحمد سيد بن أحمد بابا
10866,Kūbā Kātah ibn Ṣakayf Kātah,كُوبا كاته ابن صَكَيْفُ كاته
10867,A‘kīdat bint Aḥmad,عكيدة بنت أحمد
10868,Būy b. Aḥmad,بوي بن أحمد
10869,Būb Sīdi al-Talamidh,بوب سيد التلميذ
10871,Salmān Sunughu,سلمان سَنُغُ
10872,al-Ḥājj Kabura,الحاج كَبُرَ
10873,al-Amīr Tarawalī,الأمير تَرَوَّلىَ
10876,Afī al-Muṣṭafa,ءافى المصطفى
10878,Maḥmūd b. Barak,محمود بن برك
10879,al-Habib b. `Abd al-Wahhāb,الحبيب بن عبد الوهاب
10880,Kamand,كمند
10881,Idris Tarāwarī b. Aḥmad,إدريس تراورى بن أحمد
10882,Khadīja Wurma,خديجة وُرْمَ
10883,`Isa Abī Bakr,عيسى أبي بكر
10884,Sulaymān Kubī,سليمان كُبِى
10885,Khālid b. Ibrāhīm,خالد بن إبراهيم
10886,al-Husayn b. Abī Bakr al-Jazār,الحسين بن أبي بكر الجزار
10887,`Araf Bāba Araf,عرف باب عرف
10888,Zayn al-`Ᾱbidīn Ṣanaf,زين العابدين صنف
10889,Muḥammad Abātan,محمد ابا تن
10890,`Umar Aḥmad,عمر أحمد
10891,Bāba Aḥmad b. Sīdiyya `Alī b. al-Shaykh,باب أحمد بن سيدي على بن الشيخ
10892,`Abd al-Rahmān Amīr al-Kabīk,عبد الرحمن أمير الكبيك
10893,Aḥmad b. al-Ḥājj Qāsim,حماد بن الحاج قاسم
10895,Sulaymān Sanghī,سليمان سنغي
10897,al-Ḥashanī,الحشني
10900,Kamān,كمان
10901,Muḥammad Jīrī,محمد جيري
10902,Mῡd b. Sarāj,مود بن سراج
10903,Qur'an: text,قرآن: مصحف شريف
10904,Angels,الملائكة
10905,Muḥammad al-Ṭayyib,محمد الطيب
10906,al-Ḥārith ibn Hamām,الحارث ابن همام
10907,Bāba Ḥājj ibn Muḥammad b. al-Wāfī b. Buwā `Aliῡ al-Ruwānī al-Ṭaḥāwī,باب حاج ابن محمد بن الوافي بن بوا علبوا الرواني الطحاوي
10908,Mῡsa b. Muḥammad al-Kibī,موسى بن محمد الكبي
10909,Bāba Ḥājj ibn Muḥammad b. al-Wāfī b.  Buwā `Aliῡ,باب حاج بن محمد الوافي بن بوا عليو
10910,Abῡ Bakr b. Muḥammad b. Abī Bakr al-Bakarī,أبو بكر بن محمد بن أبي بكر البكري
10911,Aḥmad b. Sālim,أحمد بن سالم
10912,Sīdī al-Mukhtār b. Sīdīyya al-Shaykh Muḥammad al-Ghawth b. al-Shaykh Sīdīyya al-Mukhtār al-Ghawth al-Rabbānī,سيد المختار بن سيدي الشيخ محمد الغوث بن الشيخ سيدي المختار الغوث الرباني
10913,Muḥammad ibn `Umar,محمد ابن عمر
10914,al-Shaykh al-Mubārik,الشيخ المبارك
10915,Sa`īd b. Mῡlῡd,سعيد بن مولود
10916,al-Ḥasan b. `Alī b. Abī Ṭālib,الحسن ابن علي بن أبي طالب
10917,Aḥmad b. Sīdī Aḥmad al-Raqqādī,أحمد بن سيد أحمد الرقادي
10918,Muḥammad b. `Abd al-Raḥman,محمد بن عبد الرحمن
10919,Abῡ `Abd Allāh,أبو عبد الله
10920,Muḥammad b. Muḥammad b. Muḥammad al-Juzῡlī,محمد بن محمد بن محمد الجزولي
10921,al-Sharjī,الشرجي
10922,Shaykh Ḥabīb Allāh b. al-Qāḍī,سيدي حبيب الله بن القاضي
10923,al-Ajil ibn `Abd Allāh b. Muḥammad ibn Khalīl,الأجل ابن عبد الله بن محمد ابن خليل
10924,`Abd al-Salām b. `Ashaysh,عبد السلام بن عشيش
10925,Abῡ al-Khayr Muḥammad b. al-Jῡzī,أبو الخير محمد بن الجوزي
10926,Sīdī Aḥmad al-Badawī,سيد أحمد البدوي
10927,al-Zanātī,الزناتي
10928,al-`Atīq b. Muḥammad al-Amīn al-Qalqamī al-Nājī,العتيق بن محمد الأمين القلقمي الناجي
10929,al-Imām al-Mukhtar b. `Uthmān Alfā Shaykh,الإمام المختار بن عثمان ألفا شيخ
10930,`Abd Allāh b. `Isa al-Ghadāmisī,عبد الله بن عيسى الغدامسي
10931,Muḥammad b. `Abd Allāh al-Andalusī,محمد بن عبد الله الأندلسي
10932,al-Amīn b. `Uthmān,الأمين بن عثمان
10933,Abῡ Muḥammad b. `Abd al-Raḥīm b. Aḥmad b. Ḥajῡz al-Maghribī,أبو محمد بن عبد الرحيم بن أحمد ابن حجوز المغربي
10934,Sīdī Muḥammad al-Rafīq,سيد محمد الرفيق
10935,al-Tabrīzī,التبريزي
10936,Muḥammad b. Aws`a,محمد بن أوسع
10938,Muḥammad al-Hāshimī,محمد الهاشمي
10939,Muḥammad ibn Muḥammad,محمد ابن محمد
10940,Abῡ al-Ḥasan al-Jῡrānī,أبو الحسن الجوراني
10941,Ibn Sālaḥ Muḥammad al-Fashalī,ابن صالح محمد الفشلي
10942,`Abd al-Raḥman al-Raqa`ī,عبد الرحمن الرقعي
10944,Muḥammad b. Mῡsa,محمد بن موسى
10945,Abī Bakr `Alī b. al-Shaykh,أبي بكر علي بن الشيخ
10946,al-Fāhamm b. Ibrāhīm b. `Alī b. Falaqank,الفا همّ بن إبراهيم بن علي بن فلقنك
10947,`Alī ibn Saynā,علي ابن سينا
10949,Abā Ḥāzim,أبا حازم
10950,Yirkī Talaf,يركي تلف
10951,Aḥmad b. Muḥammad,أحمد بن محمد
10952,al-Shaykh Abῡ Muḥammad al-Kardī,الشيخ أبو محمد الكردي
10953,Ibn Sa`īd,ابن سعيد
10954,al-Shaykh Abῡ al-Baṣrī,الشيخ أبو البصري
10955,Aḥmad b. al-Ḥājj al-Tilimsānī,أحمد بن الحاج التلمساني
10956,Bāba `Arawāt ibn Ṣālaḥ,باب عروات ابن صالح
10957,Quṭub al-Dīn Muḥammad b. Yῡsuf b. `Abd al-Raḥmān al-Marjānī al-Iṣfahānī,قطب الدين محمد بن يوسف بن عبد الرحمن المرجاني الأصفهاني
10958,Aḥmad b. Aḥmad b. `Uthmān b. Aḥmad,أحمد بن أحمد بن عثمان بن أحمد
10959,Muḥammad al-Ḥājj al-Sanmawī,محمد الحاج السنموي
10961,Sīdī Aḥmad al-Miṣrī,سيد أحمد المصري
10962,`Abd Allāh b. Abi Bakr Futawī,عبد الله بن أبي بكر فتوى
10963,`Alā' al-Dīn al-Tarḥasnānī al-Ḥanafī,علاء الدين الترحسناني الحنفي
10964,`Uthmān b. Muḥammad,عثمان بن محمد
10966,al-Imām b. al-`Arabī,الإمام بن العربي
10968,Muḥammad b. Muḥammad,محمد بن محمد
10969,Abῡ Zayd `Abd al-Raḥman al-Rafa`ī,ابو زيد عبد الرحمن الرفاعي
10970,Abῡ al-Qāsim `Abd Allāh b. al-Ḥusayn b. al-Ḥasan ibn al-Jalābāb,ابو القاسم عبد الله بن الحسين بن الحسن ابن الجلاباب
10971,Muḥammad b. Jabril b. Idris,محمد بن جبريل بن إدريس
10972,al-Mu`taīq b. Zakariyya b. Ghirāhīm,المعتيق بن زكريا بن غبراهيم
10973,`Abd al-Raḥman al-Ta`ālī,عبد الرحمن التعالي
10975,Muḥammad b. Shuhāb al-Zuharī,محمد بن شهاب الزهري
10976,Bῡḍa,بُوضَ
10977,Muḥammad b. `Abd Allāh al-Tahāmī,محمد بن عبد الله التهامي
10978,al-`Aynī al-Ḥaṭṭab,العيني الحطاب
10979,Abῡ `Abd Allāh Muḥammad b. Aḥmad b. al-Imām,ابو عبد الله محمد بن أحمد بن الإمام
10981,Abῡ `Abd Allāh Muḥammad b. Muḥammad,ابو عبد الله محمد بن محمد
10982,Abῡ al-Ḥasan Muḥammad al-Fāsī,ابو الحسن محمد الفاسي
10983,Sa`īd b. Ḥabīb,سعيد بن حبيب
10984,Abῡ Bakr Muḥammad Mubārik al-Anṣārī,ابو بكر محمد مبارك الأنصاري
10985,Bāba Ḥājj ibn Muḥammad b. al-Wāfī,باب حاج بن محمد بن الواف
10986,Ibn Sahil al-Manjam al-Fārsī Hārῡn al-Rashīd,ابن سهل المنجم الفارسي هارون الرشيد
10987,al-Sa`bān b. al-Ma`rāj,السعبان بن المعارج
10988,Ibn al-Ḥārith b. al-Hamām,ابن الحارث بن الهمام
10989,al-Sulṭān Maḥmῡd al-Ghazawnī,السلطان محمود الغزوني
10990,Sīdī Muḥammad b. Muḥammad Ṭāhir,سيد محمد بن محمد طاهر
10991,Muḥammad b. Sa`īd,محمد بن سعيد
10992,Muḥibb al-Dīn Muḥammad b. Khalīl al-Baṣarwī,محب الدين محمد بن خليل البصروي
10993,Abī `Abd Allāh Muḥammad al-Yabī,أبي عبد الله محمد اليبي
10994,Abi al-`Abbās,أبي العباس
10995,Ṣālaḥ b. Mῡd ibn Ibrāhīm ibn Aḥmad,صالح ابن مود ابن إبراهيم ابن أحمد
10996,Abῡ al-Ḥasan `Alī b. al-Ḥusayn b. `Alī al-Mas`ῡdī,ابو الحسن علي بن الحسين بن علي المسعودي
10997,al-Ṭālib Muḥammad b. `Abd al-Talmūdī,الطالب محمد بن عبد التلمودي
10998,"Abῡ `Abd Allāh Muḥammad b. `Alī al-Baṭῡd ""Abī Maqar`a""",ابو عبد الله محمد بن علي البطود الملقب بأبي مقرع
10999,Shaykh Ibrāhīm Ḥamm Ḥafrāy,شيخ إبراهيم حم حفراي
11000,Abῡ Muḥammad `Uthmān b. Muḥammad al-Sanῡsī,ابو محمد عثمان بن محمد السنوسي
11001,Muḥammad b. `Umar b. `Abd al-`Azīz b. Malik b. `Alī b. al-Najār,محمد بن عمر بن عبد العزيز بن ملك بن علي بن النجار
11002,Abῡ al-Faraj al-Al`aī,ابو الفرج الألعي
11003,Sīdī `Alī b. Muḥammad al-Ᾱmīn,سيد علي بن محمد الأمين
11004,Muḥammad Bābā,محمد بابا
11006,Sa`d b. al-Faqīh,سعد بن الفقيه
11007,Abῡ Bakr al-Katāmī al-Shāfi`ī,ابو بكر الكتامي الشافعي الشامي
11009,Aḥmad b. Muḥammad b. al-Ḥasan al-Ḥijāzī,أحمد بن محمد بن الحسن الحجازي
11010,Abῡ al-Faḍl Muḥammad b. Maqaḍī Abῡ al-Qāḍī `Ajlῡl al-Shāfi`ī,أبو الفضل محمد بن مقضى القضاه أبو القاضي عجلول الشافعي
11011,Shaykh al-Islām Muḥammad b. `Abd al-Wahhāb al-Tamīmī,شيخ الإسلام محمد بن عبد الوهاب التميمي
11012,Muḥammad Mῡdi b. Muḥammad Ṣālaḥ al-Fulānī,محمد مودي بن محمد صالح الفلاني
11013,al-Kansῡsī al-Tijānī,الكنسوسي التجاني
11014,Abῡ `Alī Aḥmad al-Bῡnī,أبو علي أحمد البوني
11016,Muḥammad al-Ṣālaḥ Muḥammad al-Fashal,محمد الصالح محمد الفشل
11018,`Alī Abῡ Dardā',علي ابو درداء
11019,Sīdī Muḥammad b. `Uthmān al-Sanῡsī al-Sansandī,سيد محمد بن عثمان السنوسي السنسندي
11020,Sīdī Muḥammad al-Amīn b. Sīdī al-Mukhtār b. Sīdī Muḥammad b. Sīdī Aḥmad al-Raqqādī,سيد محمد الأمين بن سيد المختار ب سيد محمد بن سيد أحمد الرقادي
11021,Aḥmad b. al-Ḥājj al-`Ayāshī Sakīrij al-Anṣārī al-Khazrajī,أحمد بن الحاج العياشي سكيرج الأنصاري الخزرجي
11022,al-Imām al-Shaykh Ismā`īl al-Maghribī al-Namānī,الإمام الشيخ إسماعيل المغربي النماني
11023,Sulaymān al-`Alawī,سليمان العلوي
11024,Abῡ Ḥāzim Muḥammad b. `Abd al-Malik,ابو حازم محمد بن عبد الملك
11025,Muḥammad `Abd Allāh al-Ṣālaḥ,محمد عبد الله الصالح
11027,Sarāqa b. Mālik,سراقة بن مالك
11028,Muḥammad al-Tῡnisī,محمد التونسي
11029,al-Shaykh Yāru b. Alfā Bābā Yāru al-Janāwī,الشيخ ياربن ألفا بابا يار الجناوي
11030,Sīdī Ḥamad b. Bāy al-Raqqādī,سيد حمن بن باي الرقاد
11031,al-Shaykh b. Muḥammad `Uthmān b. Fῡdī,الشيخ بن محمد عثمان ابن فودي
11032,Ibrāhīm b. Aḥmad al-Fῡtī,إبراهيم بن أحمد الفوتي
11033,Aḥmad al-Mālkī al-Ash`arī,أحمد المالكي الأشعري
11035,`Abd al-Qādir Mῡk al-Daylānī,عبد القادر موك الديلاني
11036,Muḥammad b. al-Shaykh Sīdī Muḥammad al-Amīn al-Sῡsī,محمد بن الشيخ سيد محمد الأمين السوسي
11037,Muḥammad ibn al-Ḥājj `Umar al-Shaknāwī,محمد ابن الحاج عمر الشكناوي
11038,Muḥammad b. al-Ḥasan Kāfangha,محمد بن الحسن كَافنْغَ
11039,Sīdī Aḥmad Bāba b. Aḥmad b. Sīdī al-Ḥājj Aḥmad b. `Amār,سيد أحمد باب بن أحمد بن سيد الحاج أحمد بن عمار بن محمد
11040,Abī `Abd Allāh Sīdī Muḥammad b. Wafa um Hānī,أبي عبد الله سيد محمد بن وفا أم هاني
11041,Abῡ Bakr b. al-Malaḥ,أبو بكر بن الملح
11042,al-Shaykh Aḥmad b. al-Hā'im,الشيخ أحمد بن الهائم
11043,al-Shaykh `Azāz b. Mastῡda` al-Nār`anī,الشيخ عزاز بن مستودع النارعني
11044,Kuntī Sulaymān `Umar Ṣāb,كنتي سليمان عمر صاب
11045,`Umar b. Sīdī Bir,عمر بن سيد بير
11046,Muḥammad b. Abi Bakr al-Māsinī,محمد بن أبي بكر الماسني
11049,`Abd Allāh al-Makanī,عبد الله المكني
11051,Abῡ Hamrān b. Mῡsa b. Hāni al-Walī,أبو همران بن موسى بن هاني الولي
11052,Aḥmad b. Muḥammad,أحمد بن محمد
11054,"al-Shaykh Muḥammad ""Sīdīd b. Muḥammad Aḥmad al-Anṣārī al-Ghalādī",الشيخ محمد الملقب بسديد بن محمد أحمد الأنصاري الغلادي
11056,Muḥammad b. `Abd Allāh b. `Abd Allāh b. Mālik b. Mālik al-Naḥwī al-Andalusī,محمد بن عبد الله بن عبد الله بن مالك بن مالك النحوي الأندلسي
11057,al-Shaykh b. Sīdī `Alī al-Jakanī al-Tinbuktī,الشيخ بن سيد عال الجكنى التنبكتى
11058,al-Shaykh b. al-Ḥasan al-Zāghawī al-Māsinī al-Tijānī,الشيخ بن الحسنى الزاغوى الماسنى التجانى
11059,Abῡ al-Faḍl al-Naḥwī,أبو الفضل النحو
11060,al-Shaykh Shahāb al-Dīn,الشيخ شهاب الدين
11061,Baḥsanam al-Baṣrī,بحسنم البصرى
11062,al-Shaykh Sīdī Aḥmad b. Zarῡq,الشيخ سيد أحمد بن زوق
11063,Bābā Wanjam,بابا ونجم
11065,Muḥammad al-Manṣῡr b. Muḥammad al-Mukhtār,محمد المنصور بن محمد المختار
11067,Abi al-`Abbās al-Sabtī,أبي العباس السبتي
11068,Sīdī Bāba Aḥmad,سيد باب أحمد
11069,Zayān b. Sanbā b. Bῡḍa al-Fulānī al-Māsinī,زيدان بن سنبا بن بوض الفلاني المساني
11070,al-Shaykh Sulaymān Adara Buwī,الشيخ سليمان أَدَرَ بُوِي
11071,`Abd Allāh Itajā,عبد الله اتجا
11072,Muḥammad Bahak Hak,ـ جم ـ محمد بهك هك
11073,Muḥammad b. al-Imām Si`al al-Sharīf,محمد بن الإمام سِعَلْ الشريف
11074,Fāṭuma Yāna,فَاطُمَ يَانَ
11077,Aḥmad b. Mān,أحمد بن مان
11078,Sīdī Aḥmad b. Bāybir b. Alfā Maygha,سيد أحمد بن بابير بن ألفا ميغا
11079,Muḥammad b. `Abd Allāh b. Sīdī b. Muḥammad Muḥammad al-Saghīr,محمد بن عبد الله بن سيد بن محمد محمد الصغير
11080,Sīdī Bawī b. Sīdīyya al-Ḥasan,سيد بوي بن سيدي الحسن
11081,Ibrāhīm Tarawarī,إبراهيم تروري
11082,"al-Amīn Akh Ibrāhīm ""Siri""",الأمين أخ إبراهيم الملقب بِسرِ
11083,Muḥammad al-Amīn b. Aḥmad,محمد الأمين بن أحمد
11084,Māma Jīyta`u,مام جِيتَعُ
11085,al-Sīdī Banā,السيد بنا
11086,Muḥammad b. Mῡlāy al-Bashīr,محمد بن مولاي البشير
11088,Muḥammad al-Ṣālaḥ b. `Alī and `Abd Allāh b. Ḥamād,محمد الصالح بن علي وعبد الله بن حماد
11090,Amīr al-Mu'minīn Aḥmad b. al-Shaykh b. Aḥmad,أمير المؤمنين أحمد بن الشيخ بن أحمد
11092,Muḥammad b. Bala`īd,محمد بن بلعيد
11094,Sīdī Karataw mām Kῡtῡ from the region of Ẓa`ara,سيد كَرَتَوْ مام كُوَتَوْفيِ بلد ظَعَرَ
11095,Muḥammad Daybak Kunbay,محمد ديبك كُنْبِيَّ
11096,Fāṭima bint al-Khayr b. Zayid,فاطم بنت الخير بن زايد
11097,al-Sīdat `Ay'sha bint `Isa,السيدة عائشة بنت عيسى
11098,`Abd Rabbī `Abd Allāh b. Muḥammad b. Ṭālib,عبد ربي عبد الله بن محمد بن طالب
11099,`Isa b. Muḥammad,عيسى بن محمد
11100,Mahma Kataw,مَحْمَ كَتَوْا
11101,Muḥammad Ṭῡrī,محمد طوري
11102,Tabakali Timu,تَبَكَلِ تِمُ
11103,Muḥammad b. Muḥammad b. Yῡsuf,محمد بن محمد بن يوسف
11104,Sa`adī bint Sīdī Aḥmad,سعدي بنت سيد أحمد
11106,Khadīja wife of Bābā Sīssī (Cissé),خديجة زوجة بابا سيسي
11107,Muḥammad al-Muṣṭafa,محمد المصطفى
11108,Ḥamayd b. Alfā Ismā`īl Amīr `Uthmān,حاميد بن ألفا إسماعيل أمير عثمان
11109,al-Ḥājj Hamīd,الحاج حميد
11110,Fākuru Bamātī and Ḥamād Sīssī (Cissé),فَاكُرُ بَمَاتي وحمد سيسي
11111,Ṣādiq ibn `Abd al-Raḥman,صادق ابن عبد الرحمن
11112,Yῡsuf al-Kuntī,يوسف الكنتي
11113,Alfā May Sqmana ibn Maḥama Sqmana,الفامْي سْقْمَنَ ابن مَحَمَ سْقْمَنَ
11114,`Umar Sha`amar,عمر شعمر
11115,Māmā Bazti Bar Baba Barti,ماما بزتِ بر بابا برْتِ
11116,Mimi Jarī b. Karmak Jarī in the town of Samanbagh,مِيمِ جرى بن كرمك جري في مدينة سمنبغ
11118,al-Qāḍī Muḥammad b. Maḥmῡd b. al-Shaykh,القاضي محمد بن محمود بن الشيخ
11119,al-Sīdī Ashr Ḥakim al-`Ashur from Tinbuktu,السيد اشْر حاكم العشور بمدينة تنبكت
11121,Sīdī al-Mukhtār b. Muḥammad wuld al-Ṭālib,سيد المختار بن محمد ولد الطالب
11122,al-Husayn b. `Abd al-Qādir,الحسين بن عبد القادر
11124,Aḥmad Abī al-A`rāf,أحمد بن أبي الأعراف
11125,Sulayman Dambalī,سليمان دمبلي
11126,al-Ḥājj Muḥammad `Abd Allāh b. `Umar al-Mukhtārī,الحاج محمد عبد الله بن عمر المختاري
11127,al-Ḥājj Aḥmad b. al-Ḥājj `Abd Allāh,الحاج احمد بن الحاج عبد الله
11128,Ṣiddīq Tarawarī,صديق ترور
11129,`Uthmān Sanbir,عثمان سنبر
11130,Abu Bakr Siddīq wuld al-Imām b. `Alī,ابو بكر صديق ولد الإمام بن علي
11132,Muḥammad al-Ṣālaḥ b. Hammnā,محمد الصالح بن حمّنّا
11133,Māmdi Kabā,مَامَدِ كَبَا
11134,Binla Jabāt,بِنْلَ جبات
11135,Shaykh Nādī,شيخ نادي
11136,al-`Arab ibn al-Dhhab,العرب ابن الذهب
11137,Fāṭima Fanī Tarawarī from Tinbuktu,فاطم فني تروري من تنبكت
11138,al-Imām Bāba Damī b. Lamīn Damī,الإمام باب دمي بن لمين دمي
11139,Bāba Yār ibn Ṣiddīq Yar,باب يارا بن صديق يار
11141,Maḥmῡd Tarawarī,محمود تروري
11142,Mamā b. Muhammad al-Sharīf,مما بن محمد الشريف
11143,Samῡkī,سموكي
11144,Abu Bakr Tanfuwā,أبو بكر تنفوا
11145,Lāfayl Kinātī,لافيل كناتي
11146,Māmā Yawshānā,ماما يو شانا
11147,Maḥam,محم
11148,Um `Isa,أم عيسى
11149,Zabīd,زبير
11150,Ibrāhīm Dāyna,إبراهيم دَايْنَ
11151,Aḥmad Tawar,أحمد تور
11153,Alfā al-Ḥasan,ألفا الحسن
11154,Sīssī Tantῡ,سيسى تنتوا
11155,Mῡsa Shafani,موسى شَفَنِ
11156,Bāba ibn Ṣiddīq Yar,بَابَ ابن صِدِيقِ يَارْ
11157,Arḥam,أرحم
11158,Muḥammad b. al-Faqīh Dῡnkī,محمد بن الفقيه دونكى
11159,Abu Bakr b. `Uthmān,أبو بكر بن عثمان
11161,Bāba Sīdī al-Banāwī,باب سيسي البناوي
11163,Banud Kanatawī Ansabā,بنود كناتوي انسبا
11164,"Maḥam b. Alfā Ṣiddīq Karbanat ""Zāgha""",محم بن ألفا صديق كربنت المعروف بزاغ
11165,Alfād Tanfī,ألفاد تنفي
11166,al-Ḥājj 'Idām,الحاج ءادم
11167,Qāsim Kab in the village of Klkar,قاسم كَبْ في قرية كْلْكر
11168,`Ubayd Muḥammad al-Kunānī,عبيد محمد الكناني
11169,Fῡdī al-Shaykh Tūrī b. Alfā Karmagha Tūrī,فودي الشيخ توري بن ألفا كرمغ توري
11170,Alfā Dab ibn Alfā Ḥusayn,ألفا بَدْ ابن ألفا حسين
11171,Muḥammad b. `Abd al-Qādir,محمد بن عبد القادر
11172,al-Amīn Khalīl Tarawarī,الأمين خليل تروري
11173,Salmam and Badu Tika,سَلْمَامْ وبَادُ تِكَ
11175,al-Imām Ibrāhīm,الإمام إبراهيم
11176,Nāna Fāṭima Zaharā',نان فاطمة زهراء
11177,Laman….Aḥmad,لمن .... احمد
11179,Muḥammad al-Mukhtār b. Yad Yaḥya,محمد المختار بن يد يحيى
11180,Muḥammad b. Alfā May' al-Sharīf al-Janawi in Bamaku,محمد بن ألفامْىء الشريف الجناوي في بمك بْوسْلَ
11181,Ḥamād Yabatī,حمد يبتي
11182,Muḥammad,محمد
11184,Muḥammad Qanat,محمد قنت
11185,Sirmā,سِرْمَا
11186,Mῡdd Mῡsa Kuntī b. Muḥammad Kuntī,مود موسى كنتي بن محمد كنتي
11187,Karamaku Wadi` and Tijān,كَرَمَكُ وَدِعْ والتجان
11188,Badīn Alfā al-Ḥusayn,بد بن ألفا الحسين
11189,Ḥabb Ṭam b. Maḥam Ṭam,حب طم بن محم طم
11190,al-Husayn Darbī from the region of Fa`anā,الحسين دربي من بلد فعنا
11191,Kākā Kātaw,كاكا كاتَوْا
11193,`Urfāf b. Dāwud,عفاف بن داوود
11194,al-Husayn b. Shaykh Zayn b. `Abd al-`Azīz,الحسين بن شيخ زين بن عبد العزيز
11195,Iyad ibn `Abd Allāh,أيد ابن عبد الله
11196,Ḥammātā,حمّاتا
11199,Muḥammad b. Ya`ysh,محمد بن يعيش
11200,Muḥammad al-Mῡlῡd b. Muḥammad,محمد الملد بن محمد
11201,Qāss `Isa,قاص عيسى
11203,Bῡmra,بْومْرَ
11207,Yab b. Bābīr,يب بن بابير
11208,Anbār,أنبار
11209,Bakri Bawrī,بَكَرِ بَوْري
11210,Zaynāb Maygha,زيناب ميغ
11211,Fāṭima `Araq,فاطم عرق
11213,`Aysha Sīssī (Cissé),عيشة سيسي
11215,al-Ṣiddīq Kaykman and al-Māmi Kaykman,الصديق كيكمن والمام كيكمن
11216,al-Māmi,المام
11217,Bāba b. Daman,باب بن دمن
11218,Duwaq Sīssī (Cissé),دُوَقْ سيسي
11219,Muḥammad al-Amīn ibn Aḥmad,محمد الأمين ابن أحمد
11222,Maḥam ibn Mῡsa Tarawarī,محم ابن موسى تروري
11224,Muḥammad al-Amīn ibn `Abd al-Raḥman,محمد الامين ابن عبد الرحمان
11225,Bāba Alfā `Umar b. al-Ghamām Muḥammad Baghayogho,باب الفا عمر بن الغمام محمد بغيغ
11227,Muḥammad Kawtῡ,محمد كوتو
11228,Sulayman,سليمان
11229,`Uthmān Qawa b. Maḥam,عثمان قوة بن محم
11230,Adān Sabghamij,أدان سبغميج
11232,al-Ḥājj Māmā Sāghua ibn al-Ḥājj Abubakā Sāghaw,الحاج ماما ساغوا ابن الحاج أبوبكا ساغوا
11235,`Ada bint Danab,عاد بنت دنب
11236,Muḥammad b. `Alī Sanaghā Janῡtī,محمد بن علي سنغا جنوتي
11238,Alfā Sīssī (Cissé),الفاعلي سيسى
11240,Aḥmad Anjāy,أحمد انجاي
11241,Anbārik b. `Alī,انبارك بن على
11242,Aḥmad b. Ḥammāh Allāh b. Muḥammad Zayn,أحمد بن حماه الله بن محمد زين
11243,Muḥammad b. Muḥammad Zayn,محمد بن محمد زين
11244,`Alī Bῡ Jama`,على بو جمع
11245,Mῡlāy Ismā`īl b. al-Muṣṭafa,مولاي إسماعيل بن المصطفى
11246,Khadīja bint Bubakr Sharaf,خديج بنت ببكر شرف
11247,Bῡbakr b. Ṣālaḥ,بوبكر بن صالح
11249,Muḥammad b. Ibrāhīm b. `Abd b. al-Ṣāna`,محمد بن إبراهيم بن عبد بن الصانع
11250,Muḥammad b. al-Maḥjῡb al-Marrākashī,محمد بن المحجوب المراكشي
11251,Mῡlāy b. al-Bakr,مولاي بن البكر
11252,Aḥmad ibn Muḥammad al-Sharīf,أحمد ابن محمد الشريف
11253,`Abd Allāh b. Ḍabīr Muḥammad al-Ḥarṭānī,عبد الله بن ضبير محمد الحرطاني
11254,Muḥammad b. al-Kāhymī,محمد بن الكاهيمى
11255,al-Ḥājj b. Sabgham,الحاج بن سبغم
11256,Muḥammad Maḥmῡd al-Ṭāhir,محمد محمود ابن الطاهر
11257,Ibrāhīm Mukhtār al-Manṣῡr,إبراهيم مختار المنصور
11258,`Abd Allāh b. Zahad,عبد الله بن زهد
11260,Sāt Muḥammad al-Amīn,سات محمد الأمين
11261,Alfā Ḥamad,الفا حمد
11262,Mῡlāy al-Muṣṭafa,مولاي المصطفى
11263,Alfā Sin,الفا سن
11264,Ḥakim al-Fransī of the town of Tinbuktu,حاكم الفرنسي دائرة تنبكت
11265,`Umar b. Aḥmad Bābā Abī al-`Abbās al-Ḥasanī,عمر بن أحمد بابا بن أبي العباس الحسنى القاضي
11266,Yaḥya ibn al-Kāhī,يحي ابن الكاهي
11267,`Alī b. Sīdī `Umar,عال بن سيد عمر
11268,Muḥammad al-Amīn b. `Abd Allāh,محمد الأمين بن عبد الله
11269,Muḥammad b. Muḥammad Zayn and Ḥāmad Ibrāhīm,محمد بن محمد زين وحامد إبراهيم
11271,al-`Abbās b. al-Ḥarma,العبيد بن الحرمة
11272,al-Shaybān,الشيبان
11273,`Alī b. Aḥmad b. Muḥammad `Abdal,علي بن أحمد بن محمد عبدل
11274,al-Sharīf b. Mῡlāy Aḥmad b. Mῡlāy Dhahab b. Idris,الشريف بن مولاي أحمد بن مولاي ذهب بن إدرس
11275,Qadāt Sabagha,قضاة سبغ
11276,`Alī Maygha b. Fikr b. `Alī,علي ميغ بن فكر بن علي
11277,Bābῡ Kalabal,بابوا كلبل
11278,A`li b. Aḥmad,أعلي بن أحمد
11280,Talaf b. al-Husayn,تلف بن الحسين
11281,Ibrāhīm b. al-`Arīb,إبراهيم بن العريب
11282,Muḥammad al-Amīn b. Karbā,محمد الأمين بن كربا
11283,al-Shaykh Sīdī Bubakr,الشيخ بن سيد ببكر
11284,Muḥammad b. Muḥammad `Alī al-Tinbuktī,محمد بن محمد علي التنبكتي
11285,Aḥmad b. Abu Ghālab,أحمد بن بو غالب
11287,al-Qāḍī `Umar b. Aḥmad Bāba b. Abī al-`Abbās al-Ḥasanī,القاضي عمر بن أحمد بابا بن أبي العباس الحسنى
11288,Bābā Bubakr b. al-Hādī,بابا بن ببكر بن الهادي
11289,Alfā Yῡsuf b. Alfā `Abd al-Raḥman b. Alfā `Uthmān Drāmī,الفا يوسف بن ألفا عبد الرحمن بن الفا عثمان درامي
11290,Sin b. Muḥammad al-Amīn b. Aḥmad Bāba al-Tinbuktī,سن بن محمد الأمين بن أحمد باب التنبكتى
11291,Muḥammad Sῡs b. `Isa,محمد سوس بن عيسى
11292,Kanagh bint `Abd Bābīr Ghāw,كنغ بنت عبد بابير غاو
11293,Muḥammad al-Imām al-Ustādh al-Imām b. Muḥammad al-Suyῡṭī,محمد الامام الأستاذ الأمام بن محمد السيوطى
11294,al-Shaykh al-Ḥasan,الشيخ بن الحسن
11295,Muḥammad b. b. Dāwud Maygha,محمد بن داوود ميغ
11296,al-Mukhtār b. Khayra,المختار بن خيرة
11298,Alfā Muḥammad Daydyā Abnasak,الفا محمد ديديا أبنسك
11299,Bābakān,ببكان
11300,Murīds of al-Qāḍī Bāba b. al-`Abbās al-Ḥasanī,بعض مريديه
11301,Bābakar b. `Umar al-Sakawī,ببكر بن عمار السكوى
11302,Ismā`īl b. Muḥammad,إسماعيل بن محمد
11303,Bāba Sharaf b. Sarmῡy b. Bāba,باب شرف بن سرموي بن باب
11304,Mῡlāy Aḥmad b. Sīdī Zayān,مولاي أحمد بن سيد زيان
11306,Kamandām,كمندام
11308,al-Ḥājj ibn Sabgham,الحاج ابن سبغم
11309,al-Imām Sissi (Cissé),الامام سيسى
11310,"Aḥmad ""Fahmal b. al-Fāsan""",أحمد الملقب بالفا همل بن الفاسن
11311,Madān Maygha,مدان ميغ
11313,Muḥammad b. b. Zayn,محمد بن الزين
11314,Muḥammad al-Marākashī,محمد المراكشي
11315,`Umar b. Sanba,عمار بن سنب
11316,Muḥammad b. al-Ṭālib,محمد بن الطالب
11317,Muḥammad b. …,محمد بن ...
11319,Aḥmad b. Wanā,أحمد بن ونّا
11320,Ḥamād I`ud al-Kanat b. al-`Arab,حماد ايعود الكنت بن العرب
11321,Aḥmad b. `Umar,أحمد بن عمر
11322,Wamakan b. Muḥammad Aḥmad,وَمَكَنْ بن محمد أحمد
11323,Alfā May Maygha b. `Abd al-Qādir,الفامي ميغا بن عبد القادر
11324,Mῡlāy Ismā`īl b. Mῡlāy `Abd al-Salām,مولاي إسماعيل بن مولاي عبد السلام
11325,Muḥammad al-Madān b. Kaygham,محمد المدان بن كيغم
11326,`Alī Bam Mama,علي بم ممّا
11328,Mῡlāy b. `Abd Allāh b. Mῡlāy `Alī al-Ḥasanī,مولاي بن عبد الله بن مولاي علي الحسنى
11329,Aḥmad Bakkāy b. Muḥammad b. al-Mukhtār b. Aḥmad,أحمد البكاي بن محمد ابن المختار بن أحمد
11330,`Urwah b. Sīdī Muḥammad,عروة بن سيد محمد
11332,`Abd Allāh b. Alfā Muwī,عبد الله بن الف موي
11333,A`lād b. Aḥmad and Muḥammad b. Ḥaīm,أعلاد بن أحماد وحمد بن حيم
11334,Amīr Kalanṣar al-wad b. Muḥammad Aḥmad,أمير كلنصر الود بن محمد أحمد
11335,Muḥammad b. Ḥaysῡn and the community of Tarmazī,محمد بن حيسون وجماعة ترمزى
11336,"Bābā Sin Sharaf ""Ibn Sanajī""",بابا بن سن شرف المسمى بباب سَنجى
11338,Ḥamād Ibrāhīm,حامد إبراهيم
11339,"Ṣanba b. Ibrāhīm ""Jāwar""",صنب بن إبراهيم الملقب بجاور
11340,Ibrāhīm Wābu,إبراهيم وابُوْ
11341,Aḥmad ibn `Uthmān,أحمد ابن عثمان
11342,Sinmawī Mῡlāy `Alī b. al-Qāḍī Aḥmad Bāba,سنموي مولاي علي بن القاض أحمد باب
11343,Muḥammad `Abd Allāh b. al-Ḥabīb,محمد عبد الله بن الحبيب
11344,`Abd al-Qādir b. Mῡlāy Muḥammad al-Sharīf,عبد القادر بن مولاي محمد الشريف
11345,`Abd al-Raḥman b. Anbārik,عبد الرحمن بن انبارك
11346,Bābakr Sanῡs,ببكر سنوس
11347,`Urwah b. Ḥamād,عروة بن حماد
11348,Muḥammad ibn al-Dhahab,محمد ابن الذهب
11349,`Um Basall,عم بسلّ
11350,Aḥmad `Uthmān Marghī,أحمد عثمان مرغي
11351,Aḥmad b. `Abd Allāh,أحمد بن عبد الله
11352,Maḥmῡd b. al-Mukhtār,محمود بن المختار
11353,Ḥam ibn Ḥamād b. Muḥammad,حم إبن حماد بن محمد
11354,Ḥamād,عبد بن حماد
11355,Mῡlāy Aḥmad b. Karbalā,مولاي أحمد كربلا
11356,Aḥmad b. `Alī b. Abī al-Bu Ḥasan,أحمد بن علي بن أبي البو حسن
11357,Ismā`īl b. Ibrāhīm,إسماعيل بن إبراهيم
11358,Muḥammad b. Sīdī Muḥammad,محمد بن سيد محمد
11360,Ma`ṭal b. al-Yazyd,معطل بن اليزيد
11361,Muḥammad al-Ṣuwāb,محمد الصواب
11362,`Abd al-Qādir Muḥammad b. Aḥmad,عبد القادر محمد بن أحمد
11363,al-Walād Muḥammad Ambārak,الوالد محمد أمبارك
11364,Muḥammad al-Amīn b. Aḥmad Bābā,محمد الأمين بن أحمد بابا
11366,Ambārak b. `Alī Ambārak,امبارك بن علي أمبارك
11367,Aḥmad Ṣiddīq,أحمد صديق
11368,Muḥammad Fanī Iyjji,محمد فنى إيج
11369,Muḥammad Sharīf,محمد شريف
11371,Muḥammad b. al-Mukhtār Bābā Aḥmad,محمد بن المختار بابا أحمد
11372,Bῡ `Amāma b. Sīdī Muḥammad,بو عمام بن سيد محمد
11373,Sīdī b. `Alī,سيد بن علي
11374,`Alī b. `Umar b. Sīdī Aḥmad al-Qāḍī al-Arawānī,عال بن عمر بن سيد أحمد القاضي الأرواني
11375,al-Ḥasan b. al-Imām Arakī Sughu,الحسن بن الامام أركي سُغُ
11376,Dīk Sariyya Bābu,ديك سرية بابو
11377,Amna Zāriyya Ambārik,آمنة زارية أمبارك
11380,al-Ḥasanī,الحسنى
11381,al-Maḥjῡb b. Sīdāt,المحجوب بن سيدات
11382,Aḥmad b. Muḥammad al-Ṭāhir,أحمد بن محمد الطاهر
11384,`Ubayd b. Nājim b. Sa`īd,عبيد بن ناجم بن سعيد
11387,Muḥammad al-Mῡlῡd b. `Alī,محمد المولود بن عال
11388,Muḥammad b. b. Ṭālib al-Sabā`ī,محمد بن طالب السباعى
11389,al-Amīr Bubakr Ghughu,الأمير بُبَكر غُغُ
11390,Kawīd,كويد
11391,Aḥmad Zarrῡq b. al-Imām Bāyār,أحمد زروق بن الامام بايار
11392,Abāb b. al-Bakr,أباب بن البكى
11394,Sīdī Yaḥya b. Muḥammad Baghayogho,سيد يحي بن محمد بغيغ
11395,al-Qāḍī Muḥammad al-Amīn b. al-Qāḍī Aḥmad Bābā b. Abī al-`Abbās al-Ḥasanī,القاضي محمد الأمين بن القاضي أحمد باب بن أبي العباس الحسنى
11396,Ḥamni,هَمْنِ
11397,Aḥmad b. `Abd Allāh al-Wādamī,أحمد بن عبد الله الوادمى
11399,`Umar Kakar,عمر ككر
11400,`Abd Allāh,عبد الله
11401,Maḥmῡd b. Maḥaman,محمود بن محمن
11402,Mῡlā `Abd al-Qādir b. Muḥammad al-Sanῡsī,مولا عبد القادر بن محمد السنوسى
11403,Bwab al-Salām b. Aḥmad,بوب السلم بن أحمد
11404,Yāmī Kakayn,يامي ككين
11405,Mālay,ملاي
11407,Shaykh `Abd al-Qādir,شيخ عبد القادر
11409,Sīdī Muḥammad b. Alfā Ṣiddīq,سيد محمد بن ألفا صديق
11410,Ibrāhīm b. al-Mukhtār,إبراهيم بن المختار
11411,Ibrāhīm b. `Abd Allāh,إبراهيم بن عبد الله
11412,Mῡlāy `Alī b. Sīdī Zayān,مولاي علي بن سيد زيان
11413,`Alī b. Muḥammad al-Amīn,على بن محمد الأمين
11414,Bawī Bāba `Ᾱlī,بوي باب عالى
11415,`Uthmān b. Sabb Bakan,عثمان بن سب بكن
11416,Farāj Allāh b. Abaṭ,فراج الله بن ابط
11417,Amīr al-Manṣῡr al-Mawālīd,أمير المنصور المواليد
11418,`Abd Allāh Muḥammad al-Sharīf Mῡlāy `Alī b. Sīdī Zayān,عبد الله محمد الشريف مولاي علي بن سيد زيان
11420,Ḥabīb Allāh b. Sīdī Muḥammad b. Sīdī `Uara,حبيب الله بن سيد محمد بن سيد عرة
11422,Hashī Ṭunbu,هشيْ طُنبُ
11423,Sīdī b. Kunafan,سيد بن كُنفن
11424,`Isa b. Nawḥ,عيسى بن نوح
11425,`Abd al-Raḥman b. al-Ḥabīb,عبد الرحمن بن الحبيب
11426,Aḥmad ibn Jaym,أحمد ابن جيم
11427,`Alī b. Aḥmad,علي بن أحمد
11429,al-Bakay b. Sīdī al-Mukhtār,البكاي بن سيد المختار
11430,Bābā Aḥmad Bābā Yalab,بابا بن أحمد بابا يلب
11431,al-Imām b. al-Ḥājj Sīdī,الامام بن الحاج سيد
11432,`Abd al-Raḥman ibn Bāba,عبد الرحمن ابن باب
11433,Bīkīn b. Mas`ῡd,بيكين بن مسعود
11434,`Aylāl b. Abylā,عيلال بن أبيلا
11435,Aḥmad Bākab,أحمد باكب
11436,Bābā `Araf,بابا بن عرف
11438,`Umar `Ubayd,عمر بن عبيد
11439,Sinbīr Mῡlāy al-Bashīr,سنبير بن مولاي البشير
11440,"Alfā Aḥmad b. al-Muṣṭafa ""Fā`am""",الفا أحمد بن المصطفى الملقب بالفاعم
11441,Sīdī Zaydan b. al-Qāḍī Aḥmad Bābā b. Abu al-`Abbās al-Ḥasanī,سيد زيان بن القاضي أحمد باب بن أبي العباس الحسنى
11443,Ibn `Abd b. al-Ḥall,ابن عبد بن الحل
11445,Ḥamd Bāba,حمد باب
11448,al-Muṣṭafa b. Bābā Sharaf,المصطفى بن بابا شرف
11449,Māl ibn `Ᾱlī,مال ابن عال
11450,Bamī Sarāyj,بامي سرايج
11451,Yatnan Kamandām,يَتْنَن كمندام
11452,Muḥammad b. Ibrāhīm al-Khalīl,محمد بن إبراهيم الخليل
11453,Muḥammad b. `Alawān,محمد بن علوان
11454,al-Ḥākim Kamnad Sark Tinbuktu,الحاكم كمند سرك تنبكت
11455,Bāba Sīdī b. Sīdī Muḥammad b. Mῡlāy `Umar b. Mῡlāy Ibrāhīm,باب سيد بن سيد محمد بن مولاي عمار بن مولاي ابرهيم
11456,Khadīja Bajawā,خديج باجوا
11457,Badīn al-Ḥusayn,بدين الحسين
11458,Amīr Jibi Dῡdu,امير جِبِ دُودُ
11460,Bāybīr b. `Alī Dān,بابير بن علي دَانْ
11461,Bāba Wanghara b. al-Imām Sanῡsī,باب ونغر بن الامام سنوسي
11462,`Umar b. Sīdī al-Mukhtār b. Aḥmad `Alī and Sīdī Muḥammad b. Hal Sālim,عمار بن سيد المختار بن أحمد عال وسيد محمد بن هل سالم
11464,Nāna `Aysha b. Muḥammad Zaydān,نان عيش بن محمد زيدان
11465,Sīdī al-Mukhtār b. Muḥammad Lamīn al-`Alawī,سيد المختار بن محمد لمين العلوي
11466,Aḥmad b. Muḥammad b. Ḥamād,أحمد بن محمد بن حامد
11468,`Abd Allāh b. Abī al-`Abbās b. `Umar,عبد الله بن أبي العباس بن عمر
11469,Mῡlāy Idris,مولاي إدريس
11473,`Abd Allāh b. Muḥammad `Abdal,عبد الله بن محمد عبدل
11474,Ḥaybal b. Muḥammad,حيبل بن محمد
11475,Aḥmad Sin Sharaf,أحمد سن شرف
11476,Aḥmad b. Muḥammad al-Mukhtār b. Ḥamād,أحمد بن محمد المختار بن حامد
11477,Awlād Tinbuktu in the village of of Anbῡna,أولاد تنبكت الذين في قرية أنبُونَ
11478,Muḥammad Ṣālaḥ Aḥmadān b. Ṣālaḥ al-Jazā'irī,محمد صالح أحمدَان بن صالح الجزائري
11479,Abu Muhmmad `Abd Allāh b. Abī Bakr,أبو محمد عبد الله بن أبي بكر
11482,Amīr Hunad Bumu,أمير هُند بُمُ
11484,Muḥammad b. Bakar,محمد بن البكر
11485,`Umar b. al-`Azīz b. `Alī,عمار بن العزيز بن علي
11486,`Abd al-Salām b. Sīdī Muḥammad b. Mῡlāy Aḥmad,عبد السلام بن سيد محمد بن مولاي أحمد
11487,Muḥammad b. Yaῡb,محمد بن يوب
11488,Māl,مال
11489,Bāba b. Ḥamād b. al-Dāh,باب بن حماد بن الداه
11490,Aḥmad b. Muḥammad al-Kharanī,أحمد بن محمد الخراني
11491,al-`Abbās b. Ibrāhīm,العباس بن إبراهيم
11492,Amīr Turma and Hama,أمير بن تُرمَ وهَمَ
11493,Maῡth Qad Sarki,موث قد سَرْكِ
11494,Muḥammad b. Sīdī,محمد بن سيد
11495,Ḥakim of Timbuktu,حاكم دائرة تنبكت كمندم سرك
11496,Bābā b. Sīdī,بابا بن سيد
11497,Muḥammad Ghangharu,محمد غنغرو
11498,Ṭanbu,طنبوا
11499,`Alī Sharaf Sirmawi b. Bābā Abῡ Buwīj,علي شرف سرموي بن بابا أبو بويج
11500,Muḥammad Ṣāl,محمد صال
11501,Muḥammad b. Muḥammad Ibrāhīm,محمد بن محمد إبراهيم
11502,`Abd b. Muḥammad b. Ḥadi,عبد بن محمد بن حاد
11503,Kuyāmāma,كُيَا مَامَ
11504,Nājim b. Sa`īd,ناجم بن سعيد
11505,al-Ḥājj al-Kabīr,الحاج الكبير
11506,Nῡḥ b. Ṭahir,نوح بن طاهر
11507,Abu Bakr Nānyjī,أبي بكر نانيجى
11509,Ṣālaḥ b. Maghaya,صالح بن مغيا
11510,Sinmawī ibn al-Qāḍī Aḥmad b. Abī al-`Abbās al-Ḥasanī,سنموي ابن القاضي أحمد بن أبي العباس الحسني
11511,al-Amīn Aḥmad b. Maḥmῡd,الأمين أحمد بن محمود
11512,`Abd Allāh Ibrāhīm,عبد الله إبراهيم
11513,Sīdī Yaḥya b. Sīdī al-Makkī,سيد يحيى بن سيد المكي
11514,Wuld Bābā Ghāb,ولد بابا غاب
11517,`Abd Allāh Ḥamād b. Muḥammad,عبد الله حماد بن محمد
11518,Abī Bakr Kῡkum,أبي بكر كوكم
11519,Adama Tarawari Kῡru,آدَمَ ترور كُورُ
11520,Abu al-Wanghara,أبو الونغري
11522,Kamanadām Ghandam,كمندام غندام
11523,Rāsīn ibn Kamtī Muḥammad Rāsīn from Bῡbu Jῡlsῡ,راسين ابن كمتي محمد راسن من بُوبُ جُولسُو
11524,Sīdī Bakr b. Sīdī Khayr,سيد بكار بن سيد خير
11525,`Abd al-`Azīz b. `Alī `Isa,عبد العزيز بن علي بن عيسى
11526,Muḥammad b. Ḥamumu,محمد بن حمُّمُ
11527,Abu al-Khayr b. `Abd Allāh,أبو الخير بن عبد الله
11528,Muḥammad al-Ḥasan b. Muḥammad Yaḥya,محمد الحسن بن محمد يحيى
11529,Dadab bint Ayyub al-Madān,ددب بنت أيوب المدان
11530,"Muḥammad ""Ḥamad b. Muḥammad al-Ṭayib""",محمد المعروف بحمد بن محمد الطيب
11531,Ibrāhīm b. Sanīn,إبراهيم بن سنين
11532,al-Ḥājj Ṣiddīq,الحج صديق
11533,Ḥakim,حاكم
11534,`Abd Allāh al-Sharīf,عبد الله الشريف
11536,Muḥammad `Abd Allāh b. al-Janyd,محمد عبد الله بن الجنيد
11537,Ḥakim ….Kamanda Sarkal,حاكم كمندا سركل
11538,Ibrāhīm Kuīna,إبراهيم كُيِنَ
11539,Daud `And al-Raḥman,دود عند الرحمن
11540,Muḥammad Tīrnī,محمد تيرني
11541,Natā,نَتا
11542,al-Madān Buḍu,المدان بُضُ
11543,Yaḥya Karfῡ,يحي كرفوا
11544,Zaynāb Tarawalī,زينب ترولي
11545,Bābā Kanaf,بابا كنف
11546,Shayuk al-Kunta,شيوخ الكنت
11547,Maḥmῡd b. Ḥamān,محمود بن حمان
11548,al-Māmi ibn Aḥmad Bād Mālik,المام ابن أحمد بن باد مالك
11549,Aḥmad Bāba b. al-`Abbās al-Ḥasanī,أحمد بابا بن أبي العباس الحسنى
11550,Bān b. Muḥammad b. Bu`alyu,بان بن محمد بن بو عليو
11551,Bāba Sīdīyya b. Fuwru Sīssī (Cissé),باب سيسى بن فُوْرُ سيسى
11552,Muḥammad Yaḥya b. Muḥammad al-Ḥasanī,محمد يحي بن محمد الحسني
11554,Amīr Hamm b. `Alaj,امِيرِ هم بن علج
11555,Mῡlāy Asharīf b. Muḥammad b. Mῡlāy A`li,مولاي اشريف بن محمد بن مولاي اعل
11557,Sīdī Ḥabīb Allāh b. Sīdī `Urwah,سيد حبيب الله بن سيد عروة
11558,Shaykh Bilkuy ibn Fādam,شيخ بِلْكُى ابن فادم
11559,Mῡlāy al-Tahāmī b. Mῡlāy,مولاي التهامي بن مولاي
11560,Adam Kalbal,آدم كلبل
11562,Sāra,سَارَة
11563,Ya`qῡb b. Mῡmin Tarawarī,يعقوب بن مومن تروري
11564,Funā Salmanatῡ in the region of Surī,فُنَا سَلَمَنَتوا في بلد سُوري
11566,`Abd Allāh al-Hawshī,عبد الله الحوشي
11567,Karīm ibn Arqayā ibn Māma Sir Sanba,كريم ابن ارقيا ابن مام سر سنب
11568,Ibrāhīm b. Alfā Salim b. `Alī al-Arawānī,إبراهيم بن الفا سالم بن علي الأرواني
11569,Muāmu Narawali,مُامُ نَرَولِ
11570,Marīam bint Muḥammad,مريم بنت محمد
11571,Aḥmad b. `Alī b. Muḥammad,أحمد بن علي بن محمد
11572,Fāṭima b. Ibrāhīm,فاطم بنت إبراهيم
11574,Tamadiqi,تَمَدِقِ
11575,Ibrāhīm `Abd,إبراهيم عبد
11576,`Ᾱqib Yātīr ibn Jakli Yātīra,عاقب ياتبرابن جكلِ ياتيرا
11578,al-Imām Shu`Alī,الإمام شُعُلِ
11581,Fāfā Nādī and Māma Nādī,فافا نادي ومَامَ نادي
11582,Mῡlāy al-Sharīf b. al-Nāṣr al-Sharaf,مولاي الشريف بن الناصر الشرف
11583,Mῡsa Kuntī,موسى كنتى
11584,Muḥammad b. Atalī,محمد بن اتلى
11585,Alfā Gharab Samīk,ألفا غرب سميك
11586,Kawmān,كومان
11587,Mῡsa Sanbān and Kawkī Sanbān,موسى سنبان وكوكى سنبان
11588,Alfā `Uthmān b. al-Bakhār,ألفا عثمان بن البخار
11589,Muḥammad Kankadu,محمد ابن حَنكَدُ
11590,Zayd al-Sanῡsī,زيد السنوسى
11593,Alfā May b. Alfā Shaykh,ألفامي بن ألفا شيخ
11594,Kīrī Sanbar,كيرى سنبر
11596,Bāba Sīdīyya,باب سيدي
11597,`Abd al-Karīm al-Ḥājj `Abd al-Karīm,عبد الكريم الحاج عبد الكريم
11598,al-Ḥasan Dhu`u,الحسن ذُعُ
11600,Mῡsa Sanba b. Alfā Gharab Sanba,موسى سنب بن ألفا غرب سنب
11603,al-Ḥasan `Abd Allāh,الحسن عبد الله
11604,Tubba Kambīn,يُبَّ كمبين
11605,`Abd Allāh al-Salām b. Sīdī Muḥammad Taṭῡn Ḥafīd Salām Taṭῡn,عبد الله السلام بن سيد محمد تطون حفيد سلام تطون
11606,Muḥammad Musa b. `Isa,محمد موسى بن عيسى
11608,`Umar Janī ibn Muḥammad `Alī,عمر جني ابن محمد علي
11609,Bῡ Tarawalī,بو ترولي
11610,al-Ḥabīb Sanā `Umar Kutuā,الحبيب سنا عمر كوتوا
11611,Tadi Situ Qariyya Tandaghī,تدي سيتوا قرية تندغى
11612,`Alī al-Tijānī and Aḥmad al-Tijānī,علي التجاني وأحمد التجاني
11616,Bāba b. Sin Tāw,باب بن سن تاو
11617,Fayfu Yarsān,فيفُ يرسان
11618,Amīr Balsān `Alī b. `Umar,أمير بلسان علي بن عمر
11619,al-Māmi Kukutu,المام كُكُتُو
11620,Mῡ Kasῡr,مو كسور
11621,Muḥammad Maḥmῡd al-Shaykh,محمد محمود بن الشيخ
11623,Yaḥya Tarawarī,يحي تروري
11624,Ba`a Ṣa`tā,بع صعتا
11625,Munir Kamara,منر كَمَرَ
11626,Af Kuru Bbari,اَفْ كُرُ بَّرِ
11627,`Abd al-Raḥman b. Muḥammad al-Ḥaramī,عبد الرحمن بن محمد الحرمي
11630,al-Tijānī,التجاني
11631,Sānī,ساني
11632,`Umar Tanfawā,عمر تنفوا
11638,Bῡbakr b. Lāmīn Ṭa`arīl,بوبكر بن لامين طعريل
11639,al-Shaykh Sīdī Ḥamād b. Sīdī al-Mukhtār b.  Sīdī Muḥammad b. Sīdī al-Mukhtār,الشيخ سيد حماد بن الشيخ سيد المختار بن الشيخ سيد محمد بن الشيخ سيد المختار
11640,Sulayman Bār,سليمان بار
11641,Fāfā Tamata bint Muhamamd Tamata,فَفَا تَمَتَ بنت محمد تمت
11642,Muḥammad b. Muḥammad Aḥmad al-Tahwasāy,محمد بن محمد أحمد الملقب التهوساى
11643,Amīr Habuyumu,امير هَبُيُمُ
11644,Bāba Sῡs b. al-Ṭālib`Uthmān Sῡs,باب سوس بن الطالب عثمان سوس
11646,Kamab b. al-Ṣiddīq,كمب بن الصديق
11647,`Alī b. Sirmawi b. Zayān,علي بن سرموى بن زيان
11648,Zakariyyā b. Fataḥ,زكريا بن فتح
11650,Kamanadām of Timbuktu,كمندام أرض تمبكت
11651,Ya` Kuntī ibn al-Ṣiddīq,ياع كنتى ابن الصديق
11654,`Aysha bint `Alī al-`Abbās b. `Umar,عيش بنتَ إلى العباس بن عمر
11655,Ḥumānu,حُمَانُ
11656,Sulayman b. `Abd al-Nabī,سليمان بن عبد النبي
11657,Kamandam Sarki Ḥākim Tinbuktu,كمندم سرك حاكم دائرة تنبكت
11658,`Abd Allāh ibn Abī Bakr,عبد الله ابن أبي بكر
11660,Ibn Muḥammad ibn Tarawal,ابن محمد ابن ..ترول
11661,Maḥam Tarawarī al-Mῡ'dhan,محم ترور المؤذن
11662,al-Khalīl Sanā `Umar Kutuā,الخليل سنا عمر كوتوا
11664,Muḥammad Jābī,محمد جابي
11665,Bāba Kabraṭ,باب كبرط
11666,Aḥmad b. al-Qāḍī Aḥmad Bāba,أحمد بن القاضي أحمد باب
11668,Sabī Malḥam al-Shāmī,سبى ملحم الشامى
11670,Muḥammad b. `Abd Allāh ibn al-Ṭālib,محمد بن عبد الله إبن الطالب
11672,Abu al-`Abbās al-Ḥasanī ibn `Abd al-`Azīz,أبو العباس الحسنى ابن عبد العزيز
11675,Jak Bājaq,جك باجق
11676,al-Imām Kunātī b. Ṣālaḥ,الامام كُناتى بن صالح
11677,Sīdī Buṭayj,سيْدُ بُطَيج
11678,Ḥasay,حَسَيْ
11679,al-Ṣiddīq from the village of Faḍa,الصديق في قرية فض
11680,al-Sālik bint Muḥammad,السالك بنت محمد
11682,Bāba al-Fāsī,باب الفاسي
11683,Sīdīyya Muḥammad ibn Sharīf al-Mukhtār,سيدى محمد ابن شريف المختار
11685,Bakuru Wulālī,بَكُرُ وُلاَلى
11686,`Abd al-Qādir Tanfa`a,عبد القادر تنفع
11687,Muḥammad ibn Sīdāt,محمد ابن سيداة
11688,Sulayman Samaki,سليمان سَمَكِ
11690,Māma Kῡkīn b. Ahmad,مام كوكين بن أحمد
11691,Bāru Yarkiu,بَارُ يرِكِوُ
11693,Yamā Salā bint Muḥammad Salā,يَمّا سلا بنت محمد سلا
11694,Daku,دكو
11695,Karamuqu Bāba Ṣamārī,كرمق باب صماري
11696,Mῡlāy `Abd al-Qādir b. Sīdī Rayān al-Sharīf,مولاي عبد القادر بن سيد ريان الشريف
11697,Aḥmad Anbārik,أحمد انبارك
11698,Ahmayt,احميت
11699,`Alī b. …Mawi b. Bāba Atwālīj,علي بن...موي بن باب اتواليج
11700,Aḥmad b. Shu`ab,احمد بن شعب
11702,`A'ysha Kulabali,عائشة كُلَبَلِ
11706,Aḥmad ibn al-Ṭāhir,أحمد ابن الطاهر
11708,Kawānā Buaw,كوانا بُووْ
11711,Ṣālaḥ Kann,صالح كن
11712,Marīam bint Sīdiyya,مريم بنت سيدي
11713,`Umar Jattī,عمر جتي
11714,Gharak and Mudi ibn Sīdi,غرك ومودِ ابن سيد
11715,Ba`ad Allāh b. Musῡn,بعد الله بن مسون
11718,Alfā Ḥatt,الفا حت
11719,Ibrāhīm Amīr Dalu,إبراهيم أمير دلُ
11720,Mῡlῡd,مولود
11721,`Abd Allāh al-Imām b. al-Imām Muḥammad Yaghnī,عبد الله الإمام بن الإمام محمد يغني
11722,Khalīl,خليل
11724,Sīdī Bubakr b. Sīdī al-`Arabī b. Aḥmad al-Fulānī,سيد ببكر بن سيد العربي بن أحمد بهيد الفيلاني
11725,al-Sālik b. Aḥmad,السالك بن أحمد
11727,Sīdī ibn Maḥman,سيد ابن محمن
11729,Babkar b. Muḥammad Kalan,ببكر بن محمد كلن
11731,Bāba Jiy,باب جي
11733,Bῡ Bakr Tawara and al-Māmi Jaynbā,بو بكر تورو المام أخي جينبا
11736,`Abd al-Raḥman Jida Ra'īs Safar,عبد الرحمن جدّ رئيس سفر
11740,Fātima `Araf,فاطم عرف
11745,Futqi Kutātab,فُتْقِ كُتَاتب
11746,al-Shaykh Sār Fuwā,الشيخ سار فوْا
11928,Abū `Umar `Uthmān b. `Abd Allāh al-Salāljī al-Fārsī,أبو عمر عثمان بن عبد الله السلالجي الفارسي
11929,Ka`b b. Zuhayr b. Abī Sulmā al-Muzānī,كعب بن زحير بن عبي سلمي المزاني
11930,Saḥnūn b. Sa'īd b. Ḥabīb at-Tanūkhī,سخنون بن سعيد بن حبيب التنوخي
11931,Aḥmad b. Muḥammad b. Aḥmad al-Ghazālī,أحمد بن محمد بن أحمد الغزالي
11932,The six Jahaliyya poets,الشعراء الستة الجاهليين
11933,Alī b. Muḥammad b. Ghānim al-Khazrajī al-Maqdisī,علي بن محمد بن غانم الخزرجي المقدسي
11934,ʾAbī al-Ṣalt Umayya b. 'Abd al-'Azīz b. Abī al-Ṣalt al-Dānī,أبي الصلت أمية بن عبد العزيز بن أبي الصلت الداني
11935,Muḥammad b. Bahrām b. Muḥammad b. Aḥmad al-Qalānisī al-Samarqandī ,محمد بن بهرام بن محمد بن أحمد القلانسي السمرقندي
11936,ʾAbū Marwān ʿAbd al-Mālik Ibn Zuhr,أبو مروان عبد الملك ابن زهر 
11937,Abū  ʿAbdillah Muḥammad b. Yūsuf Ibn Khalṣūn,أبي عبدالله محمد بن يوسف ابن خلصون
11938,al-ʿArabī b. ʿAbd al-Qādir b. ʿAlī al-Mashrafī al-Gharīsī,العربي بن عبد القادر بن علي المشرفي الغريسي
11939,Muḥammad b. ʿAlī b. Faraj al-Fihrī al-Qirbilyānī,محمد بن علي بن فرج الفهري القربلياني
11940,Aḥmad b. Muḥammad Ibn Mihnā,أحمد بن محمد ابن مهنا
11941,Ibn Muḥammad al-Sūsī,ابن محمد السوسي؟
11942,ʾAbī  ʿAbdillah Muḥammad b. ʾAbī al-Ḥasan ʿAlī  b. ʿAbdillah al-Lakhmī al-Shuqūrī,أبي عبدالله محمد بن أبي الحسن علي بن عبدالله اللخمي الشقوري
11943,ʾAbī al-Faḍl Muḥammad b. Qāasim al-ʿAjlānī,أبي الفضل محمد بن قاسم العجلاني
11944,ʾAbī Jʿfar* Aḥmad b. Ibrahīm b. Abī Khālid Ibn al-Jazzār al-Qiyyrūnī,أبي جعفر أحمد بن ابراهيم بن أبي خالد ابن الجزار القيرواني
11945,Aḥmad b. Aḥmad b. Salama al-Qalyūbī,أحمد بن أحمد بن سلامة القليوبي
11946,ʾAbī al-Qāsim b. Khalaf b. ʿabās al-Zahrāwī,أبي القاسم بن خلف بن عباس الزهراوي
11947,Ḥanīn b. Isḥāq,حنين بن اسحق
11948,ʾAbī Jʿfar Aḥmad b. ʾAbī ʿAbdillah Muḥammad Ibn al-Ḥashā,أبي جعفر أحمد بن أبي عبدالله محمد ابن الحشا
11949,Yūḥannā Ibn Bukhtīshūʿ,يوحنا بن بختيشوع
11950,ʾAbī al- ʿalī al-ʿAlāʾ Zahar b. ʿAbd al-malik Ibn Zahar al-ʾayādī,أبي العلي العلاء  زهر بن عبدالملك ابن زهر الأيادي 
11951,ʾAbī  Muḥammad ʿAbdillah b. ʾAḥmad al-Mālqiyy al-ʿUshāb,أبي محمد عبدالله بن أحمد المالقي العشاب
11952,Mūssā b. Ibrāhīm b. Mūssā b. Muḥammad al-Mutaṭabib al-Baghdādī,موسى بن ابراهيم بن موسى بن محمد المتطبب البغدادي
11953,Qāsim b. Muḥammad b. Ibrāhīm al-Ghassānī al-Wazīr,قاسم بن محمد بن ابراهيم الغساني الوزير
11954,ʾAbī al-ʿabās Aḥmad b. Muḥammad b. Ḥamdūn b. al-Ḥāj al-Salmī al-Mirdās al-Fāsī,أبي العباس أحمد بن محمد بن حمدون بن الحاج السلمي المرداس الفاسي
11955,ʾAbī al-ʿabās Aḥmad b. Ṣāliḥ b. Ibrahīm al-Darʿī al-ʾaktāwī,أبي العباس أحمد بن صالح بن ابراهيم الدرعي الأكتاوي
11956,al-Qaṣū Ziād Shāh al-ʾaʿẓam,القصو زياد شاه الأعظم
11957,ʿAbdullah v. ʿAbd al-ʿazīz a-Qurashī al-Marākshī,عبدالله بن عبدالعزيز القرشي المراكشي
11958,Muḥammad ʾaḥnanī al-Darʿī,محمد أحنني الدرعي
11959,al-Mahdī b. 'Alī b. Ibrāhīm al-Ṣunburī,المهدي بن علي بن ابراهيم الصنبري
11960,ʾAbī Isḥaq Ibrahīm b. Aḥmad al-Talmasānī al-Thaghrī,أبي اسحق ابرهيم بن أحمد التلمساني الثغري
11961,al-Ḥassan b. ʿAlī al-Rajrājiiy al-Shūshāwī,الحسن بن علي الرجراجي الشوشاوي
11962,Muḥammad b. Muḥammad al-Qūṣūnī,محمد بن محمد القوصوني
11963,ʿAbd al-ʿAzīz al-Wazjānī,عبدالعزيز الوزجاني
11964,Barākilasūs,براكلسوس
11965,ʾAbī al-Ḥassan ʿAlī b. al-ʿAbbās al-Majussī,أبي الحسن علي بن العباس المجوسي
11966,Muḥammad b. Ibrahīm al-Rūdānī,محمد بن ابراهيم الروداني
11967,Qrūlīūs,قروليوس
11968,Muḥammad b. ʾAbī Bakir al-Fārisī,محمد بن أبي بكر الفارسي
11969,Yūssuf Ismāʿīl al-Khuwīiyy al-Kitbī,يوسف اسماعيل الخويي الكتبي
11970,Isḥaq b. Sulaimān al-Isrāiyylī,اسحق بن سليمان الإسرائيلي
11971,Muḥammad b. ʿAlī al-Baʿqīlī,محمد بن علي البعقيلي
11972,Zain al-Dīn ʿabd al-Wahāb b. Aḥmad al-Shaʿrānī,زين الدين عبدالوهاب بن أحمد الشعراني
11973,al-Wazīr al-Raʾīs ʾAbī Bakir Ibn Zahar,الوزير الرئيس أبي بكر ابن زهر
11974,Muḥammad b. ʿAlī b. Bādīs al-Ṣanhājī,محمد بن علي بن باديس الصنهاجي
11975,Al-Ḥussain b. ʾAbī Thaʿlab al-Mubārāk b. ʾAbī Sharaf,الحسين بن أبي ثعلب المبارك بن أبي شرف 
11976,Jalāl al-Dīn ʿAbd al-Raḥmān al-Sīūṭī,جلال الدين عبدالرحمن السيوطي 
11977,ʾUbaiyy ʾAbī Saʿad b. Ibrahīm al-Maghribī,أبيّ أبي سعد بن ابرهيم المغربي
11978,Maḥmūd b. Aḥmad b. Hasan al-ʾAmshāṭī,محمود بن أحمد بن حسن الأمشاطي 
11979,ʾAbī al-Munā Dāūd ʾAbī Nassir b. Ḥāfiẓ Ḥaffāẓ,أبي المنى داود أبي نصر بن حافظ حفاظ
11980,Saʿīd b. Hibat-Allah b. al-Ḥasan b. Hibat-Allah,سعيد بن هبة الله بن الحسن بن هبة الله
11981,Madian b. ʿAbd al-Raḥman al-Qūṣūnī,مدين بن عبد الرحمن القوصوني 
11982,Fakhir al-Dīn Muḥammad b. ʿAbd al-Laṭīf al-Khajnadī,فخر الدين محمد بن عبداللطيف الخجندي
11983,Aḥmad b. ʿAbdillah b. yaʿqūb al-Samlālī al-Rasamūkī,أحمد بن عبدالله بن يعقوب السملالي الرسموكي
11984,ʾAbī ʿAbdillah Muḥammad b. Ibrahīm al-Naẓīfī al-Sūssī,أبي عبدالله محمد بن ابرهيم النظيفي السوسي
11985,ʿAlāʾ al-Dīn ʾAbī al-Ḥassan ʿAlī b. ʾAbī al-Ḥazm b. al-Nafīs al-Qarashī,علاء الدين أبي الحسن علي بن أبي الحزم بن النفيس القرشي
11986,ʿAbdullah b. ʾAḥmad b. Muḥammad b. Mūsa al-Kaḍāḍī al-Tanzāḍī,عبدالله بن أحمد بن محمد بن موسى الكضاضي التنزاضي
11987,ʿAbd al-Qādir b. al-ʿArabī al-Munabihī al-Madgharī Ibn Shaqrūn al-Miknāsī,عبدالقادر بن العربي المنبهي المدغري ابن شقرون المكناسي 
11988,ʾAbī ʿAbdillah Muḥammad b. ʿAbdillah al-Khaṭīb al-Salmānī,أبي عبدالله محمد بن عبدالله الخطيب السلماني
11989,Ṣāliḥ b. Naṣiri allāh b. Salūm al-Ḥalabī,صالح بن نصر الله بن سلوم الحلبي
11990,ʾAbī al-ʿAbbās b. ʿUmar al-Dīrbī al-Shafāʿī,أبي العباس بن عمر الديربي الشفاعي
11991,Khaḍr b. ʿAlī b. al-Khaṭāb,خضر بن علي بن الخطاب
11992,Dīsqūrīdis,ديسقوريدس
11993,Ibn Sīnā,ابن سينا
11994,Aflāṭūn ,أفلاطون
11995,Abī Bakir Muḥammad b. Zakrīyāʾ al-Rāzī,أبي بكر محمد بن زكرياء الرازي
11996,Ḥasan ʿAbdulraḥman ʾAfnadī,حسن عبدالرحمن أفندي
11997,Hārūn b. Isḥaq Ibn ʿazrūn ,هارون بن اسحق ابن عزرون 
11998,Muḥammad b. ʿAbdillah b. Qāsim al-Marrī al-ʾAnṣārī,محمد بن عبدالله بن قاسم المري الأنصاري
11999,ʿAliyy b. Ṭalḥa al-Rajājī al-Shūshāūī,علي بن طلحة الرجاجي الشوشاوي
12000,Abī al-Ḥajjāj Yūsuf b. Muḥammad Ibn Ṭamlūs,أبي الحجاج يوسف بن محمد ابن طملوس
12001,Nafīs b. ʿAwaḍ b. Ḥakīm al-Karmānī,نفيس بن عوض بن حكيم الكرماني
12002,Sadīd al-Dīn al-Kazrūnī,سديد الدين الكزروني
12003,Saʿīd b. ʿAlī b. Mūmin b. ʿAlī,سعيد بن علي بن مومن بن علي
12004,Aḥmad b. ʿAbd al-Ǧalil al-Šrāybi al-Fāsi,أحمد بن عبدالجليل الشرايبي الفاسي
12005,Abī Muḥammad ʿAbd al-Qādir Ibn Shaqrūn al-Miknāsī,أبي محمد عبدالقادر ابن شقرون المكناسي
12006,Abī al-Qāsim Aḥmad b. Muḥammad b. ʿĪssā al-Ghūl al-Fashtālī,أبي القاسم أحمد بن محمد بن عيسَى الغول الفشتالي 
12007,Aḥmad Ḥasan al-Khaṭīb Ibn Qunfudh,أحمد حسن الخطيب ابن قنفذ 
12008,Abī Muḥammad ʿAbd al-Karīm b. ʿAbd al-Mūmin,أبي محمد عبدالكريم بن عبدالمومن
12009,Rāshid b. Hāshim ,راشد بن هاشم 
12010,ʿAbd al-Raḥīm b. Naṣīr b. ʿAbdillah al-Shīdānī,عبدالرحيم بن نصير بن عبدالله الشيداني
12011,ʿAlī b. ʿAbd al-Raḥman b. Hadhīl ,علي بن عبدالرحمن بن هذيل 
12012,Aḥmad ʾAfnadī Nadā,أحمد أفندي ندا
12013,ʿAbd al-Qādir b. al-ʿArabī al-Qādrī ,عبدالقادر بن العربي القادري
12014,Muḥammad b. ʿAbd al-Qādir b. Muḥammad al-Damīrī,محمد بن عبدالقادر بن محمد الدميري
12015,Kamāl al-Dīn Muḥammad b. Mūssā al-Damīrī,كمال الدين محمد بن موسى الدميري
12016,ʿAbdillah Muḥammad b. Mālik al-Taghnarī al-Ṭaghnarī,عبدالله محمد بن مالك التغنري الطغنري
12017,ʿAbdillah b. Muḥammad Ibn Jazī,عبدالله بن محمد ابن جزي
12018,Zakariyaʾ b. Muḥammad b. Maḥmūd al-Qazūīnī,زكرياء بن محمد بن محمود القزويني
12019,Abī ʿAbdillah Muḥammad b. Abī Bakir b. ʿUmrān al-Qarashī al-Makhzūmī al-Damāmīnī al-Mālikī,أبي عبدالله محمد بن أبي بكر بن عمران القرشي المخزومي الدماميني المالكي
12020,Abī ʿUmar Aḥmad b. Muḥammad Ibn Ḥajjāj,أبي عمر أحمد بن محمد ابن حجاج
12021,Ibrāhīm b. Abī al-Qāsim al-Samlālī,ابراهيم بن أبي القاسم السملالي
12022,aby ʿabdāllah b. aḥmad ibn āl-ṣabāġ āl-ʿqyly,أبي عبدالله بن أحمد ابن الصباغ العقيلي
12023,Muḥammad b. Muḥammad b. ḥaǧāǧ al-fandlāwy,محمد بن محمد بن حجاج الفندلاوي
12024,Isḥāq b. Ḥunayn al-ʿbādy,اسحاق بن حنين العبادي
12025,aby ʿṯmān b. ǧʿfr aḥmad b. ibrāhym b. laywn āl-taǧyby, أبي عثمان بن جعفر أحمد بن ابراهيم ابن ليون التجيبي
12026,abi al-Ḥuseīn ʿli b. Muḥammad al-Qurašī al-Qilṣādī al-Basṭī,أبي الحسين علي بن محمد القرشي القلصادي البسطي
12026,Abī ʿAbdāllah Muḥammad b. Aḥmad b. al-Ġāzī al-ʿṮmānī al-Miknāsī,أبي عبدالله محمد بن أحمد ابن الغازي العثماني المكناسي
12028,Muḥammad  b. al-Asfahī,محمد  بن الأسفهي
12029,abu Ǧaʿfar Muḥammad b. Muḥammad b. al-Ḥasan,أبو جعفر محمد بن محمد ابن الحسن
12030,abi al-ʿbās Aẖmad b. Muḥammad b. ʿṯmān al-Azdī al-Mrākšī,أبي العباس أحمد بن محمد بن عثمان الأزدي المراكشي
12031,abi al-Ḥasan ʿAli b. ʿAbdāllah b. Muḥammad Hydwr al-Tādlī,أبي الحسن علي بن عبدالله بن محمد هيدور التادلي
12032,,أبي عبدالله محمد بن ابراهيم ابن الرقام الأوسي
12033,,أحمد بن محمد بن عبدالله علوان المودعي
12034,,محمد بيومي أفندي
12035, Muḥammad b. ʿAbd al-Majīd Aqṣabī,محمد بن عبدالمجيد أقصبي
12036,,شمس الدين اسمعيل الحنفي
12037,Muḥammad al-Mahdī b. ʾAbdilslām Matǧinwš al-Andalusī al-Ribāṭī,محمد المهدي بن عبدالسلام متجنوش الأندلسي الرباطي
12038,Mwsa b. Muḥammad,موسى بن محمد
12039,,لطف الله بن محمد الأرزن رومي
12040,,شهاب الدين أحمد بن المجدي
12041,ʿAbd al-Laṭīf b. Aḥmad b. Muḥammad b. ʿAli al-Dimašqi al-Katbi,عبداللطيف بن أحمد بن محمد بن علي الدمشقي الكتبي
12042,Abi ʿAbdāllah b. abi al-Qāsim ibn al-Qāḍi al-Miknāsi al-Fāsi,أبي عبدالله بن أبي القاسم ابن القاضي المكناسي الفاسي
12043,Abi Muḥammad ʿAbdāllah al-ʿAlwni,أبي محمد عبدالله العلوني
12044,Qisṭā b. Lwqā al-Baʿlbaki,قسطا بن لوقا البعلبكي
12045,,عبدالسلام الحسني العلمي الطبيب
12046,,أحمد بن عبدالله
12047,,محمد بن أحمد بن محمد ينيس
12048,Aḥmd b. Muḥammad b. Abi al-ʿāfī al-Miknāsī al-Zanātī,أحمد بن محمد ابن أبي العافية المكناسي الزناتي 
12049,,أبي الحسن علي بن محمد بن أبي القاسم بن إبراهيم بن علي بن محمد الدادسي
12050,ʿUmar b. ʿAbd al-Raḥman Abi al-Qāsim b. Zakariā al-Quršī,عمر بن عبدالرحمن أبي القاسم بن زكريا القرشي
12051,,من نظم عبد القادر بن عبد القادر الشبلي
12052,Abi ʿAbdāllah Muḥammad al-Moʿṭī b. Muḥammad Maryan al-Āndalosī al-Ribāṭī,أبي عبدالله محمد المعطي بن محمد مرين الأندلسي الرباطي
12053,,محمد بن عبدالزيز الأندلسي الأسفي
12054,Abī ʿAbdallãh Muḥammad al-Tiṭārī,أبي عبدالله محمد بن العربي  التطاري
12055,Abi  Zaid ʿAbd al-Raḥman Abi Ġālib al-Ǧādrī al-Madiwnī,أبي  زيد عبدالرحمن أبي غالب الجادري المديوني
12056,Abi Muḥammad b. ʿAbdāllah b. ʿAbd al-Qādir Abi Šaiẖ al-Laẖmī,أبي محمد بن عبدالله بن عبد القادر أبي شيخ اللخمي
12057,Abi al-Rabiʿ Solaymān b. Aḥmad al-Faštālī al-Fāsī,أبي الربيع سليمان بن أحمد الفشتالي الفاسي
12058,,حسن بن ابراهيم بن حسن الجبرتي الزيلعي الحنفي
12059,Abi ʿAbdāllah Muḥammad b. Aḥmad al-Ḥabāk al-Talmasānī,أبي عبدالله محمد بن أحمد الحباك التلمساني
12060,,علي بن محمد بن علي المقري المؤدب
12061,,صالج بن محمد المعطي المشرقي
12062,,سعيد بن محمد الماجري
12063,Abi Ḥafṣ ʿAmr b. Muḥammad b. Aḥmad b. Ġazim al-Tamīmī al-Twnisī,أبي حفص عمر بن محمد بن أحمد بن غزم التميمي التونسي
12064,,عمرو بن الشرقي بن عزوز الدكالي الغربي المصباحي المكناسي
12065,Abi al-Raiḥān Muḥammad b. Aḥmad al-Bairwnī,أبي الريحان محمد بن أحمد البيروني
12066,Abi al-ʿabās Aḥmad b. Humaidah al-Maṭrifī,أبي العباس أحمد بن حميده المطرفي
12067,Badir al-Dīn Muḥammad b. Sabṭ al-Mārdīnī,بدر الدين محمد بن محمد بن أحمد سبط عبدالله المارديني
12068,,محمد بن محمد أحمد بن عيسى الماواسي
12069,Ǧamāl al-Dīn ʿAbdallah b. H̱alīl al-Mārdīnī,جمال الدين عبدالله بن خليل المارديني
12070,,أبي الحسين عبدالرحمن بن عمر بن محمد الصوفي البزار الرازي
12071,ibn al-Šāṭ al-Maġribī,ابن الشاط المغربي
12072,Abi ʿAlī Ṣāliḥ b. abi Ṣāliḥ al-Maṣmwdī,أبي علي صالح بن أبي صالح المصمودي
12073,al-Tayib b. ʿAbdallah al-Salām b. Sāsī al-Samlālī,الطيب بن عبدالله ساسي السملالي الأسفي
12074,Abi ʿAbdāllah Muḥammad b. ʿAbd al-Raḥman b. ʿAbd al-Qādir al-Fāsī,أبي عبدالله محمد بن عبدالرحمن بن عبدالقادر الفاسي
12075,ʿAlī b. Ḥasan b. ʿAlī b. Khalaf al-Qīsī al-Mrākshī,علي بن حسن بن علي بن خلف القيسي المراكشي
12076,al-Qāʾid ʿAlī Ibrahīm al-ʾAndalusī,القائد علي ابرهيم الأندلسي
12077,,محمد بن أبي العباس أحمد الشرادي السملالي
12078,Abd al-Raḥman b. Muḥammad al-ʿarabī al-Mofriǧ al-ʾandalosī al-ʾanṣārī,عبدالرحمن بن محمد العربي المفرج الأندلسي الأنصاري
12079,,محمد بن الطيب بن المكي الأجباري الحسني
12080,,شرف الدين أبي زكرياء يحيى الرهاوي الحنفي
12081,,محمد بن الشيخ الحميدي
12082,,أحمد بن عبدالله المارديني
12083,,أبي عبدالله محمد النجام اللجاني
12084,Alī b. 'Ibrāhīm b. Muḥammad b. al-Shāt,علي بن ابراهيم بن محمد بن الشاط
12085,,عز الدين أبي الفضائل عبدالعزيز بن محمد الدفاعي الوفائي
12086,Muḥammad al-ʿarabī b. ʿAbd al-Raḥman Mofriǧ al-Šifšāwī,محمد العربي بن عبدالرحمن مفرج الشفشاوي
12087,,أبي عامر محمد بن علي النطاح
12088,abī al-Qāsim Aḥmad b. ʿAbdallah ibn ʿAmr ibn al-Ṣafār al-Ġāfqī al-Qorṭobī,أبي القاسم أحمد بن عبدالله ابن عمر ابن الصفار الغافقي القرطبي
12089,, عبدالله ابن خليل
12090,,أبي عبدالله محمد بن أحمد بن اسمعيل المقري
12091,,أحمد بن الحسن أبو حديد
12092,,محمد أحمد الأوفى
12093,Abī Zaid ʿAbd al-Raḥman b. abī Ġālib al-Taǧībī,أبي زيد عبدالرحمن بن أبي غالب التجيبي
12094,,أبي زيد عبدالرحمن بن محمد الصغير الأخضري
12095,,محمد بن علي الشبراملسي المالكي
12096,,عبدالعزيز بن أحمد بن مسلم الأخضري
12097,,تصنيف أبي عبدالله محمد بن يوسف السنوسي
12098,,موسى بن محمود الرومي
12099,,أبي الحسن علي بن محمد الحسيني 
12100,,أبي عبدالله محمد بن محمد الدليمي الورزازي
12101,,أبي اسحق ابراهيم بن يحيى النقاش 
12102,,العربي بن عبدالسلام الفاسي
12103,,أبي العباس أحمد بن محمد
12104,,محمد بن محمد المارديني
12105,,عبدالسلام بن أحمد ابن زاكور
12106,,محمد بن محمد بن ابراهيم العلمي
12107,,أبي عبدالله محمد بن أحمد المزى
12108,,محمد بن أحمد الأندلسي الصحري
12109,,عمر بن عبدالرحمن بن أبي القاسم بن زكريا القرشي المخزومي 
12110,,محمد بن أحمد الماوساوي
12111,,عبدالرحمن العقيلي
12112,,محمد بن الطيب بن عبدالقادر سكيرج الأندلسي
12113,,سحنون بن عثمان بن سليمان بن أحمد بن أبي البكر البدير
12114,,أبي القاسم ابن عزوز القسنطيني
12115,Abū al-Ḥassan 'Alī b. al-Ḥussayn b. al-Haytham al-Basari ,أبي الحسن علي بن الحسن ابن الهيثم البصري
12116,,جابر بن عبدالله الغياثي
12117,,محمد ين سليمان الروداني السوسي
12118,Šams al-Din Muḥammad b. al-Ašraf al-Hasanī al-Samarqandī,شمس الدين محمد بن الأشرف الحسني السمرقندي
12119,,محمود بن محمد بن عمر الجغميني
12120,,عبدالحق بن علي البطوي 
12121,ʿUmar b. ʿAbdāllah al-Fārisī,عمر بن عبدالله الفارسي
12122,Muḥammad b. 'Abd al-Laṭīf al-Filālī al-Wanjānī ,محمد بن عبداللطيف الفيلالي الونجاني
12123,Abū 'Alī al-Ḥassan b. 'Alī  al-Mājirī,أبي علي الحسن بن علي الماجري 
12124,Athīr al-Dīn Mufaḍḍal b. 'Umar al-'Abharī,أثير الدين مفضَّل بن عمر الأبهري 
12125,Burhān al-Dīn b. Kamāl al-Dīn b. Ḥamīd,برهان الدين بن كمال الدين بن حميد 
12126,ʿUmar b. ʿAbdāllah al-Fārisī,عمر بن عبدالله الفارسي
12127,Muḥammad b. Muḥammad al-Rāzī al-Būayhī,محمد بن محمد الرازي البويهي
12128,al-Shāriḥ Fakhir al-Dīn ʿAbdāllah b. Faḍil al-Khabiṣī,الشارح فخر الدين عبدالله بن فضل الخبيصي 
12129,Abū al-'Abbās Aḥmād b. Ya'qūb ,أبي العباس أحمد بن يعقوب 
12130,Ḥussayn b. Muṣṭafa al-Qarmānī,حسين بن مصطفى القرماني 
12131,Abū al-Qāsim 'Alī al-Samrqandī,أبي قاسم علي السمرقندي
12132,Sa'īd b. 'Ibrāhīm Qaddūrā al-Tūnīsī al-Jazā'irī,سعيد بن ابراهيم قَدورة التونسي الجزائري
12133,al-Ṭayīb b. 'Abd al-Majīd b. Kīrān,الطيب بن عبدالمجيد بن كيران 
12134,Muḥammad b. Ma'zūz al-Mustaghānī,محمد بن معزوز المستغاني 
12135,Faḍil al-Dīn Muḥammad al-Khūnajī,فضل الدين محمد الخُونجي
12136,Abdallah b. Ismā'īl al-Qayṣarī ,عبدالله بن اسماعيل القيصري
12137,Abū 'Abdāllah Muḥammad b. al-Ḥassan Banānī,أبو عبدالله محمد بن الحسن بناني
12138,Muḥammad b. 'Alī al-Ṣabān al-Shāfi'ī ,محمد بن علي الصبان الشافعي
12139,Amr b. Ramadān al-Jurabī,عمرو بن رمضان الجربي
12140,Muḥammad al-Dalji ,محمد الدلجي
12141,Muḥammad 'Ubādā al-'Adawī,محمد عبادة العدوي
12142,Alī b. 'Idrīs Qaṣṣāra al-Ḥamīrī,علي بن إدريس قصّارة الحميري
12143,Najm al-Dīn 'Umar al-Qazwīnī al-Kātibī,نجم الدين بن عمر القزويني الكاتبي 
12144,Muḥammad b. Manṣūr al-Shafshāwnī,محمد بن منصور الشفشاوني 
12145,Muḥammad b. al-Ḥassan 'Aqṣabī al-Fāsī,محمد بن الحسن أقصبي الفاسي 
12146,Abū 'Abdāllah Muḥammad b. Khalīfa al-Jazā'irī al-Rabī'ī,أبو عبدالله محمد بن خليفة الجزائري الربيعي
12147,Ibrāhīm b. Muḥammad al-Bukhārī al-'Abbāsī al-Ṭa'ī al-'Iskandarī,ابراهيم بن محمد البخاري العباسي الطائي الاسكندري
12148,Abū 'Alī al-Ḥassan b. Mas'ūd al-Sanūsī,أبو علي الحسن بن مسعود السنوسي
12149,Abū 'Abdāllah Muḥammad b. 'Aḥmad b. Marzūq al-Talmasānī,أبو عبدالله محمد بن أحمد بن مرزوق التملساني 
12150,Abū Yaḥya Zakariyā b. Muḥammad al-'Anṣārī,أبو يحيى زكريا بن محمد الأنصاري
12151, Muḥammad b. Ḥamza al-Fanārī,محمد بن حمزة الفناري 
12152,Alī al-Fardī b. Muṣtafa al-Qaīṣarī,علي الفردي بن مصطفى القيصري
12153,Muḥammad Malāḥinafī,محمد ملاحنفي
12154,Ḥassan b. Darwīsh al-Qūwīsīnī,حسن بن درويش القويسيني
12155,al-Ḥassan b. Yūsīf al-Zayyānī al-Fāsī ,الحسن بن يوسف  الزياني الفاسي 
12156,Ibrāhīm b. Muḥammad al-Tādlī al-Rabāṭī,ابراهيم بن محمد التادلي الرباطي
12157,Ṣafī al-Dīn 'Abd al-Mū'mīn b. 'Abd al-Ḥaq b. Shamā'il,صفي الدين عبد المؤمن بن عبد الحق ابن شمائل 
12158,Muḥammad b. al-Ḥassan al-Ḥāyik al-Taṭwānī al-'Andalūsī,محمد بن الحسن الحايك التطواني الأندلسي 
12159,Sūlaymān b. Muḥammad al-Ḥawāt al-'Elmī,سليمان بن محمد الحوات العلمي
12160,al-Ḥassan b. 'Abdāllah b. Muḥammad al-'Abbāsī,الحسن بن عبدالله بن محمد العباسي
12161,Abū 'Alī al-Ḥassan b. Muḥammad al-Mārūdī,أبي علي الحسن علي بن محمد المارودي
12162,Abū 'Abdāllah Muḥammad b. 'Abū Muḥammad al-Saqaṭī al-Māliqī,أبي عبدالله محمد بن أبي محمد السقطي المالقي
12163,Muḥammad b. 'Abū Bakir b. 'Alī al-Shaṭṭī,محمد بن أبي بكر بن علي الشطي
12164,Abū 'Abdāllah Muḥammad b. 'Alī b. al-'Azraq al-'Aṣbaḥī al-'Andalusī,أبي عبدالله محمد بن علي بن الأزرق الأصبحي الأندلسي 
12165,Abū Ḥāmid b. Muḥammad al-Ghazālī al-Ṭūsī,أبي حامد محمد بن محمد الغزالي الطوسي
12166,Abū al-'Abbās Aḥmād b. Sa'īd al-Majlīdī,أبي العباس أحمد بن سعيد المجيلدي
12167,Abū al-Ḥassan 'Alī al-Ghazālī al-Qādirī al-Shādhilī al-Muḥammadī,أبي الحسن علي الغزالي القادري الشاذلي المحمدي 
12168,Abū 'Abdāllah Muḥammad al-Yāzighī,أبي عبدالله محمد اليازغي
12169,Abd al-Qādir b. 'Alī b. Yūsif al-Fāsī,عبدالقادر بن علي بن يوسف الفاسي
12170,Muḥammad b. al-Ḥassan al-Ḥajawī al-Tha'ālbī,محمد بن الحسن الحجوي
12171,Abū al-Ḥassan 'Alī b. Yūsif b. al-Ḥakīm,أبي حسن علي بن يوسف بن الحكيم
12172, Yūsif b. 'Abū Ḥijjah,يوسف بن أبي حجة 
12173,Abū Bakir Muḥammad b. al-Walīd al-Fahrī al-Ṭarṭūshī,أبي بكر محمد بن الوليد الفهري الطرطوشي
12174,Abū al-Qāsim 'Abdāllah b. Yūsif,أبي القاسم عبدالله بن يوسف
12175,al-Mufaḍḍal b. 'Azzūz,المفضّل بن عزوز
12176,Umar b. Mūsā b. Muḥammad al-Rajrājī,عمر بن موسى بن محمد الرجراجي
12177,Muḥammad B. 'Abd al-Qādir al-Kardūdī,محمد بن عبدالقادر الكردودي
12178,Muḥammad B. 'Abdāllah ,محمد بن عبدالله 
12179,Aḥmad b. Muḥammad b. Ya'qūb al-Walālī,أحمد بن محمد بن يعقوب الولالي
12180,Abū al-Ḥassan 'Alī b. Hadhīl al-'Andalusī,أبي الحسن علي بن عبدالرحمن بن هذيل الأندلسي
12181,Abū al-Ḥassan Muḥammad b. al-Ḥussayn al-'Ahwāzī,أبي الحسن محمد بن الحسين الأهوازي 
12182,Shahāb al-Dīn 'Aḥmad b. Muḥammad b. 'Abū Rabī' ,شهاب الدين أحمد بن محمد بن أبي ربيع 
12183,Yaḥyā b. al-Baṭrīq,يحيى بن البطريق 
12184,Abū Ḥamū Mūsā b. Yūsif al-Zayyānī,أبي حمو موسى بن يوسف الزياني 
12185,Aḥmad B. 'Aḥmad al-Tamsamānī al-'Arā'shī,أحمد بن أحمد التمسماني العرائشي 
12186,al-Makkī b. Qaṣāba b. al-Nuẓm al-Ribaṭī,المكي بن قصابة بن النظم الرباطي
12187,Muḥammad al-Ghālī b. Muḥammad  al-Ḥassanī al-'Idrīsī al-Lajā'ī,محمد الغالي بن محمد الحسني الإدريسي اللجائي  
12188,ibrāhīm b. 'Aḥmad Ghānim al-'Andalusī,ابراهيم بن أحمد غانم الأندلسي 
12189,Jamāl al-Dīn Muḥammad b. 'Abd al-Raḥman al-Ḥabashī al-Yamanī,جمال الدين محمد بن عبدالرحمن الحبشي اليمني 
12190,Abū al-'Abbās 'Aḥmad b. Yūsif al-Tīfashī al-Qaysī,أبي العباس أحمد بن يوسف التيفاشي القيسي 
12191,Ala' al-Dīn b. 'Abd al-Bāqī al-Khaṭīb ,علاء الدين بن عبدالباقي الخطيب 
12192,Sharaf al-Dīn 'Ismāīl b. 'Abū Bakir al-Shāwrī al-Yamanī,شرف الدين اسماعيل بن أبي بكر الشاوري
12193,Muḥammad b. 'Ibrāhīm al-Sinjārī ,محمد بن إبراهيم السنجاري 
12194,Muḥammad B. 'Abd al-Laṭīf al-Ṭaḥlāwī,محمد عبد اللطيف الطحلاوي 
12195,Abū al-ṭibb ṣāliḥ Sharīf al-Randī,أبي الطب صالح بن شريف الرندي 
12196,Iṣām b. 'Abū al-Khayr 'Aḥmad b. Muṣliḥ al-Dīn Muṣtafā,عصام الدين أبي الخير أحمد بن مصلح الدين مصطفى
12197,Abū Zaīd 'Abd al-Raḥman b. Khaldūn,أبي زيد عبدالرحمن ابن خلدون 
12198,Abū al-Qāsim b. Muḥammad b. 'Abd al-Jabbār al-Fajījī al-Barzūzī,أبي القاسم بن محمد بن عبدالجبار الفجيجي البرزوزي 
12199,Abū Bakir b. Muḥammad al-Qalalūsī,أبي بكر بن محمد القللوسي
12200,Aḥmad b. 'Abū Jum'a al-Maghrāwī al-Wahrānī ,أحمد بن أبي جمعة المغراوي الوهراني 
12201,Muḥammad b. al-ḤāJ AL-Kabīr ,محمد بن الحاج الكبير 
12202,Abū al-Ḥassan 'Alī al-Khalīlī,أبي الحسن علي الخليلي 
12203,Muḥammad b. al-Ṭāhir al-'Idrīsī al-Shabīhī,محمد بن الطاهر الإدريسي الشبيهي
12204,Abd al-Hādī Najā al-'Ibārī,عبدالهادي نجا الإبياري 
12205, Muḥammad b. 'Abū al-Ḥassanī al-'Armīyūnī ,محمد بن أبي الخير الحسني الأرميوني 
12206,Abd al-Qādir b.al-'Arabī al-Qārirī,عبد القادر بن العربي القادري 
12207,Dāwūd b. 'Umar al-'Anṭākī,داود بن عمر الأنطاكي 
12208,Alī b. Muḥammad al-Qalṣāṣīal-Basaṭī,علي بن محمد القلصاصي البسطي 
12209,Aḥmad b. Salmān al-Rasmūkī,أحمد بن سلمان الرسموكي 
12210,Abū 'Abdallāh Muḥammad b.al-Ṣabbāgh al-'Aqīlī,أبي عبدالله محمد بن أحمد بن الصباغ العقيلي 
12211,Abū 'Abdallāh Muḥammad b. 'Alī al-Baṭū'ī,أبي عبدالله محمد بن علي البطوئي 
12212,Abū 'Abdallāh Muḥammad 'Imrīt al-Sūsī,علي بن محمد امريت السوسي
12213,Aḥmad b. Muḥammad al-Murshadī,أحمد بن محمد المرشدي 
12214,Ḥussayn b.  Muḥammad ,حسن بن محمد 
12215,Abd al-Rāzzaq b. Muḥammad b. Ḥamādūsh,عبدالرزاق بن محمد بن حمادوش 
12216,Muḥammad b. Muḥammad Sabaṭ 'Abdallāh al-Mārdīnī,محمد بن محمد سبط عبدالله المارديني 
12217, ''Umar b. Abd al-Raḥman al-Qurashī al-Makhzūmī al-Tūzarī,عمر بن عبدالرحمن القرشي المخزومي التوزري 
12218,Abū Zayd 'Abd al-Raḥman b. 'Abū Ghālib al-Tajībī al-Jādirī,أبو زيد عبدالرحمن بن أبي غالب التجيبي الجادري 
12219,Muḥammad b. 'Aḥmad b. Muḥammad al-Māsāwī,محمد بن أحمد بن محمد الماساوي 
12220,Ṣalaḥ al-Dīn Ibn Ṣalaḥ al-Ḥalabī,صلاح الدين ابن الصلاح الحلبي
12221,Abd al-Khaleq al-Miṣri,عبد الله الخالق المصري
12222,Aid Moraban 'Alī al-Jildakī 'Izz al-Dīn,أيدمر بن علي الجلدكي
12223,Abī Madīan Muḥammad b. Muḥammad al-Manbahī,أبي مدين محمد بن محمد المنبهي
12224,Abī Musa Jabir b. Ḥaīan al-Kūfī,أبي موسى جابر بن حيان الكوفي
12225,Isma'il al-Tūnīsī,اسمعيل التونسي
12226,Moraban 'Alī al-Jildakī,مربن علي الجلدكي
12227,ʿAlī Jalabī,علي جلبي
12228,ʾAḥmad b. Muḥammad al-Ghumarī,أحمد بن محمد الغمري
12229,ʾAbī al-Ḥasan ʿAlī b. Mūsa al-ʾAnsarī al-Jiyanī,أبي الحسن علي بن موسى الأنصاري الجياني
12230,ʾAbī Ismaʿīl al-Ḥusayn b. al-ʾAṣbahanī al-Taghra'ī,أبي اسمعيل الحسين بن الأصبهاني الطغرائي
12231,Abū al-Qāsim 'Aḥmad b. Muḥammad al-Ghūl al-Fashtālī,أبي القاسم أحمد بن محمد الغول الفشتالي 
12232,Abū al-Qāsim b. Muḥammad b. 'Ibrāhīm al-Ghassānī,أبي القاسم بن محمد بن ابراهيم الغساني 
12233,Muḥammad al-Mahdī b. 'Ibrāhīm al-Ṣanbarī,محمد المهدي بن ابراهيم الصنبري 
12234,Muḥammad b. Muḥammad Zayn al-'Ābdīn al-'Umarī,محمد بن محمد زين العابدين العمري 
12235,Abū Ja'far 'Aḥmad b. 'Ibrāhīm al-Jazānī,أبي جعفر أحمد بن ابراهيم الجزاني 
12236,Muḥammad b. 'Aḥmad al-Ḥāj,محمد بن أحمد الحاج 
12237,Yūsif b. 'Isḥaq b. Baklārsh ,يوسف بن اسحق بن بكلارش 
12238,Muḥammad b. 'Abd al-Qādir b. al-'Arabī al-Qādīrī,محمد بن عبدالقادر بن العربي القادري 
12239,Alī b. Ibrahim al-Ḥīḥī,علي بن ابراهيم الحيحي
12240,Abī al-'Abbas al-Shaṭawī,أبي العباس الشطوي
12241,ʾAbī al-Qasim Muslima b. ʾAḥmad al-Majrīṭī,أبي القاسم مسلمة بن أحمد المجريطي
12242,ʾAbū al-Qasim ʾAṣbagh b. Muḥammad b. al-Samḥ,أبو القاسم أصبغ ابن محمد بن السمح
12243,ʾAbī 'Abdallāh Muḥammad b. ʾAmīl al-Tamīmī,أبي عبد الله محمد بن أميل التميمي
12244,ʿAlī b. Mas'ūd b. 'Asad al-Khaīer al-Rastaqī,علي بن مسعود بن أسد الخاير الرستاقي
12245,Fakhr al-Dawla Abī Shakir Yʿaqūb b. Yaḥīa al-Anṣarī,فخر الدولة أبي شاكر يعقوب بن يحيى الأنصاري
12246,ʿAbd al-Salam ʿAlī al-Rajrajī,عبد السلام بن علي الرجراجي
12247,ʾAbī ʿAbdallāh Muḥammad b. al-Ḥajj al-Sharīf al-Ḥasanī al-Qarashī,أبي عبد الله محمد بن الحاج الشريف الحسني القرشي
12248,Khalid b. Yazīd b. Muʿawīa al-ʾAmawī,خالد بن يزيد بن معاوية الأموي
12249,Thuban Ibrahīm al-ʾAkhmīmī,ثوبان ابراهيم الأخميمي
12250,Muḥammad b. ʿAlī al-Khadīwī al-Ṭarablusī,محمد بن علي الخديوي الطرابلسي
12251,ʾAbī al-Qasim al-Sīmawī al-ʿIraqī,أبي القاسم محمد بن أحمد السيماوي العراقي
12252,Shakir b. Mūsa ,شاكر بن موسى 
12253,ʾAbī Bakr Muḥammad b. ʿAlī Ibn Waḥshiyya,أبي بكر محمد بن علي ابن وحشية
12254,Zarqanush,زرقانوش
12255,Muḥqmmad b. manṣūr b. ʿli ʾĀl ḥasan ʾAl ḥanafī, محمد بن منصور بن علي الحسن الحنفي
12256,Muḥiyy al din Muḥammad b. ʿrabi Āl hatimi Āl taʾiyy, محيي الدين محمد بن عربي الحاتمي الطائي
12257,ʾli Shalabi, علي شلبي
12258,Abi ʾAbd Allah Muḥammad b. Farghous,أبي عبد الله محمد بن فرغوس
12259,Abi Al  ʾAbas Aḥmad b. Aḥmad b. Aḥmad Razouq Al Barnoussi,أبي العباس أحمد بن أحمد بن أحمد رزوق البرنوسي
12260,Muḥammad b. Al Kasir b. Ibrahim b. Naṣr,محمد بن الكسير بن ابراهيم بن نصر 
12261,Abd Al Majid Al Misri,عبد المجيد المصري
12262,Abi Zayd 'Abd Al Rahman b. Khaldoun Al ḥadrami,أبي زيد عبد الرحمن ابن خلدون الحضرمي
12263,Salam b. 'Abd Al Salam Al Oumaoui,سلام بن عبد السلام الاموي
12264,Abd Al Karim Muḥammad b. suleyman,عبد الكريم بن محمد ابن سليمان 
12265,Al Meknasi,المكناسي
12266,Moḥmed Bin 'abd Ālsalām Ālfāsī,محمد بن عبد السلام الفاسي
12267,Āḥmed bin 'abd Āl'azīz Ābn 'āsh,احمد بن عبد العزيز ابن عاش
12268,Shams al-Dīn Muḥammad b. Muḥammad abn al-Jzrī al-Shāfaʿī,شمس الدين محمد بن محمد ابن الجزري الشافعي
12269,Yaḥīa b. Sʿaīd al-Samlālī al-Karāmī,يحيى بن سعيد السملالي الكرامي
12270, abī al-Husn ʿAlī b. Muḥammad al-Rebāṭī ,أبي الحسن علي بن محمد الرباطي 
12271, al-Hasan b. Iūsuf al-Zīātī,الحسن بن يوسف الزياتي
12272, Muḥammad b. Muḥammad al-Hāj al-Telmesānī,محمد بن محمد الحاج التلمساني
12273, ʿAbd al-Raḥman b. Adrīs al-Husnī,عبد الرحمن بن ادريس الحسني
12274, abī ʿAbd Allah Muḥammad b. ʿAlī b. ʿAbd al-ḥaq al-ānṣārī,أبي عبد الله محمد بن علي بن عبد الحق الانصاري
12275, Luṭf Allah b. Muḥammad al-ẓafīrī,لطف الله بن محمد الظفيري
12276, Abī ʿAmrū b. al-ʿAlāʾa ,ابي عمرو بن العلاء 
12277, abī ʿAmrū al-Dānī,أبي عمرو الداني
12278, ʿAbd al-Ghanī al-Labīb,عبد الغني اللبيب
12279, abī ʿAbd Allah Aḥmad b. Muḥammad al-Jerzī,أبي عبد الله احمد بن محمد الجرزي
12280, abī Qāsem b. Darī al-Maknāsī,أبي قاسم بن دري المكناسي
12281, ِAdrīs b. Muḥammad al-Hasanī,ادريس بن محمد الحسني
12282, abī al-ʿAbās Aḥmad b. Mubārak al-Sajlamāsī,أبي العباس أحمد بن مبارك السجلماسي
12283,  abū ʿAbd-Allah Muḥammad b. Jamāʿẗ al-Maghrāwy al-Telmsānī,أبو عبد الله محمد بن جماعة المغراوي التلمساني
12284, al-ḥusn b. Muḥammad Būzīd al-Khazānī al-Khamsī,الحسن بن محمد بوزيد الخزاني الخمسي
12285, abī Zīd ʿAbd al-Raḥman al-Tanmīlī al-Qaṣarī al-Shaīr Bālfaramī,أبي زيد عبد الرحمن التنميلي القصري الشهير بالفرمي
12286, Muḥammad b. Ghāzī al-Sūsī,محمد بن غازي السوسي
12287, Isḥaq Ibrāhīm b. ʿUmar al-Jʿaīrī,إسحق إبراهيم بن عمر الجعيري
12288, ḥamad al-Rāḍī b. ʿAbd al-Raḥman al-Sūsī,حمد الراضي بن عبد الرحمن السوسي
12289, abī ʿAbd-Allah Muḥammad b. abī Jamʿaẗ al-Habaṭī al-Sūmātī,ابي عبد الله محمد بن أبي جمعة الهبطي الصوماتي
12290, Muḥammad b. Tūment al-ʿAbādī al-Telemsānī,محمد بن تومنت العبادي التلمساني
12291, Muḥammad b. ʿAmār al-Hawārī,محمد بن عمار الهواري
12292, Masʿūd b. Muḥammad b. Jumūʿ al-Fāsī,مسعود بن محمد بن جموع الفاسي
12293, Muḥammad al-Hawārī,محمد الهواري
12294, Idrīs b. ʿabd-Allah al-Badrāwy al-ūdghīrī al-Bakrāwy,إدريس بن عبد الله البدراوي الودغيري البكراوي
12295,Ābī Āl'abās Āḥmed Bin 'alī Bin Sh'aīb,أبي العباس أحمد بن علي بن شعيب
12296,   'Abd-Allāh b. ʿUmar b. Aḥbṭā al-Ṣanhājī,عبد الله بن عمر بن آحبطا الصنهاجي
12297, abū al-Qāsm ʿAlī b. ʿUthmān abn al-Qāṣeḥ al-ʿUdhrī ,ابو القاسم علي بن عثمان ابن القاصح العذري 
12298, abī Jʿafr b. īūsf al-Rʿaīnī al-Gharṭānī ,أبي جعفر بن يوسف الرعيني الغرطاني 
12299, Muḥammad b. Shʿabān al-Hawārī ,محمد بن شعبان الهواري 
12300, Mīmūn b. Msāʿad al-Maṣmūdī,ميمون بن مساعد المصمودي
12301, abn al-ʿAīāshī al-Sanhājī,ابن العياشي الصنهاجي
12302, Muḥammad Aḥmad Hamād ,محمد أحمد حماد 
12303, abī al-Husn Tāhr b. al-Mnʿam b. ghalbūn al-Halabī ,أبي الحسن طاهر بن المنعم بن غلبون الحلبي 
12304, Muḥammad b. ʿAbd al-Salām al-Fāsī ,محمد بن عبد السلام الفاسي 
12305, ʿUmar b. ʿAbd-Allah ,عمر بن عبد الله 
12306, Muḥammad b. Muḥammad b. Aḥmad al-Raḥāmtī,محمد بن محمد بن أحمد الرحامتي
12307, abī Qāsm b. ʿAlī Drāūẗ al-Shāwy,أبي قاسم بن علي دراوة الشاوي
12308, al-Ḥasīn b. ʿAlī b. Talḥaẗ al-Rajrājī al-Shūshāwy ,الحسين بن علي بن طلحة الرجراجي الشوشاوي 
12309, Aḥmad abn al-Khīāṭ al-Husnī ,أحمد ابن الخياط الحسني 
12310, abī Dāūd Sulīmān b. Najāḥ Alʾamwy,أبي داود سليمان بن نجاح اللأموي 
12311, Ibrāhīm b. Muḥammad al-Khalūfī al-Husnī ,إبراهيم بن محمد الخلوفي الحسني 
12312, al-ḥsn b. Muḥammad Kanīr,الحسن بن محمد كنير
12313, abn Kathīr lādrīs b. Aḥmad al-Sherīf,ابن كثير لادريس بن أحمد الشريف
12314, Idrīs b. Muḥammad al-Husnī al-Munjra,إدريس بن محمد الحسني المنجرة
12315, Muḥammad b. ʿAbd al-Raḥman al-lʾAzrawālī,محمد بن عبد الرحمن اللأزروالي
12316,,علاء الدين علي بن محمد البغدادي الصوفي
12317,,أبي إسحق أحمد بن محمد الثعلبي النيسابوري 
12318,Jalāl al-Dīn Muḥammad b. 'Aḥmad al-Muḥalā,جلال الدين محمد بن أحمد المحلى
12319,Abd al-Raḥman b. Muḥammad b. Ma'lūf al-Tha'ālibī,عبدالرحمن بن محمد بن مخلوف الثعالبي 
12320,Abū a-Qāsim Muḥammad b. 'Aḥmad b. Juzay al-Kalabī al-Ghirnāṭī,أبي القاسم محمد بن أحمد بن جزي الكلبي الغرناطي 
12321,Nāṣir al-Dīn 'Abū Sa'īd 'Abdallāh b. 'Umar al-Bayḍāwī al-Shīrāzī,ناصر الدين أبي سعيد عبدالله بن عمر البيضاوي الشيرازي
12322,Muḥammad b. 'Abū Bakir b. 'Abd al-Qādir al-Rāzī,محمد بن أبي بكر بن عبدالقادر الرازي 
12322,Aḥmad b. Muḥammad b.'Ajība,أحمد بن محمد ابن عجيبة 
12323,,جلال الدين بن عبدالرحمن بن أبي بكر السيوطي
12324,,جار الله محمود بن عمر الزّمخشري
12325,Abū al-Su'ūd Muḥammad b. Muḥammad al-'Amārī,أبي السعود محمد بن محمد العماري 
12326,Aḥmad b. Muḥammad b. Manṣūr al-Ḥidha'ī al-Mālikī al-'Iskandarī,أحمد بن محمد بن منصور الحذائي المالكي الاسكندري 
12327,Aḥmad b. Muḥammad b. 'Ajība al-Ḥassanī,أحمد بن محمد بن عجيبة الحسني 
12328,Abū al-Fidā' Isma'īl b. 'Umar b. Kathīr al-Qurashī,أبي الفداء اسمعيل بن عمر بن كثير القرشي 
12329,Sulaymānī b. 'Umar b. Manṣūr al-Jamal,سليمان بن عمر بن منصور الجمل
12330,Abd al-Raḥman b. Muḥammad al-Fāsī al-Qaṣrī,عبدالرحمن بن محمد الفاسي القصري 
12331,,أحمد بن يوسف السمين الحلبي
12332,,عبدالكريم بن ابرهيم بن أحمد الجيلي الكلالي الكيلاني الصوفي
12333,,أحمد بن يوسف الكواشي الموصلى
12334,,عطية من عطية الأجهوري الشافعي
12335,Abū 'Abd al-Raḥman Muḥammad b. al-Ḥussayn b. Mūsā al-Salmī al-Nīsāwī,أبي عبدالرحمن محمد بن الحسين بن موسى السلمي النيسابوري 
12336,Abū Bakir Muḥammad b. 'Abdallāh b. al'Arabī al-Ma'afirī,أبي بكر محمد بن عبدالله ابن العربي المعافري 
12337,Ibn al-Munīr al-Mālikī,ابن منير المالكي
12338,Abū Ḥayyān Muḥammad b. Yūsif b. Ḥayyān al-'Andalusī al-Jayānī,أبي حيان محمد بن يوسف ابن حيان الأندلسي الجياني
12339,Muḥammad b. 'Aḥmad al-Ghassānī al-'Andalusī,محمد بن أحمد الغساني الأندلسي 
12340,Zayn al-Dīn 'Alī b. 'Aḥmad al-'Amawī al-Ḥanbalī,زين الدين علي بن أحمد الأموي الحنبلي 
12341,Muḥammad al-Baṣir al-'Iskandarī al-Mālikī,fمحمد البصير الإسكندري المالكي 
12342,Umar b. Muḥammad al-Sukūnī al-'Ishbīlī,عمر بن محمد السكوني الاشبيلي 
12343,Ḥamdūn b. al-ḤāJ al-Salamī al-Mirdāsī,حمدون بن الحاج السّلمي المرداسي
12344,Alī b. Muḥammad al-'Ajhūrī al-Mālikī,علي بن محمد الأجهوري المالكي 
12345,Abū al-Layth Naṣir b. Muḥammad al-Samarqandī,أبي الليث نصر بن محمد السمرقندي 
12346,Muḥammad b. Yūsif al-Sanūsī,محمد بن يوسف السنوسي 
12347,Muḥammad b. 'Abd al-Raḥman b. Zikrā,محمد بن عبدالرحمن بن زكرى
12348,Abd al-Raḥman b. 'Abdallāh al-Khathma'ī al-Suhaylī al-Marākishī,عبدالرحمن بن عبدالله الخثمعي السهيلي المراكشي 
12349,Ṣāliḥ b. Muḥammad b. 'Abū Bakir al-'Uḍwī al-Darāwī al-Tawātī,صالح بن محمد بن أبي بكر العضوي الدراوي التواتي 
12350,Abū al-Baqā' Muḥammad b. 'Aḥmad al-Qurashī,أبي البقاء محمد بن أحمد القرشي 
12351,,السلطان مولاي سليمان الحسني العلوي 
12352,Aḥmad b. Muḥammad al-Basīlī,أحمد بن محمد البسيلي 
12353,Abū Abdallāh Muḥammad b. 'Aḥmad al-'Anṣārī al-Khazrajī al-Qubṭī ,أبي عبدالله محمد بن أحمد الأنصاري الخزرجي القبطي 
12354,Abū Ja'far Muḥammad b. Jarīr al-Ṭabrī,أبي جعفر محمد بن جرير الطبري
12355,Sa'dī Jalabī 'Afandī,سعدي جلبي أفندي 
12356,al-Qāḍī Zāda,القاضي زادة
12357,Abū al-Faḍil al-Qurashī al-Ṣadīqī al-Kāzrūnī al-Khaṭīb ,أبي الفضل القرشي الصديقي الكازروني الخطيب 
12358,Shihāb al-Dīn 'Aḥmad b. Muḥammad al-Ṣāwī al-Khalūtī al-Mālikī,شهاب الدين أحمد بن محمد الصاوي الخلوتي المالكي
12359,Ismā'īl b. 'Umar b. Wafā' al-Shanwānī,اسماعيل بن عمر بن وفاء الشنواني
12360,Alī b. 'Aḥmad b. Muḥammad al-'Waḥidī al-Nīsābūrī,علي بن أحمد بن محمد الواحدي النيسابوري 
12361,,ميمون بن أبي بكر بن ميمون الحسني 
12362,,محمد بن علي الصبان المصري
12363,,محمد الأمكرماني الرّومي
12364,,محمد المدني بن علي بن جلون الكومي
12365,,أحمد بن عمر بن هلال المالكي
12366,,أبي يحيى زكرياء بن محمد الأنصاري الشافعي
12367,,عبدالله بن دستان مصطفى
12368,,عبدالله بن محمد بن عثمان بن فودي الهوصي الفلاني
12369,Abū al-Qāsim b. 'Abū Ḥassan al-Khath'amī al-Suhaylī,أبي القاسم عبدالرحمن بن أبي الحسن الخثعمي السهيلي 
12370,Abū 'Abdallāh Muḥammad b. 'Abū al-Faḍil Qāsim al-Raṣa',أبي عبدالله محمد بن أبي الفضل قاسم الرصاع 
12371,Abū 'Abdallāh Muḥammad b. Khalaf al-Qādī 'Ashī,أبي عبدالله محمد بن خلف الوادي آشي
12372,Izz al-Dīn Muḥammad b. Bakir b. 'Abd al-'Azīz b. Jamā'a,عز الدين محمد بن بكر بن عبدالعزيز ابن جماعة 
12373,Abū 'Abdallāh Muḥammad b. 'Alī al-Shuṭaybī al-Burjī,أبي عبدالله محمد بن علي الشطيبي البرجي 
12374,Abū 'Isḥaq 'Ibrāhīm b. Muḥammad al-Ṣafāqusī,أبي اسحق إبراهيم بن محمد الصفاقسي 
12375,Muḥammad b. 'Alī b. 'Aḥmad al-'Awsī al-Balansī,محمد بن علي بن أحمد الأوسي البلنسي 
12376,Abū Bakir Muḥammad b. 'Azīz al-Sajsatānī,أبي بكر محمد بن عزيز السجستاني 
12377,Mūsā b. Muḥammad al-Qalībī al-'Umarī,موسى بن محمد القليبي العمري 
12378,Abū al-Qāsim al-Ḥassan b. Muḥammad b. Ḥabīb al-Nīsābūrī,أبي القاسم الحسن بن محمد بن حبيب النيسابوري 
12379,Muḥammad b. 'Aḥmad al-Hawārī al-Ḍarīr,محمد بن أحمد الهواري الضرير
12380,Alī b. Muḥammad b. 'Abd al-Ṣamaḍ al-Sakhāwī,علي بن محمد بن عبدالصمد السخاوي 
12381,Abū Muḥammad b. Muḥammad al-Ghazālī al-Ṭūsī ,أبي حامد محمد بن محمد الغزالي الطوسي 
12382,Abū Muḥammad Burhān al-Dīn 'Ibrāhīm b. 'Umar al-Ja'barī,أبي محمد برهان الدين إبراهيم بن عمر الجعبري 
12383,Taqī al-Dīn b. 'Abd al-Kāfī al-Sabakī,تقي الدين علي بن عبدالكافي السبكي 
12384,Abd al-Karīm b. 'Alī al-Yāzighī ,عبدالكريم بن علي اليازغي 
12385,Aḥmad b. 'Uthmān al-Dhahabī,أحمد بن عثمان الذهبي 
12386,al-Mukhtār b. 'Abū Bakir al-Kintī,المختار بن أحمد بن أبي بكر الكنتي 
12387,Aḥmad b. 'Alī al-Manjūr ,أحمد بن علي المنجور 
12388,Abī ʿUmar Jamāl al-Dīn Yūsif b. 'Abdallāh b. ʿUmar b. 'Abd Al-Bir Al-Qurṭubī Al-Andalusī,ابي عمر جمال الدين يوسف بن عبدالله بن عمر بن عبد البر القرطبي الاندلسي
12389,Shihāb Al-dīn 'Aḥmad b. 'Ali b. Muḥammad b. ḥajir Al-'Asqalānī,شهاب الدين أحمد بن علي بن محمد بن حجر العسقلاني
12390,Abd al-Raḥman b. Yūsif b. 'Aḥmad b. 'Alī al-Qurashī,عبد الرحمن بن يوسف بن أحمد بن علي القرشي 
12391,Muḥammad b. Qāsim b. Muḥammad b. 'Abd Al-Wāḥid b. Zākūr Al-Fāsī,محمد بن قاسم بن محمد بن عبد الواحد بن زاكور الفاسي
12392,Mas'ūd b. Muḥammad Jamū',مسعود بن محمد جموع 
12393,Abū al--Qāsim al-Ḥussaynī Muḥammad al-Faḍil,أبي القاسم الحسين بن محمد الفضل
12394,Abū al-Qāsim Hibatullāh b. Salāma b. Naṣr al-Ḍarīr al-Baghdādī,أبي القاسم هبة الله بن سلامة بن نصر الضرير البغدادي 
12395,Alī b. 'Aḥmad b. Ṭughrīl al-Masrī,علي بن أحمد بن طغريل المصري 
12396,Burhān al-Dīn 'Abū Ibrāhīm b. 'Umar al-Baqā'ī,برهان الدين أبي ابراهيم بن عمر البقاعي 
12397,Aḥmad b. Mūsā al-Bīlī al-'Adawī al-Mālikī,أحمد بن موسى البيلي العدوي المالكي 
12398,Abū al-Faḍil 'Ayaḍ b. Mūsā al-Yaḥbaṣī al-Sabtī,أبي الفضل عياض بن موسى اليحصبي السبتي 
12399,Muḥammad b. 'Alī al-Warzāzī,محمد بن علي الورزازي 
12400,Abū Bakir Muḥammad b. Durīd al-'Azadī,أبي بكر محمد بن دريد الأزدي 
12401,Abd Al-Raḥmān b. 'Idrīs Al-Manjarah,عبد الرحمان بن ادريس المنجرة
12402,Muḥammad Al-ṭālib b. ḥamdūn b. 'Abd Al-Raḥmān b. Al-ḥāj Al-Salmī,محمد الطالب بن حمدون بن عبد الرحمن بن الحاج السلمي
12403,Abī 'l-'Abbās 'Aḥmad b. Muḥammad b. 'Aḥmad Al-Maqrī Al-Talmisānī,ابي العباس احمد بن محمد بن احمد المقري التلمساني 
12404,Abī Abdallāh Muḥammad b. 'Abd Al-Salām Al-SāIḥ Al-Ribāṭī,ابي عبد الله محمد بن عبد السلام السايح الرباطي
12405,Abī Bakr b. Al-ṣabīḥī Al-Silāwiy,ابي بكر بن الصبيحي السلاوي 
12406,Aḥmad b. Muḥammad b. 'Ajībā Al-Ḥusnī,احمد بن محمد بن عجيبة الحسني 
12407,Abu Zayd ʿAbd al-Raḥman b.ʿAbd al-Qādir Al-Fāsī ,ابي زيد عبد الرحمن بن عبد القادر الفاسي 
12408,Ábū al-Qāsim b. Aḥmad al-Zayyānī,ابي القاسم بن احمد الزياني
12409,Abd Al-Raḥmān b. Īsa Al-Jīlālī Al-Mizīātī,عبد الرحمن بن عيسى الجيلالي المزياتي
12410,Ábū 'l-Faḍl al-Tuhāmī b. 'Abdāllah b. Al-Sharīf b. ʿUthmān al-ʿAlwī Al-al-Ḥusnī,ابي الفضل التهامي بن عبدالله بن الشريف بن عثمان العلوي الحسني
12411,Aḥmad b. Muḥammad b.  al-Ḥusīn Al-Kalabāthi,احمد بن محمد بن الحسين الكلاباذي 
12412,Muḥammad b. Muḥammad b. 'Abdāllah Al-Makūdī 'l-Tāzī,محمد بن محمد بن عبدالله المكودي التازي
12413,ʿAbd al-Salām b. ʿAbd al-Qāder b. Sūda,عبد السلام بن عبد القادر بن سودة 
12414,Abu Zayd ʿAbd al-Raḥman b.ʿAbd al-Qādir b. 'Alī Al-Fāsī Al-Fahrī,ابي زيد عبد الرحمن بن عبد القادر بن علي الفاسي الفهري
12415,Muhammad B. Muhammad B. 'Alī Al-sīlāwī,محمد بن محمد بن علي السلاوي
12416,Abd 'l-Raḥmān b. Zeidān al-Ḥusnī,عبد الرحمن بن زيدان الحسني
12417,Ábū 'Abdāllah Muḥammad b. Muḥammad b. 'Abd 'l-Raḥmān,ابي عبدالله محمد بن محمد بن عبد الرحمن 
12418,Sulīmān b. Yūsif b. Muḥammad b. Muḥammad b. al-Drʿaī,سليمان بن يوسف بن محمد بن محمد بن الدرعي 
12419,Muḥammad b. 'Abdāllah Al-Amīn b. 'Abdāllah Al-ḥajājī Al-Al-J'afarī,محمد الامين بن عبدالله الحجاجي  الجعفري الحسني
12420,Ábū 'Abdāllah Muḥammad b. al-Qāsim b. Muḥammad b. Muḥammad b. Aḥmad b. 'Abd Al-Malik Al-'Ansārī Al-Sabtī,ابي عبدالله محمد بن القاسم بن محمد بن محمد بن احمد ابن عبد الملك الانصاري السبتي   
12421,Muḥammad b. Ḥārit̲ b. Asad Al-Khashnī al-Qiyyrūnī al-'Andalusī,محمد بن حارث بن اسد الخشني القيرواني الأندلسي
12422,Ábū 'Abdāllah Muḥammad b. 'Abd- Al- Wahāb b. ʿUthmān  al-Miknāsī,ابي عبدالله محمد بن عبد الوهاب بن عثمان المكناسي
12423,Ábū 'Abdāllah Muḥammad b. Abdāllah b. Tījlāt al-Tādlī al-Mrākšī,أبي عبدالله محمد بن عبدالله بن تيجلات التادلي المراكشي 
12424,Ábū Ḥafṣ Umar b. 'Abdāllah Al-Fāsī Al-Fahrī,ابي حفص عمر بن عبدالله الفاسي الفهري  
12425, Lisān 'l-Dīn b. al-Khaṭīb al-Sulaymānī,لسان الدين بن الخطيب السليماني 
12426,Muḥammad b.'Alī Al-Dakālī Al-sīlāwī,محمد بن علي الدكالي السلاوي 
12427,ʾAbī ʿAbdallah Muḥammad b. ʾAbī Muḥammad ʿAbdallah b. ʾAbī Bakr al-Qaḍaʿī b. al-ʾAbar al-Belīnsī ,أبي عبد الله محمد بن أبي محمد عبد الله بن أبي بكر القضاعي بن الأبار البلنسي
12428,ʾAbī al-Maʿalī ʿAlaa al-Dīn Muḥammad b. ʿAbd al-Baqī al-Bokharī al-Makī,أبي المعالي علاء الدين محمد بن عبد الباقي البخاري المكي
12429,Aḥmad b. al-Hasan b. Yūsuf b. Muḥammad b. Yaḥīa b. ʿArdun,أحمد بن الحسن بن يوسف بن محمد بن يحيى بن عرضون
12430,ʿAbd al-Qader b. Aḥmad al-Taslītī,عبد القادر بن أحمد التسليتي
12431,ʿAlī b. Īsa b. ʿAlī al-Sḥerīf al-ʿAlmī ,علي بن عيسى بن علي الشريف العلمي
12432,Abī Al-'Abbās 'Aḥmad b. 'Abdallāh b. Muḥammad b. Abī Maḥalī Al-Sajlamāsī,أبي العباس احمد بن عبد الله بن محمد ابن أبي محلي السجلماسي 
12433,Hāshim b. al-Ghalī al-ʿAlwī,هاشم بن الغالي العلوي
12434, Ibrāḥīm b. ʿAbdallah al-Shawī,إبراهيم بن عبد الله الشاوي
12435,ʿArabī b. ʿAbd al-Salam al-Bararī,عربي بن عبد السلام البراري
12436,Muḥammad b. Aḥmad b. Muḥammad b. al-Waseʾ al-Morbatī al-Boʾqīlī,محمد بن أحمد بن محمد بن الواسع المرابطي البوعقيلي
12437,ʾAbī ʿAbdallaḥ Muḥammad,أبي عبد الله محمد 
12438,ʾAbī ʿAbdallaḥ Muḥammad b. Ibrāhīm al-Aṣuwlī,أبي عبد الله محمد بن إبراهيم الأصولي
12439,ʿAbd al-ʿAzīz b. Muḥammad b. Muḥammad b. Qasīm Gasus,عبد العزيز بن محمد بن محمد بن قاسم جسوس
12440,Abū `īssā Muḥammad Al-Mahdī b.  'Aḥmad b. `Alī b. Yūsif Al-Fāsī,أبي عيسى محمد المهدي بن أحمد بن علي بن يوسف الفاسي
12441,Aḥmad b. `āshir b. `Abd Al-Raḥmān Al-ḥāfī,أحمد بن عاشر بن عبد الرحمان الحافي
12442,Abū `AbdAllāh Muḥammad b. 'Abū  Al-ḥasan Al-Ruqāshī Al-ḥusnī,أبي عبد الله محمد بن أبي الحسن الرقاشي الحسني
12443,Maḥmūd b. Muḥammad Al-Sharīf Al-ṭahirī Al-ḥusnī,حمدون بن محمد الشريف الطاهري الحسني
12444,Ḥussayn Khūja b. 'Alī b. Sullaymān Al-Ḥanafī Al-Tūnisī,حسين خوجة بن علي بن سليمان الحنفي التونسي
12445,Aḥmad b. Muḥammad b. 'Aḥmad  b. 'Alī Al-Nakhlī Al-Makī,أحمد بن محمد بن أحمد بن علي النخلي المكي
12446,Abū  'AbdAllāh Muḥammad b.  'AbdAllāh b. Muḥammad Al-`Azmūrī,أبي عبد الله محمد بن عبد الله بن محمد الأزموري
12447,Abū Al-'Abbās 'Aḥmad b. Muḥammad b. 'Uthārī Al-Marākishī,أبي العباس أحمد بن محمد بن عذاري المراكشي
12448,`Abū Muḥammad Al-`Arabī b. Al-Qāsim Al-`Uluwwī Al-ḥusnī Al-Madghrī,أبي محمد العربي بن القاسم العلوي الحسني المدغري
12449,Abū `AbdAllāh Muḥammad b. Al-Mirbāṭ `Abd Al-Salām b. 'Aḥmad b.Muḥammad (Al-Ḍa`īf),أبي عبد الله محمد بن المرابط عبد السلام بن أحمد ابن محمد (الملقب بالضعيف)
12450,Abū `AbdAllāh Muḥammad b. Muḥammad Al-Baziyyūrī,أبي عبد الله محمد بن محمد البزيوي
12451,Abū `AbdAllāh Muḥammad b. Muḥammad Al-Falāq Al-Sufiānī Al-'Amghīṭī,أبي عبد الله محمد بن محمد الفلاق السفياني الامغيطي
12452,Muḥammad b. `Abd Al-Raḥīm Al-Qaisī Al-Ghurnāṭī ('Abū ḥāmid Al-Andālusī),محمد بن عبد الرحيم القيسي الغرناطي المعروف بأبي حامد الأندلسي
12453,Abū Al-Qāsim `Alī b. Al-ḥasan b. Hibatullāh Al-Shāfi`ī ('Abū `Asākir),أبي القاسم علي بن الحسن بن هبة الله الشافعي الشهير بابن عساکر
12454,Abū Al-Walīd Muḥammad b. `AbdAllāh b. 'Aḥmad b. Muḥammad Al-'Azraqī,أبي الوليد محمد بن عبد الله بن أحمد بن محمد الأزرقي
12455,`Abd Al-Raḥmān b. Abd Al-Qādir Al-Jūṭī Al-Shabīhī,عبد الرحمن بن عبد القادر الجوطي الشبيهي
12456, 'Aḥmad b. `Alī b. Muḥammad b. `Alī b. ḥajar Al-`Asqalānī,أحمد بن علي بن محمد بن علي بن حجر العسقلاني
12457,Muḥammad b. 'Abdallāh Al-Kisā`ī,محمد بن عبد الله الكسائي
12458,`Abū Al-ḥasan 'Alī b. 'Abdallāh b. `Abū Zari' Al-Fāsī,أبي الحسن علي بن عبد الله بن أبي زرع الفاسي
12459,Muḥammad b. Al-ṭīB b. 'Aḥmad  aL-'Ilmī Al-ḥusnī,محمد بن الطيب بن أحمد العلمي الحسني
12460,Burhān Al-Dīn `Abū `Isḥāq `Ibrāhīm b. 'Abd Al-Raḥmān Al-Fazārī,برهان الدين أبي إسحاق إبراهيم بن عبد الرحمان الفزاري
12461, 'Aḥmad b. Muḥammad Al-ṣubayḥī Al-Silāwī,أحمد بن محمد الصبيحي السلاوي
12462,Muḥammad b. 'Aḥmad b. `iyās Al-Ḥanafī,محمد بن أحمد بن إياس الحنفي
12463,`Abī Marwān `Abd Al-Malik b. Al-Kardabūs Al-Tūzrī,أبي مروان عبد الملك بن الكردبوس التوزري
12464,Aḥmad b. Al-Mahdī b. Muḥammad Al-Ghazāl Al-ḥmedī Al-`Andalūsī Al-Fāsī,أحمد بن المهدي بن محمد الغزال الحميدي الأندلسي الفاسي
12465,Abbās b. `brāhīm Al-Samlālī Al-Marākshī,عباس بن إبراهيم السملالي المراكشي
12466, 'Aḥmad b. Muḥammad b. 'Aḥmad b. `Abd Al-Raḥmān Al-'Ashmāwī, أحمد بن محمد بن احمد بن عبد الرحمن العشماوي
12467,`Abī ḥāmid AL-'Arabi b.  'Aḥmad Bardala,أبي حامد العربي بن أحمد بردلة
12468,`Abī  'Abdallāh Muḥammad b. `Ibrāhīm b. Muḥammad Al-Takrūrī  Al-siba'ī ,أبي عبد الله محمد بن إبراهيم بن محمد التكرور السباعي
12469,`Abī Salim 'Abdallāh b. Muḥammad b. `Abī Bakir Al-'Ayashī ,أبي سالم عبد الله بن محمد بن أبي بكر العياشي
12470,Khayr Al-Dīn Al-Tūnisī Al-Jarkasī,خير الدين التونسي الجركسي
12471,Jamāl Al-Dīn Muḥammad b. 'Abd Al-Azīz Al-Hashimī Al-makī Al-Shafi'ī,جمال الدين محمد بن عبد العزيز الهاشمي المكي الشافعي
12472,`Abū Al-ḥasan 'Aḥmad b. Yaḥyā b. Jāber Al-Balādhī Al-Baghdādī,أبي الحسن أحمد بن يحيى بن جابر البلاذري البغدادي
12473,`Abū Al-'Abbās  'Aḥmad b. Hussayn b. Al-Khatīb Al-Qusnṭtinī (b. Qatafad),أبي العباس أحمد بن حسين بن الخطيب القسنطيني( ابن قنفد)
12474,`Abū Al-'Abbās 'Aḥmad b. Muḥammad b. 'Aḥmad b. 'Abd Al-'Azīz Al-ḥusnī,أبي العباس أحمد بن محمد بن أحمد بن عبد العزيز الحسني
12475,Aḥmad b. Muḥammad b. Muḥammad b. 'Uthmān b. Al-ḥāj Al-Mānūfī,أحمد بن محمد بن محمد بن عثمان بن الحاج المانوفي
12476,`Abū Al-Yamn 'Abd AL-Raḥmān b. Muḥammad b. Mujīr Al-Dīn Al-'Alīmī Al-ḥanbalī,أبي اليمن عبد الرحمن بن محمد بن مجير الدين العليمي الحنبلي
12477,Muḥammad b. 'Abd Al-Salām Al-Bījrī,محمد بن عبد السلام البيجري
12478,`Abī Muḥammad  'Abdallāh b. Muḥammad b. 'Abd Al-Raḥmān b. 'Abd Al-Qādr Al-Fāsī ,ابي محمد عبد الله بن محمد بن عبد الرحمن بن عبد القادر الفاسي
12479,Aḥmad b. Muḥammad b. Al-`Amīn Al-Fāsī  Al-'Abbāsī ,أحمد بن محمد الأمين الفاسي الروداني العباسي
12480,`Abī  'Abdallāh Muḥammad b. Muṣṭafa b. Jandār Al-Ribaṭī,أبي عبد الله محمد بن مصطفى بوجندار الرباطي
12481,ṣalāḥ Al-Dīn Al-Khalīl b. `Abīk b.  'Abdallāh Al-ṣafadī,صلاح الدين خليل بن أيبك بن عبد الله الصفدي
12482,`Abī Naṣr 'Alī b. Hibatu-Allāh b. 'Alī b. Hibatu-Allāh b. Mākūlā,أبي نصر علي بن هبة الله بن علي بن هبة الله بن ماكولا
12483,Muḥammad b. 'Alī b. Khadir b. 'Askar Al-Ghasānī,محمد بن علي بن خضر بن عسكر الغساني
12484,`Abī 'Isā Al-Mahdī b. 'Aḥmad b. 'Alī b. Yūsif Al-Fāsī Al-Fahrī,أبي عيسى المهدي بن أحمد بن علي بن يوسف الفاسي الفهري
12485,Abd Al-Qādir b. Aḥmad b.`Abī Jum'a Al-Kūhin Al-Fāsī,عبد القادر بن أحمد بن أبي جمعة الكوهن الفاسي
12486,`Abū 'Abdallāh Muḥammad b. 'Abdallāh b. Muḥammad b. Thafr Al-ṣaqlī,أبي عبد الله محمد بن عبد الله بن محمد بن ظفر الصقلي
12487,`Abū 'Abdallāh Muḥammad Al-Tahāmī b. Muḥammad b. Raḥmūn Al-'Ilmī,أبي عبد الله محمد التهامي بن محمد بن رحمون العلمي
12488,Sulaymān b. Muḥammad Al-ḥawāt Al-ḥusnī,سليمان بن محمد الحوات الحسني
12489,Muḥammad b. 'Alī b. Fadil Al-Ḥussaynī Al-Shāfi'ī Al-ṭabrī,محمد بن علي بن فضل الحسيني الشافعي الطبري
12490,Muḥammad b. 'Aḥmad Al-Nahrawānī Al-Makī,محمد بن أحمد النهرواني المكي
12491,Muḥammad b. 'Abd Al-Salām Al-Fāsī Banānī,محمد بن عبد السلام الفاسي بناني
12492,`Abū Bakir b. Al-'Arabī Banānī,أبي بكر بن العربي بناني
12493,`Abū 'Abdallāh Muḥammad b. `Ibrāhīm b. Muḥammad b. Al-ḥafīd Al-Subay'ī Al-Marākishī,أبي عبد الله محمد بن إبراهيم بن محمد بن الحفيد السباعي المراكشي
12494,Muḥammad b. 'Abd al-Kabiyyr al-Ḥaj al-Selmi'ī,محمد بن عبد الكبير ابن الحاج السلمي
12495,Āḥmād b. qāsim al-Mansūrī al-Miknasi'ī,احمد بن قاسم المنصوري المكناسي
12496,Āmr b. Müẓafar b. Āmr b. Muḥammad b. al-Wardī al-Müʿrī al-Ḥalabī al-Shāfiʿī,عمر بن مظفر بن عمر بن محمد بن الوردي المعري الحلبي الشافعي
12497,Abd al-Kariyym b. dorghām al-ṭārāiyyfi'ī,عبدالكريم بن درغام الطرائفي
12498,Āl-Ḥabib b. Muḥammad Āl-Sāaiyyd Āl-Ābassi'ī,الحبيب بن محمد السعيد العباسي
12499,Māḥfüẓ b. sāaiyyd al-Rāsmüki'ī,محفوظ بن سعيد الرسموكي
12500,ʿAbdallaḥ b. al-ṣaghiyyr b. Āḥmād b. Qaḍiʿī,عبدالله بن الصغير بن أحمد بن القاضي
12501,Ābin sāaiyyd al-tānāni'ī,ابن سعيد التناني
12502,Amro b. āl-mü'ṭī āl-shāwi'ī,عمرو بن المعطي الشاوي
12503,Āl-Qāḍhī Āl-Möḥesen b. Āli b. Muḥammad b. Ābi Āl-Fahem Dāwud Āl-Nökhī Āl-Bāsri'ī,القاضي المحسن بن علي بن محمد بن أبي الفهم داود النوخي البصري
12504,Muḥammad ʿAbdallaḥ b. Möslim b. Qütāibāh Āl-Denori'ī,محمد عبدالله بن مسلم بن قتيبة الدينوري
12505,Abd al-Qāḍir b. ābd al-Rahman al-Salwi'ī,عبدالقادر بن عبدالرحمن السلوي 
12506,Āl-Tāhāmi b. al-Tāiyyb Āmghār al-Miknasi'ī,التهامي بن الطيب أمغار المكناسي
12507,lemā' al-āynein b. Muḥammad b. Fāḍil b. Māmin al-shenqaiti'ī,لماء العينين بن محمد فاضل بن مامين الشنقيطي
12508,Muḥammad 'Abd Āl-Sālām b. Muḥammad Āl-Zāmūri'ī,محمد عبدالسلام بن محمد الزموري
12509,ḥāmed āl-Mālāki b. Muḥammad b. Muḥammad b. Āli b. ʿAbd al-Raḥmān 'Ibn 'Abd āl-Qāder āl-Bāṭāwri'ī,حامد الملكي بن محمد بن محمد بن علي بن عبدالرحمن ابن عبدالقادر البطاوري
12510,li-khetiyyār al-Diyyn b. ghāyāth al-Diyyn al-tārbāti al-hārūiyy al-ḥüssāini'ī,لاختيار الدين بن غياث الدين التربتي الهروي الحسيني
12511,ḥāmed Muḥammad b. Muḥammad al-büdāiri al-ḥāssāni al-dömiyyāṭi'ī,حامد محمد بن محمد البديري الحسني الدمياطي
12512,Muḥammad b. Āḥmād b. Nāsser Ābu Rāss al-Rāsḥidi'ī,محمد بن أحمد بن ناصر أبو راس الراشدي
12513,al-ḥāssān Ebrāhiyym b. 'Amr b. ḥāssān al-Rebāṭ b. Āli b. Ābi Bāker al-Bāqā'i'ī,الحسن إبراهيم بن عمر بن حسن الرباط بن علي بن أبي بكر البقاعي
12514,Yāhiyyā Zhākāriyyā b. Muḥammad b. Āḥmād b. Zhākāriyyā al-Anṣārī al-Sāniyyki'ī,يحيى زكريا بن محمد بن أحمد بن زكريا الأنصاري السنيكي
12515,ʿAbdallaḥ Muḥammad b. Āḥmād b. Muḥammad b. Mārzuwwq al-'Ājaisi al-tālmesāni'ī,عبدالله محمد بن أحمد بن محمد بن مرزوق العجيسي التلمساني
12516,Muḥammad b. Abd al-Malik b. 'Abd Āl-Sālām 'Abd Āl-Hāfeeẓ b. ʿAbdallaḥ Ibn Daghaseen al-Qarshī al-Umuwwaī ,محمد بن عبدالملك بن عبدالسلام بن عبدالحفيظ بن عبدالله ابن دغسين القرشي الاموي
12517,Abd al-Rahman b. Muḥammad b. zaiyydān al-'Alawi al-Hassani'ī,عبدالرحمان بن محمد بن زيدان العلوي الحسني
12518,al-Faraj al-'Ali b. al-Hussaiyyn b. Muḥammad al-Qarshī al-'Aṣbahani'ī,الفرج العلي بن الحسين بن محمد القرشي الأصبهاني
12519,Muḥammad ʿAbdallaḥ b. Muḥammad b. al-Sayed al-Baṭliyysi'ī,محمد عبدالله بن محمد بن السيد البطليوسي
12520,Abd al-Salam b. Muḥammad b. ʿAbdallaḥ b. Ismāiyyl al-'Ālawi'ī,عبدالسلام بن محمد بن عبدالله بن إسماعيل العلوي
12521,al-ḥassan Ali b. Muḥammad b. Ali b. Muḥammad b. al-ḥussain Ibn al-bari al-Rübaṭi'ī,الحسن علي بن محمد بن علي بن محمد بن الحسين ابن البري الرباطي
12522,al-'Abbas Āḥmād b. Hussain Bāshā b. Muṣṭafa b. ḥussain Ibn Muḥammad b. Kiūān,العباس أحمد بن حسين باشا بن مصطفى بن حسين ابن محمد بن كيوان
12523,khalīl b. abiyyk b. ʿAbdallaḥ al-Safadi'ī,خليل بن أبيك بن عبدالله الصفدي
12524,Abi al-ḥajaj Yūsef b. Muḥammad al-Balūi'ī,أبي الحجاج يوسف بن محمد البلوي
12525,Ali Ismaīl b. al-Qasīm b. 'Aiyydhūn al-Baghdadhi'ī,علي إسماعيل بن القاسم بن عيذون البغدادي
12526,Muḥammad b.ʿAbdallaḥ b. Muḥammad b. ẓafar,محمد بن عبدالله بن محمد بن ظفر
12527,Ali b. Āḥmād b. Mösbāh al-zörūili al-hasni al-'öthmani al-yaṣlūti'ī,علي بن أحمد مصباح الزرويلي الحسني العثماني اليصلوتي
12528,Muḥammad obaid b. Abi al-Qasim al-th'alibi'ī,محمد عبيد الله بن أبي القاسم الثعالبي
12529,al-'Abbas Āḥmād b. Abd al-rahman Abi Zaīd al-naqāūsi'ī,العباس أحمد بن عبدالرحمن أبي زيد النقاوسي
12530,al-Qasim b. Muḥammad b. al-mājri al-shaheer bel-zamūri'ī,القاسم بن محمد الماجري الشهير بالزموري
12531,Nāsser b. Abd al-said Abi al-makārim b. Ali Burhān al-dīn Al-Khwarizmi Al-Mutraziʿī,ناصر بن عبد السيد أبي المكارم بن علي برهان الدين الخوارزمي المطرزي
12532,Muḥammad b. Muḥammad b. 'Azooz al-Miknasi'ī,محمد بن محمد بن عزوز المكناسي
12533,MüriĪ b. Yösef b. Abi baker b. Āḥmād al-Karmi al-maqdisi'ī,مرعي بن يوسف بن أبي بكر بن أحمد الكرمي المقدسي
12534, Abī Jʿafr b. 'Abd al-'Azīz b. Muhammad b. 'Abd al-Muhsen b. Zarqāla al-Qaīsī,أبي جعفر عبد العزيز بن محمد بن عبد المحسن بن زرقالة القيسي
12535,Mawlā Banī 'Amr b. 'Aouf,مولى بني عمرو بن عوف
12536,Abī Bakr Mohī al-Deen Muhammad b. Alī b. Muhammad b. 'Arabī,أبي بكر محيي الدين محمد بن علي بن محمد بن عربي
12537,ʿAlī b. Muḥammad b. Wafā al-Qarshī al-Anṣārī al-Shādhilī al-Mālikī Abī al-Ḥasan,علي بن محمد بن وفا القرشي الأنصاري الشاذلي المالكي ابي الحسن
12538,Abī Āl-ʿbas ʾAhmd Bin ʾbd Āllah mhmd Āl-wnan,أبي العباس أحمد بن أبي عبد الله محمد الونان
12539,MŪsī Bin Āl-mkī Āl-nasrī,موسى بن المكي الناصري
12540,Mḥmd Bin ĪhĪiyy Bin AlĪ Āl-shqraṭĪsĪ,محمد بن يحيى بن علي الشقراطيسي
12541,Ābi-Ālī  Ālhasan Bn Masūd Āl-Yoūsfī ,أبي علي الحسن بن مسعود اليوسفي 
12542,Muhammed Bn Sʿiyyd  Āl-būṣīrī  Shrf  Āl-dīn ,محمد بن سعيد البوصيري شرف الدين 
12543,Kaʿb Bn Zhiyr Al Maznī,كعب بن زهير المزني
12544,Ābi  Al-Mḥasn  Tqī Al-dīn  Abī-Bkr Bn Alī Abn-ḥç Al-hamodī Al-Āzrarī ,أبي المحاسن تقي الدين أبي بكر بن علي ابن حجة 
12545,Siydī Ābd Āl Maged Bn Āli Āl Mnāliy Āl Ziydi Āh  Hsniy,سيدي عبد المجيد بن علي المنالي الزيادي الحسني 
12546, al-Imām al-Shāfiʿī,للإمام الشافعي 
12547,Āmr Bin Ālī Bn  Āl-Farrd  Āl-ḥamodī,عمر علي بن الفاضي الحمودي 
12548,Abi-ʿbd Āllah Muhammed Bin  ʿbd  Āl-Rḥiyym Iyyjbsh,أبي عبد الله محمد بن عبد الرحيم بن يجبش
12549,Āl-Nmiyyrī,النميري
12550,Mahdiyy Bn Ābd Āl-salam Mjtnūsh Āl-Āndlsī,مهدي بن عبد السلام مجنوش الأندلسي 
12551,ḥasan Bn Mas'ud Āl-iyyusī,حسن بن مسعود اليوسي 
12552,Mūhammed Bn  Ādriiys Āl-jhadī,محمد بن إدريس الجهادي 
12553,Hasan Bn Mustafī Āl-Bosnī  Āl-Madanī ,حسن بن مصطفى البوسني المدني 
12554,Siydī  Mūhammed Bn Āl-Tahanī  Āl-Āndalusī  Āl-Rbatī ,سيدي محمد ابن التهاتي الأندلسي الرباطي 
12555,Ābi-Ābd  Ālllah Mūhammed Bn Kasm Bn Zakūr Āl-fasī ,أبي عبد الله محمد فاسم زاكور الفاسي
12556,Āmr-Bn  Ābi Rabi'a  Āl-khzūmeri Āl-Kershi ,عمر بن أبي ربيعة المخزومي القرشي 
12557,Ābi  Al-hasan Ālī Bn  Mūhammed Āl-thamī,ابي الحسن علي بن محمد التهامي 
12558,Ālī Bin Mūhammed  Āl-Susī  Āl-Samlalī,علي بن محمد السوسي السملالي 
12559, Mūhammed Bin Āldrīs Āl-'mraūī,محمد بن إدريس العمراوي 
12560, Mūhammed  Āl-hashmī Bin Mūhammed Bin  Ābd  Āllah Bin Mūhammed ībn Ābd Āl-malik Āl-Husnī Āl-Ālūī,محمد الهاشمي بن محمد بن عبد الله بن محمد ابن عبد الملك الحسني العلوي 
12561,Ābrahm Bin Ābd Āl-Jabar Āl-Fjījī,ابرهيم بن عبد الجبار الفجيجي
12562,Sʿīd Bin ʿbd Āllah Āl-tlmsanī Āl-mndasiyy,سعيد بن عبد الله التلمساني المنداسي
12563,Abī Āl-ḥsn Alī Bin Abī ṭalb Bin ʿbd Āl-mṭlb,أبي حسن علي بن أبي طالب بن عبد المطلب
12564,Abī Āl-ʿbas ʾAhmd Āl-z  ʿfranī,أبي العباس أحمد الزعفراني
12565,ʿbd Āl-rhman Bin ziyydan ,عبد الرحم بن زيدان
12566,Abī ʿbd  Āllah mhmd Āl-ghiyyth,أبي عبد الله محمد الغيث 
12567,Abī ʿbd  Āllah Bin mhmd Bin Nasr Āl-drʿiyy,أبي محمد عبدالله بن محمد بن ناصر الدرعي
12568,Āl-ʿrbī Bin Āl-saiyyh Āl-shrqiyy Āl-rbaṭiyy,العربي بن السايح الشرقي الرباطي
12569,Abī ʿlī Hsn Bin ʿlī Bin ʿmr ,أبي علي حسن بن علي بن عمر 
12570,Abī ʿlī Āl-hsn Bin msʿūd Āl-iyyūsī,أبي علي الحسن بن مسعود اليوسي
12571,ʿmr Bin Āl-khiyymī,عمر بن الخيمي
12572,ʿmr Bn Āl-farḍ,عمر ابن الفائض
12573,Abī ʿbd Āllah Mhmd Bin ʿbd Āl-rhiyym Bn Īgbsh Āl-taziyy,أبي عبد الله محمد بن عبد الرحيم بن يجبش التازي
12574,Mhmd Bn Ahmd Bin Mhmd Bn Abī Bkr Bn mrzoq Āl-ʿgīsī Āl-tlmsaniyy,محمد بن أحمد بن محمد بن أبي بكر بن مرزوق العجيسي التلمساني
12575, Ahmd Bn 'bd Āl-'zīz Āl-flaliyy,أحمد بن عبد العزيز الفلالي
12576,ṣalh Bn Āl-m'ṭiyy,صالح بن المعطي
12577,bd Āl-qadr Bn mwsa Bn 'bd Āllah Āl-jīlaniyy,عبد القادر بن موسى بن عبد الله الجيلاني
12578,iyyhīa Bn 'bd Āl-n'iyym,يحيى بن عبد النعيم
12579,Abrahiyym Āl-hshtwkiyy,إبراهيم الهشتوكي
12580,Abī 'bd Āllah mhmd Bn 'bd Āl-rhmn Āl-hwḍiyy,أبي عبد الله محمد بن عبد الرحمن الحوضي
12581,Āl-kmīt Āl-Asdiyy,الكميت الأسدي
12582,Salm Bn w'zan Āl-tkhiyysiyy,سالم بن وعزان التخيسي
12583,Mhmd Āl-Amam Bn Āl-shiyykh Āl-Akbr Ma'  Āl-'iyyniyyn Āl-shnqiyyṭiyy,محمد الإمام بن الشيخ الأكبر ماء العينين الشنقيطي
12584,Mhmd Bn iyywsf Bn Mhmd Bn Hamd Āl-fasiyy Āl-qṣriyy,محمد بن يوسف بن محمد بن حامد الفاسي القصري
12585,Mhmd Bn Amd Āl-jiyylaliyy Āl-sba'iyy Āl-hsniyy,محمد بن أحمد الجيلالي السباعي الحسني
12586,Abī Mhmd hmwd Bn 'bd Āl-'zīz Āl-twnsiyy,أبي محمد حمودة بن عبد العزيز التونسي
12587,Mhmd Bn Abī ī'za,محمد بن أبي يعزى
12588,Ahm Āl-bkariyy Bn Mhmd Bn Āl-mkhtar Āl-kntiyy,أحمد البكاري بن محمد بن المختار الكنتي
12589,Abī Ashaq  Ābrahiyym Bn 'bd Āl-qadr Bn Ahmd Āl-riyyahiyy Āl-twnsiyy,أبي إسحاق إبراهيم بن عبد القادر بن أحمد الرياحي التونسي
12590,Mhmd Bn  Ādriyys Bn Mhmd Bn 'bd Āllah Āl-'mrawiyy,محمد بن إدريس بن محمد بن عبد الله العمراوي
12591,Mhmd Bn ẓafr Bn Mhmd Hsn Bn Hmz ,محمد بن ؟افر بن محمد بن حسن بن حمزة 
12592,Mkhtar Bn Mhmd Bn Āl-mkhtar Āl-Kntiyy,مختار بن محمد بن المختار الكنتي 
12593,Mhmd Āl-thamiyy Bn Hamed Bn Ābd Āl-Wahd Āl-Mtyri Āl-rbti ,محمد التهامي بن حامد بن عبد الواحد المطيري الرباطي 
12594,Hamed  Āl-'rbiyy Bn  Ābd  Āllah Bn  Ābi Ī        ḥī  Āl-Msāri,أبي حامد العربي بن عبد الله بن أبي يحيى المساري 
12595,  Ābi   Āl-ḥsn   Āli Bn   Ābd   Āl-'niyy   Āl-ḥṣriyy Āl-ḍriyyr,أبي الحسن علي عبد الغني الحصري الضرير
12596,Ābi Bkr Mhmd Bn Mhmd Bn Ābd Āl-wa ḥd  Āl-Blwiyy,أبي بكر محمد بن محمد عبد الواحد البلوي
12597,Āli Bn Mhmd Āl-Swsiyy Āsmlaliyy,علي بن مجمد السةسي السملالي 
12598,Ābi  Ābd  Āllah Mhmd Bn  Āl-'rbiyy Bn Mhmd Bn qsm,أبي عبد الله محمد بن العربي بن محمد بن قاسم 
12599,Muhmd Bn Ādriyys Bn Mhmd Bn Ābd Āllah Āl-'mrawiyy ,محمد بن إدريس بن محمد بن عبج اللع العمراوي 
12600,Ābi Āl-hsn 'li Bn 'bd Āl-ghniyy Āl-fhriyy Āl-hṣriyy,أبي الحسن علي بن عبد الغني الفهري الحصري 
12601,Rdwan Bn Ābd Āllah Āl-jnoniyy Āl-fasiyy,رضوان بن عبد الله الجنوني الفاسي
12602,Am Haniyy,أم هاني
12603,Ibrahīm Āl-bkhariyy Āl-ṭashkndiyy,إبراهيم البخاري الطاشكندي
12604,Abd Āl-mjīd Bn 'li Āl-mnaliyy Āl-zīadiyy Āl-hsniyy,عبد المجيد بن علي المنالي الزيادي الحسني
12605,Ahmd Bn 'bd Āl-qadr Bn 'bd Āl-whab Bn musa,أحمد بن عبد القادر بن عبد الوهاب بن موسى
12606,Muhmd Bn rḍwan Āl-swiyyṭiyy Ibn Āl-ṣlahiyy,محمد بن رضوان السيوطي ابن الصلاحي
12607,Muṣṭfa Ma'  Āl-'iyyniyyn,مصطفى ماء العينين
12608,Abi Ābd Āllah Muhmd Bin Abrahiyym Āl-shran Āl- Andlusiyy,أبي عبد الله محمد بن إبراهيم الشران الأندلسي
12609,Sh'ban Āl-hndiyy,شعبان الهندي
12610,Ābd Āllah Bin Ali Bin ṭahr Āl-shriyyf Āl-hsniyy,عبد الله بن علي بن طاهر الشريف الحسني
12611,Ābd Āllah Bin Ali Bin ṭahr Āl-hsniyy,عبد الله بن علي بن طاهر الحسني
12612,Āl-hmam Ābiyy Hfṣ 'mr Bin Ābd Āllah Bin 'mr Bin Yosf Āl-fasiyy,الهمام أبي حفص عمر ين عبدالله بن عمر بن يوسف الفاسي
12613,Abi Ābd Āllah Muhmd Bin S'iyyd Bin Amd Bin Shrf Āl-qiyyrwaniyy Āl-jdhamiyy,أبي عبد الله محمد بن سعيد بن أحمد بن شرف القيرواني الجذامي
12614,Amd Bin Āl-'iyyashiyy skiyyrj Āl-ansariyy,أحمد بن العياشي سكيرج الأنصاري
12615,Ibn Jziyy,ابن جزي
12616,mr Bin Āl-haj Āl-s'iyydiyy,عمر بن الحاج السعيدي
12617,Yosf Bin Muhmd Bin yosf ,يوسف بن محمد بن يوسف
12618,Ābi Ābd Āllah Bin Muhmd Bin s'iyyd Bin hmad Bin Mhsn Bin Ābd Āllah Āl-ṣnhajiyy Āl-dlaṣiyy Āl-bwṣiriyy,أبي عبدالله محمد بن سعد بن حماد بن محسن بن عبدالله الصنهاجي الدلاصي البوصيري
12619,Abi Ābd Āllah Muhmd Bin S'iyyd Bin Hmad Bin Mhsn Ibn Ābd Āllah Āl-ṣnhajiyy Āl-dlaṣiyy Āl-boṣiriyy,أبي عبد الله محمد بن سعيد بن حماد بن محسن ابن عبد الله الصنهاجي الدلاصي البوصيري
12620,S'iyyd Āl-tlmsaniyy,سعيد التلمساني
12621,Amd Bin Āl-'ziyyz Bin Rshiyyd Āl-hlaliyy,أحمد بن عبد العزيز بن رشيد الهلالي
12622,Muhmd Bin Ahmd Bin Āl-sid Āl-hsniyy Āl-'lwiyy,محمد بن أحمد بن السيد الحسني العلوي
12623,Āl-amam Āl-ghzaliyy,الإمام الغزالي
12624,Abi Āl-fth 'li Bin Muhmd Āl-sbtiyy Āl-shaf'iyy,أبي الفتح علي بن محمد السبتي الشافعي
12625,ṣalh Bn Ahmd Āl-hkmiyy,صالح بن أحمد الحكمي
12626,Muhmd Ghriṭ  Āl-mknasiyy,محمد غريط المكناسي
12627,Abi Āl-bqa' Āl-rndiyy,أبي البقاء الرندي
12628,Abi Hmo Musa Bin Yusf Bin zyan,أبي حمو موسى بن يوسف بن زيان
12629,Ahmd Bin 'bd Āl-'ziz Bin Āl-rshiyyd Āl-hlaliyy Āl-sjlmasiyy,أحمد بن عبد العزيز بن الرشيد الهلالي السجلماني
12630,Abd Āl-rhman Bin Muhmd Bin zidan Āl-'lwiyy Āl-hsniyy,عبد الرحمان بن محمد بن  زيدان العلوي الحسني
12631,Ali Bin Ābd Āllah Ali Bin Ābd Āllah ṭahr Āl-shrif Āl-hsniyy,علي بن عبد الله بن علي بن طاهر الشريف الحسني
12632, Ābi  Āl -Qasm Āl-Zīwanī,ابي القاسم الزيواني 
12633,Fatmī Bin Āl-ḥsīn Āl-ṣqlī,فاطمي بن الحسين الصقلي 
12634,Ābi Ābd Āllah Bin Mhmd Āl-Hasaiiyn Āl-tṭwaniyy Āl-Āndlsiyy,أبي عبد الله بن محمد بن الحسين التطواني الأندلسي 
12635,Sfiyy Āl-Dīn Āl-ḥliyy Ābd Āl- Āziyyz Bn Sraiyya ,صفى الدين الحي عبد العزيز بن سرايا 
12636,Ābiyy  Āl-Frj  Ābd  Āl-Rḥm Bn 'liyy Āl-jwziyy,أبي الفرج عبد الرجمن بن علي بن الجوزي 
12637,Ābiyy Āl-'bas Āhmd Bn Mhmd Bn Khlf Āl-Wrak,أبي العباس أحمد بن محمد بن خلق الوراق
12638,Abd Al-Slam Bn Ahmd Bn Ghnm Al-qdsiiy ,عبد السلام بن أجمد غانم المقدسي 
12639,Abd Al-'ani Bn Asma'iyyl Bn Ahmd Bn Abrahiiym Al-Nablsiiy ,عبد الغني بن اسماعيل بن أحمد بن إبراهيم النابلسي 
12640,Abd-Allah Bn Al-Mqf' ,عبدالله بن المقفع 
12641,Jalāl al-Dīn Muḥammad b. ʿAbd al-Raḥmān al-Qazwīnī,جلال الدين محمد بن عبد الرحمان القزويني
12642,Massʿoud b. ʿAmr b. ʿAbd Allāh al-Taftāzānī,مسعود بن عمر بن عبدالله التفتازاني 
12643,ʿAḥmad b. ʿAbd al-Fatāḥ b. Yūsef al-Majīrī al-Mulūwī al-Shāfiʿī,أحمد بن عبد الفتاح بن يوسف المجيري الملوي الشافعي
12644,ʿAbd al-ʿAzīz b. Sarāyā ṣafī al-Dīn al-ḥalī,عبد العزيز بن سرايا صفي الدين الحلي 
12645,ʿAḥmad b. Muḥammad b. ʿUmar b. Muslim Shahbāb al-Dīn,أحمد بن محمد بن عمر بن مسلم شهاب الدين
12646,ʿIssām al-Dīn ʿIbrāhīm b. Muḥammad ʿArab Shāh al-ʿAsfarāīīnī,عصام الدين إبراهيم بن محمد بن عرب شاه الأسفراييني
12647,ʿAḥmad b. Muḥammad b. Muḥammad b. Yaʿqūb al-Wūlālī,أحمد بن محمد بن محمد بن يعقوب الولالي
12648,ʿAlī b. Muḥammad b. ʿAlī ,علي بن محمد بن علي
12649,ʾIbrahīm b. Muḥammad b. Aḥmad al-Bājūrī,إبراهيم بن محمد بن أحمد الباجوري 
12650,Aḥmad b. ʿAbd al-Munʿim b. Yūsef al-Damnahūrī,أحمد بن عبد المنعم بن يوسف الدمنهوري
12651,Muḥammad b.  ʿAbd al-Rasūl b. ʿAbd al-Saīd al-Ḥusnī al-Baraznajī,محمد بن عبد الرسول بن عبد السيد الحسني البرزنجي
12652,ʾAbī Bakr b. ʿAlī b. ʿAbd Allāh Taqī al-Dīn b. Ḥija al-Ḥamwī,أبي بكر بن علي بن عبد الله تقي الدين بن حجة الحموي
12653,ʿAbd Allāh b. ʿAbd al-Raḥmān b. ʿAlī al-Danwushrī,عبد الله بن عبد الرحمان بن علي الدنورشي
12654, ʿAbd al-Qaher b. ʿAbd al-Raḥmān b. Muḥammad al-Jarjānī,عبد القاهر بن عبد الرحمان بن محمد الجرجاني
12655,ʿAbī al-Qassem b. Bakr al-Leīthī al-Samarqindī ,أبي القاسم بن بكر الليثي السمرقندي
12656,Muḥammad b. Qarqamās b. ʿAbd Allāh al-Nāsrī al-Ḥinfī,محمد بن قرقماس بن عبد الله الناصري الحنفي
12657, ʿAbī Mansūr ʿAbd al-Malik b. Muḥammad b. Ismāʿil al-Thaʿlabī,أبي منصور عبد الملك بن محمد بن إسماعيل الثعالبي
12658,b. Kīrān ,ابن كيران
12659,Ḥasan b. Muḥammad Shams al-Dīn b. Ḥamza al-Fanārī,حسن بن محمد شاه بن محمد شمس الدين بن حمزة الفناري
12660,ʿAbd al-Ḥakīm Muḥammad b. Shams al-Dīn al-Hindī al-Sīālkūtī al-Bunjābī,عبد الحكيم محمد بن شمس الدين الهندي السيالكوتي البنجابي
12661,Aḥmad b. Qāsem al-ʿAbādī al-Qāhirī al-Shafāʿī,أحمد بن قاسم العبادي القاهري الشافعي 
12662,Muḥammad b. Aḥmad b. ʿArafa al-Dasūqī,محمد بن أحمد بن عرفة الدسوقي
12663,Niẓām al-Dīn ʿOthmān al-Khaṭāʾī,نظام الدين عثمان الخطائي 
12664, Suleīmān b. ʿAbd al-Raḥmān b. Suleīmān al-Jābrī,سليمان بن عبد الرحمان بن سليمان الجربي
12665,Najm al-Dīn Muḥammad b. Sālem b. Aḥmad al-Ḥafnī,نجم الدين محمد بن سالم بن أحمد الحفني 
12666,Yāsīn b. Zeīn al-Dīn b. ʾAbī Bakr al-Ḥomsī ,ياسين بن زين الدين بن أبي بكر الحمصي 
12667,Īḥīiyya b. Muḥammad b. Masʿud b. ʿUmar al-Taftāzānī al-Ḥurī,يحيى بن محمد بن مسعود بن عمر التفتازاني  الهوري
12668,ʿAbd al-Raḥmān b. ʾIbrāhīm b. ʾIsmāīl al-Zabīdī al-'Ulwī,عبد الرحمان بن إبراهيم بن إسماعيل الزبيدي العلوي
12669,ʿAbd al-Raḥmān b. Muḥammad al-ʾAkhdarī al-Jazāi'rī,عبد الرحمان بن محمد الأخضري الجزائري
12670,Muḥammad b. ʾAḥmad b. ʾAlī b. Zahrān al-Ḥarīshī  Wardī,محمد بن علي بن زهران الحريشي الأجهوري وردي
12671, Mansur al-ṭablāwī,منصور الطبلاوي
12672,Muḥammad b. ʿAbd al-Raḥmān al-ḍarīr al-Marākshī ,محمد بن عبد الرحمان الضرير المراكشي
12673,Hamdūn b. ʿAbd al-Raḥmān b. al-Ḥaj,حمدون بن عبد الرحمان بن الحاج
12674,ʾAbī Muḥammad ʿAbīd Āllah b. ʾAbī al-Kāsīm al-Thʿālbī al-Fasī al-Jazāʾrī,أبي محمد عبيد الله بن أبي القاسم الثعالبي الفاسي الجزائري
12675,Muḥammad b. Muḥammad b. Fakhr al-Dīn Jamāl al-Dīn ,محمد بن محمد بن فخر الدين جمال الدين
12676,ʾAbī al-Qāsm Maḥmmūd b. ʿOamr al-Zamkhashrī , أبي القاسم محمود بن عمر الزمخشري
12677, ʿAbd al-ʿAzīz b. ʾAbī al-Kāsīm al-Damashqi al-Shafiʿī,عبد العزيز بن أبي القاسم الدمشقي الشافعي
12678,ʾAbī Bakr Muḥammad b. al-Taīb al-Baqlanī,أبي بكر محمد بن الطيب الباقلاني
12679,Muḥammad b. ḥassan b.ʿAlī b.ʿOthmān al-Nawājī,محمد بن حسن بن علي بن عثمان النواجي
12680,Manssūr al-ṭablāwī Sabaṭ Nāsser al-dīn Muḥammad b. Sālem al-Shafʿī,منصور الطبلاوي سبط ناصر الدين محمد بن سالم الشافعي
12681,Aḥmad b. ʿAlī b. ʿAbd al-Kāfī al-Sabkī,أحمد بن علي بن عبد الكافي السبكي
12682,Al-Thāmī b. ʿAbdallāh al-ḥasanī al-ʿAlawī,التهامي بن عبد الله الحسني العلوي
12683,Aḥmad b. Mubārak b. Muḥammad al-Lamṭī,أحمد بن مبارك بن محمد اللمطي
12684,Aḥmad b. Muḥammad b. ʿAlī al-Marnīsī,أحمد بن محمد بن علي المرنيسي
12685,Aḥmad b.ʿAlī b.ʿAbd al-Raḥmān Abī al-ʿAbbās al-Manjūr,أحمد بن علي بن عبد الرحمن أبي العباس المنجور
12686,ʿAlī b. Muḥammad b. ʿAlī,علي بن محمد بن علي 
12687,Musṭafā b. Muḥammad b. Abd al-khāleq al-Bennānī,مصطفى بن محمد بن عبد الخالق البناني
12688,ʿAbd al-Raḥīm b. ʿAbd al-Raḥmān b. Aḥmad al-ʿAbbāsī,عبد الرحيم بن عبد الرحمان بن أحمد العباسي
12689,Muḥammad b. ʿOthmān ibn al-Hawsh,محمد بن عثمان ابن الهوش
12690,Yusuf b. Abī Bakr b. Muḥammad b.ʿAlī al-Sekākī al-Khawārizmī,يوسف بن أبي بكر بن محمد بن علي السكاكي الخوارزمي
12691,Muḥammad b. al-ṭayyib b. ʿAbd al-Salām al-Qādirī al-ḥasanī ,محمد بن الطيب بن عبد السلام القادري الحسني
12692,ʿAbd al-ʿAzīz b. Sarāyā b. ʿAlī ṣafī al-dīn al-ḥalī,عبد العزيز بن سرايا بن علي صفي الدين الحلي 
12693,Abī ʿAlī Al-ḥasan b. Mas'ūd b. Muḥammad al-Yūsī,أبي علي الحسن بن مسعود بن محمد اليوسي
12694,Aḥmad b. Ibrāhīm b. ʿUmar al-Ghazāwī,أحمد بن إبراهيم بن عمر الغزاوي
12695,Abī al-baqāʾ al-randī Sāleḥ b. Yazīd b. Abī Al-ḥasan,أبي البقاء الرندي صالح بن يزيد بن أبي الحسن
12696,Abī Al-ḥasan b. Aḥmad al-bū'amrānī ,أبي الحسن بن أحمد البوعمراني
12697,Abī al-Qāsem al-Futuḥ b. 'Īsā b. Aḥmad al-ṣanhājī al-azmūrī,أبي القاسم الفتوح بن عيسى بن أحمد الصنهاجي الأزموري
12698,Muḥammad b. al-malīḥ al-dukālī al-bu'azīzī al-ḥamūnī,محمد بن المليح الدكالي البوعزيزي الحموني
12699,Muḥammad b. Aḥmad b. ʿAlī b. Ghāzī al-'othmānī al meknāsī,محمد بن أحمد بن محمد بن علي بن غازي العثماني المكناسي
12700,Tāj al-dīn 'Othmān b. 'Isā b. Mansūr Al-Balaṭī,تاج الدين عثمان بن عيسى بن منصور البلطي
12701,Abī Al-Ḳāsim b. Abī Bakr al-Leit̲ī al-Samarḳandī,‏أبي القاسم بن أبي بكر الليثي السمرقندي
12702,Musṭafā b. Muḥammad Fādel b. Muḥammad Māmīn Al-Chanqīṭī,مصطفى بن محمد فاضل بن محمد مامين الشنقيطي
12703,Sāleḥ b. ḥasan b. Aḥmad al-ḥanbalī al-farḍi al-bahūtī,صالح بن حسن بن أحمد الحنبلي الفرضي البهوتي
12704,Sa'īd b. Ibrāhīm Qaddūrā al-Jazāʾirī,سعيد بن إبراهيم قدورة الجزائري
12705,Yūsuf b. Sālem b. Aḥmad al-ḥanafī,يوسف بن سالم بن أحمد الحفني
12706,ḍiyyāʾ al-dīn abī Muḥammad 'Abdellāh Muḥammad al-Khazrajī al-andalusī al-mālikī,ضياء الدين أبي محمد عبد الله بن محمد الخزرجي الأندلسي المالكي
12707,Abī 'Abdellāh Muḥammad b. Mālek Jamāl al-dīn Al-ṭāʾī al-jiyyānī,أبي عبد الله محمد بن مالك جمال الدين الطائي الجياني
12708,Muḥammad Al-Muzammarī,محمد المزمري
12709,Muḥammad  b. ṭayyib b. 'abdelqāder al-skīrej al-ansārī,محمد بن الطيب بن عبد القادر السكيرج الأنصاري
12710,Aḥmad b. al-'Iyyāshī b. 'abderraḥmān b. al-barnūsī b. Muḥammad Aḥmad b. skīrej al-ansārī,أحمد بن العياشي بن عبد الرحمان بن البرنوصي بن محمد أحمد بن سكيرج الأنصاري
12711,Abī al-ḥasan 'Alī b. Dalfāʾ or Dalfa al-hamadānī al-meknāsī,أبي الحسن علي بن دلفاء أو دلفة الهمداني المكناسي
12712,Abī b. 'Alī b. Dāwūd al-balwī,أحمد بن علي بن داود البلوي الأندلسي
12713,Abī al-Qāsem Muḥammad b. Aḥmad al-sharīf al-gharnāṭī al-sebtī,أبي القاسم محمد بن أحمد الشريف الغرناطي السبتي
12714,ḥamdūn b. 'abderraḥmān b. al-ḥāj al-salmī,حمدون بن عبد الرحمان بن الحاج السلمي
12715,Abī 'Abdellah Muḥammad b. 'Abdillah al-anṣārī al-maghribī,أبي عبد الله محمد بن عبد الله الأنصاري المغربي
12716,Abī Isḥāq Ibrāhīm b. Muḥammad b. 'Abdulqāder al-tādilī al-rabāṭī,أبي إسحاق إبراهيم بن محمد بن عبد القادر التادلي الرباطي
12717,Muḥammad b. Abī Bakr Badr al-dīn al-makhzūmī al-damāmīnī,محمد بن أبي بكر بدر الدين المخزومي الدماميني
12718,Zayn al-dīn Abī Yaḥyā Zakariā b. Muḥammad al-anṣārī al-shāfi'ī,زين الدين أبي يحيى زكرياء بن محمد الأنصاري الشافعي
12719,Abī al-ḥassan b. Muḥammad b. al-ḥussayn al-rabāṭī,أبي الحسن علي بن محمد بن الحسين الرباطي 
12720,Abī al-'Abbās Aḥmad b. 'Ibād b. Shu'ayb al-qanānī al-qāhirī,أبي العباس أحمد بن عباد بن شعيب القناني القاهري
12721,Muḥammad b. Muḥammad 'Abdellah b. Mālik al-ṭānī badr al-dīn ibn al-nāẓem,محمد بن محمد بن عبد الله بن مالك الطاني بدر الدين ابن الناظم
12722,Abi 'Abd Allah Muḥammad b. Amil Al Mimi,أبي عبد الله محمد بن اميل الميمي
12723,Abd Al salam b. Muḥammad b. Ali Al Rajraji,عبد السلام بن محمد بن علي الرجراجي
12724,Salaḥ Al din b. Zayd Al Din b. Aḥmed,صلاح الدين بن زين الدين بن أحمد 
12725,Abi 'Abd Allah Muḥammad b. Aḥmad b. 'Abd Al Malek Al Masmoudi Al ḥassani,أبي عبد الله محمد بن أحمد بن عبد المالك المصمودي الحسني
12726,Shehāb Āldīn Ābī Ālqāsem 'abd Ālraḥman bin Āsma'īl Ālshahīr Bābī Shāma Āldamashqī Āldamashqī Ālshafa'ī,شهاب الدين أبي القاسم عبد الرحمن بن اسمعيل الشهير بأبي شامة الدمشقي الشافعي
12727,,أبي الحسن حازم ابن محمد القرطاجني
12728,,أحمد بن محمد بن داوود بن يعزى بن يوسف الجزولي
12729,,محمد بن أحمد بن محمد ابن مرزوق العجيسي التلمساني
12730,,أبي عبد الله محمد بن علي الأنصاري ابن السقاط
12731,,أبي عمرو عثمان بن عمر بن أبي بكر بن الحاجب
12732,,محمد بن محمد الأنصاري 
12733,,صالح بن أحمد بن محمد بن حجاج اللخمي
12734,,محمد بن عبد المجيد بن عبد السلام ابن كيران الفاسي
12735,Yūsif b. Muḥammad Abī ʿAsriyya b. ʿAlī b. Yūsif al-Fāsī al-Fahrī,‏يوسف بن محمد أبي عسرية بن علي بن يوسف الفاسي الفهري
12736,,أبي عبد الله محمد بن قاسم بن زاكور الفاسي 
12737,,جمال الدين أبي محمد عبد الرحيم بن علي الإسنوي الشافعي
12738,,أبي الطيب صالح بن أبي الحسن علي الشريف
12739,Muḥammad b. Muḥammad b. āḥmd ālāmīr ālsnbāwī ,محمد بن محمد بن أحمد الأمير السنباوي 
12740,Muḥammad ālġālī b. ālmkī ālsntīny ālmknāsī,محمد الغالي بن المكي السنتيني المكناسي
12741,Muḥammad b. Muḥammad b. dāwwd b. āǧrwm ālṣnhāǧī,محمد بن محمد بن داوود بن آجروم الصنهاجي
12742,Aḥmad ʿabdālʿzīz ālhlāly ālsǧlmāsī,أحمد عبدالعزيز الهلالي السجلماسي
12743,ālʿarby b. a'ḥmd b. brdla,العربي بن أحمد بن بردلة
12744,Ismāʿīl b. ġnīm ālǧwhrī,إسماعيل بن غنيم الجوهري 
12745,ḥmdwn b. Muḥammad b. ʿabdālslām bnānī ,حمدون بن محمد بن عبدالسلام بناني 
12746,"Abī ʿabdāllah Muḥammad b. ywsf b. ʾāḥmad b. hšān ālʾānṣārī
",أبي عبدالله محمد بن يوسف بن أحمد بن هشان الأنصاري
12747,Muḥammad b. ʿābdālqāder b. ʾĀḥmd ālklālī ālkrdwdī ālḥasanī,محمد بن عبدالقادر بن أحمد الكلالي الكردودي الحسني
12748,ʾĀḥmd b. qāsem ālʿābādy ālšāfʿāī ālmaṣrī,أحمد بن قاسم العبادي الشافعي المصري
12749,Muḥammad b. ʿābdālmāǧīd bz kīrān ālfāsī ,محمد بن عبدالمجيد بن كيران الفاسي 
12750,ِِِʾĀbī bākr Muḥammad b. Muḥammad ībn ʿāṣām ālqīsī,أبي بكر محمد بن محمد ابن عصام القيسي
12751,ʾĀbī ǧamīl zyān b. ǧāber ālzwāwī ālnǧār ālqsṭīnī ,أبي جميل زيان بن جابر الزواوي النجار القسطيني 
12752,ʿabdālrāḥmān b. Muḥammad b. ʿābdālrḥmān b. Muḥammad b. ʾābī  bakr ālʿāīāšī ,عبدالرحمن بن محمد بن عبدالرحمن بن محمد بن أبي بكر العياشي 
12753,ʿābdāllāh b. yusuf b. ʾāḥmād b. hšām āl-ʾanṣārī ,عبدالله بن يوسف بن أحمد بن هشام الأتصاري 
12754,ʿabd āl-raḥman b. Muḥammad āl-ʾanbārī ,عبدالرحمن بن محمد الأنباري 
12755,ǧmāl āldīn ʾabū Muḥammad ʿabdāllah b. yūsuf b. ʿabdāllah ibn hišam āl-ʾanṣārī,جمال الدين أبو محمد عبدالله بن يوسف بن عبدالله ابن هشام الأنصاري 
12756,kẖālid b. ʿAbdāllah b. ʾAbī bakr ālʾazharī ,خالد بن عبدالله بن أبي بكر الأزهري 
12757,muḥammad b. ʿabdāllah b. mālik ālṭāʾaī ālǧīānī,محمد بن عبدالله بن مالك الطائي الجياني
12758,,محمد بن محمد بن حمدون بناني الفاسي
12759,,عبدالعزيز بن محمد بن أحمد البناني الفاسي
12760,,جمال الدين أبي محمد عبدالله بن يوسف بن أحمد بن عبدالله بن هشام الشافعي 
12761,ʿAbdallāh b. Īūsf b. Ḥshām al-’Ānṣārī,عبدالله بن يوسف بن هشام الأنصاري
12762,Īāsīn b. Zīn al-Dīn al-ḥmṣī al-’Alīmī,ياسين بن زين الدين الحمصي العليمي
12763,‘Ābī al-Ḥsn ʿAlī b. Mīmūn al-ghmārī,أبي الحسن علي بن ميمون الغماري
12764,Muḥammad b. Muḥammad b. ʿAbd al-Qādr Bnānī,محمد بن محمد بن عبد القادر بناني
12765,Khāld b. ʿAbdallāh al-’Āzhrī,خالد بن عبدالله الأزهري
12766,‘Ābī al-Ḥsn ʿAlī b. Muḥammad Brkh al-Tṭūānī,أبي الحسن علي بن محمد بركة التطواني
12767,ʿAlī b. Muḥammad b. Muḥammad b. Muḥammad b. Khlf b. Jbrīl al-Mnūfī,علي بن محمد بن محمد بن محمد بن خلف بن جبريل المنوفي
12768,Muḥammad b. ‘Aḥmd al-Mrābṭ al-’Ādūzī al-ī’qūbĪ al-Sūsī,محمد بن أحمد المرابط السملالي الأدوزي اليعقوبي السوسي
12769,Abū Bakir Muḥammad b. al-Ḥassan al-Zubaydī al-'Ishbīlī,أبي بكر محمد بن الحسن الزبيدي الإشبيلي 
12770,Abū al-Qāsim Jār Allāh Maḥmmoud b. 'Umar al-Zamkhasharī al-Khawarizmī,أبي قاسم جار الله محمود بن عمر الزمخشري الخوارزمي 
12771,Abū al-'Abbās 'Aḥmad b. 'Abd al-'Azīz al-Hīlālī,أبي العباس أحمد بن عبدالعزيز الهلالي 
12772,Abū 'Abdallāh Muḥammad b. al-Ṭayyib al-Sharqī al-Fāsī al-Mālikī,أبي عبدالله محمد بن الطيب الشرقي الفاسي المالكي 
12773,Jamāl al-Dīn Muḥammad b. 'Abdallāh b. Mālik al-Ṭa'ī,جمال الدين محمد بن عبدالله بن مالك الطائي
12774,Majd al-Dīn 'Abū Tāhir Muḥammad b. Ya'qūb al-Fīrūzbādī al-Shīrāzī ,مجد الدين أبي الطاهر محمد بن يعقوب الفيروزبادي الشيرازي 
12775,Abū Naṣir 'Ismā'īl b. Ḥammād al-Fārābī al-Jawharī,أبي نصر اسماعيل بن حماد الفارابي الجوهري 
12776,Abū 'Abdallāh Muḥammad b. Abdallāh b. Mālik al-Ṭā'ī,أبي عبدالله محمد بن عبدالله بن مالك الطائي 
12777,Abū al-'Abbās Muḥammad b. Yazīd al-'Azadī,أبي العباس محمد بن يزيد الأزدي 
12778,Abū 'Isḥāq 'Ibrāhīm b. 'Aḥmad b. 'Abdallāh al-Ṭarabulsī,أبي اسحاق ابراهيم بن اسماعيل بن أحمد بن عبدالله الطرابلسي 
12779,Abū 'Alī Muḥammad b. al-Mustanīr,أبي علي محمد بن المستنير 
12780,Shihāb al-Dīn 'Aḥmad b. Muḥammad b. 'Alī al-Fayūmī ,شهاب الدين أحمد بن محمد بن علي الفيومي
12781,Abd al-Wāḥid b. 'Abd al-'Azīz al-Maknāsī,عبدالواحد بن عبدالعزيز المكناسي 
12782,Abū al-Ḥakam Mālik b. 'Abd al-Raḥman al-Māliqī,أبي الحكم مالك بن عبدالرحمن المالقي 
12783,`Abī Al-'Abbās 'Aḥmad b. 'Abdallāh Al-Bikrī,أبي العباس أحمد بن عبد الله البكري
12784,`Abī ḥasan b. `Ibrāhīm b. 'Alī b. Farḥūn Al-Ya'mūrī,أبي حسن إبراهيم بن علي بن فرحون اليعمري
12785,Al-ṣultān Mawlāy 'Abd Al-ḥafīth b. Al-ḥasan b. Muḥammad Al-'alwī Al-ḥūsnī,السلطان مولاي عبد الحفيظ بن الحسن بن محمد العلوي الحسني
12786,Muḥammad Al-ṣaghīr b. 'Aḥmad Al-Shabīhī,محمد الصغير بن أحمـد الشبيهي 
12787,Muḥammad Diab Al-'Atlīdī Al-Maṣrī,محمد دياب الاتليدي المصري
12788,Quṭob Al-Dīn Muḥammad b.  'Aḥmad Muḥammad b. Maḥmūd Al-Nahrawālī Al-Makī Al-ḥanafī,قطب الدین محمد بن أحمد محمد بن محمود النهروالي المكي الحنفي
12789,`Ibrāhīm Al-Dīn `Ibrāhīm b. 'Abd Al-Raḥmān Al-Fazārī (`ibn Al-Farkāḥ),ابرهان الدين إبراهيم بن عبد الرحمان الفزاري المعروف بابن الفركاح
12790,Abū 'Abdallāh Muḥammad b. Mahdī al-Jarārī al-Dir'ī,أبي عبدالله محمد بن مهدي الجراري الدرعي
12791,Abū 'Abdallāh Muḥammad b. 'Abd al-Qādir b. 'Aḥmad al-Kilālī al-Ḥassanī,أبي عبدالله محمد بن عبدالقادر بن أحمد الكلالي الحسني 
12792,al-Mukhtār b. 'Aḥmad b. 'Abū Bakir al-Kint al-Shanqīṭī,المختار بن أحمد بن أبي بكر الكنت الشنقيطي 
12793,Abū al-Qāsim 'Alī b. Ja'far al-Sa'dī al-Ṣaqlī,أبي القاسم علي بن قاسم بن جعفر السعدي الصقلي 
12794,Abdallāh b. Shu'ayb al-Hilālī,عبدالله بن شعيب الهلالي 
12795,Abū al-Ḥassan al-'Ajūrī,أبي الحسن الأجوري 
12796,Abū Yūsif Ya'qūb b. 'Isḥāq,أبي يوسف يعقوب بن اسحق 
12797,Abū Ja'far 'Aḥmad b. 'Alī b. Muḥammad b. Khātima al-'Anṣārī,أبي جعفر أحمد بن علي بن محمد بن خاتمة الأنصاري 
12798,Abd al-Wāḥid b. Muḥammad b. al-Ṭawwāḥ al-Tūnisī,عبدالواحد بن محمد بن الطوّاح التونسي 
12799,Abū al-Fayḍ Muḥammad b. Muḥammad b. 'Abd al-Razzāq al-Ḥussaynī al-Zubaydī,أبي الفيض محمد بن محمد بن عبدالرزاق الحسيني الزبيدي 
12800,Ḥassan b. 'Alī b. Ṭalḥa al-Rajrājī al-Shawshāwī,حسن بن علي بن طلحة الرجراجي الشوشاوي 
12801,Ibn Ḥabīb Tamām b. 'Abd al-Salām ,ابن حبيب تمام بن عبدالسلام 
12802,Badir al-Dīn Muḥammad b. Yaḥyā al-Qarāfī,بدر الدين محمد بن يحيى القرافي 
12803,Abū Manṣūr 'Abd al-Malik b. Muḥammad al-Tha'ālbī,أبي منصور عبدالملك بن محمد الثعالبي 
12804,Abū Muḥammad al-Qāsim b. 'Alī b. 'Uthmān al-Ḥarīrī,أبي محمد القاسم بن علي بن عثمان الحريري 
12805,Yūsif al-Maghrībī b. al-Ḥarbī al-Maṣrī,يوسف المغربي بن الحربي المصري 
12806,Abū 'Abdallāh Muḥammad b. 'Abd al-Qādir b. 'Aḥmad al-Kilālī al-Ḥassanī,أبي عبدالله محمد بن عبدالقادر بن أحمد الكلالي الحسني 
12807,Muḥammad Ḥabīballāh b. 'Abdallāh b. 'Aḥmad Māyābī al-Janakī al-Shanqiṭī,محمد حبيب الله بن عبدالله بن أحمد مايابي الجكني الشنقيطي 
12808,Jamāl al-Dīn 'Abdallāh b. Yūsif b. 'Aḥmad,جمال الدين عبدالله بن يوسف بن أحمد 
12809,Abū 'Abdallāh Muḥammad b. 'Aḥmad b. Hishām al-Lakhamī al-Sabtī,أبي عبدالله محمد بن أحمد بن هشام اللخمي السبتي 
12810,Abū Muḥammad 'Abdallāh b. Muḥammad b. al-Sayyīd ,أبي محمد عبدالله بن محمد بن السيد 
12811,Sa'd al-Dīn 'Abū al-Qāsīm 'Abd al-Wahhāb b. Ḥussayn b. 'Abd al-Wahhāb al-Bahnasī al-Shāfi'ī al-Warrāq ,سعدالدين أبي القاسم عبدالوهاب بن حسين بن عبدالوهاب البهنسي الشافعي الوراق 
12812,Muḥammad b. Nashwān b. Sa'd al-Ḥamīrī,محمد بن نشوان بن سعيد الحميري 
12813,Raḍī al-Dīn 'Abū al-Faḍā'l al-Ḥassan b. Muḥammad al-Ṣaghānī,رضي الدين أبي الفضائل الحسن بن محمد الصغاني 
12814,Abū Zayd 'Abd al-Raḥman b. Muḥammad b. Makhlūf al-Tha'ālibī al-Jazā'irī,أبي زيد عبدالرحمن بن محمد بن مخلوف الثعالبي الجزائري 
12815,Abū 'Ubayda 'Aḥmad b. Muḥammad b. 'Abd al-Raḥman al-Harwī al-'Abdī al-Bāshānī,أبي عبيد أحمد بن محمد بن عبدالرحمن الهروي العبدي الباشاني 
12816,al-Wazīr 'Abū 'Abdallāh b. 'Abd al-'Azīz b. 'Abū Muṣ'ab al-Bakrī al-Mursī,الوزير أبي عبيد عبدالله بن عبدالعزيز بن أبي مصعب البكري المرسي 
12817,Abū al-'Abbās 'Aḥmad b. Yaḥyā al-Kūfī al-Naḥawī,أبي العباس أحمد بن يحيى الكوفي النحوي 
12818,Abū al-Barakāt 'Abd al-Raḥman b. Muḥammad b. 'Ubayd 'Allāh al-'Anbārī,أبي البركات عبدالرحمن بن محمد بن عبيدالله الأنباري 
12819,Bahā' al-Dīn 'Abū Ḥāmid 'Aḥmad b. 'Alī al-Sabakī,بهاء الدين أبي حامد أحمد بن علي السبكي 
12820,Badir al-Dīn 'Abū 'Alī b. Qāsim al-Marādī al-Marākshī al-Mālikī,بدر الدين أبي علي بن قاسم المرادي المراكشي المالكي 
12821,Abū Ja'far 'Aḥmad b. Muḥammad b. 'Ismā'īl b. Yūnis al-Masrī,أبي جعفر أحمد بن محمد بن اسماعيل بن يونس المصري 
12822,Jamāl al-Dīn 'Abū al-Faḍil Muḥammad b. Mukrīm b. 'Alī b. Manẓūr al-'Ifrīqī al-Masrī,جمال الدين أبي الفضل محمد بن مكرم بن علي ابن منظور الإفريقي المصري 
12823,Abū al-Ḥassan al-Hanānī al-'Azadī,أبي الحسن علي بن الحسن الهنائي الأزدي 
12824,Zayn al-Dīn 'Abdallāh Muḥammad b. 'Abū Bakir b. 'Abd al-Qādir al-Rāzī  al-Ḥanafī,زين الدين عبدالله محمد بن أبي بكر بن عبدالقادر الرازي الحنفي 
12825,Abū 'Abdallāh Muḥammad b. al-Ṭayyib b. Muḥammad al-Sharqī al-Fāsī,أبي عبدالله محمد بن الطيب بن محمد الشرقي الفاسي 
12826,Abū Muḥammad b. 'Abd al-Wahhāb 'Abd 'Alī al-Māliqī,أبي محمد عبدالوهاب عبد علي المالقي 
12827,Abū 'Ismā'īl b. al-Qāsim b. 'Ayzūn b. Hārūn,أبي علي اسماعيل بن القاسم بن عيذون بن هارون 
12828,Abū Sa'īd 'Uthmān b. Sa'īd al-Quṭabī,أبو سعيد عثمان بن سعيد القطبي
12829,Abū 'Isḥāq b.'Ibrāhīm b. Muḥammad b. 'Ibrāhīm b. abū  al-Qāsim al-Safāqsī,أبي اسحاق ابراهيم بن محمد بن إبراهيم بن أبي القاسم السفاقسي
12830,Jalāl al-Dīn Abū 'Abdallāh Muḥammad b. 'Aḥmad b. 'Ibrāhīm al-Maḥalī,جلال الدين أبي عبد الله محمد بن أحمد بن إبراهيم المحلي
12831,Aʿṭya b.  'Aʿṭya al-'Ajhwrī al-Shāf'ī,عطية بن عطية الأجهوري الشافعي 
12832,Abū 'Abdallāh Muḥammad b. Yūsuf al-'Abdarī,أبي عبدالله محمد بن يوسف العبدري 
12833,al-Mukhtār b. 'Aḥmad al-Kintī,المختار بن أحمد الكنتي 
12834,Arjūz 'abū 'Abdallāh  Muḥammad b. 'Ibrāhīm al-ʾAmawī al-Sharīsī,أرجوزة أبي عبد الله محمد بن إبراهيم الأموي الشريسي 
12835,Abū 'Abdallāh  Muḥammad b.  Yūsuf b.  'Abd al-Jalīl al-Tinsī,أبو عبدالله محمد بن يوسف بن عبدالله لن عبد الجليل التنسي 
12836,Ibrāhīm B. Sahel b. Muḥammad al-'Abdrī,إبراهيم بن سهل بن محمد العبدري
12837,Muḥammad b. 'Abd al-Salām b. Muḥammad al-Fāsī,محمد بن عبد السلام بن محمد الفاسي 
12838,Abū Zaīd 'Abd al-Raḥmān b. 'Idrīs al-ḥusnī,أبي زيد عبد الرحمن بن إدريس الحسنسي
12839,Muḥammad b. Muḥammad b. 'Ibrāhīm al-ʾAmawī,محمد بن محمد إبراهيم الأموي 
12840,Ali b. al-ḥasan ,علي بن الحسن 
12841,Abū al-Qāsīm b. Khalaf b. Fīra al-Ra'aīnī al-Shāṭibī ,أبي القاسم بن خلف بن فيرة الرعيني الشاطبي
12842,Aḥmad b. al-Makī  al-Sadrāstī  al-Salawī ,آحمد بن المكي السدراتي السلوي
12843,Abū 'Abdallāh  Muḥammad b. 'Isma'ī l b. 'Ibrahīm b. al-maghīra al-J'afī al-Bukharī ,أبي عبدالله محمد بن إسماعيل بن ابراهيم  بن  المغيرة الجعفي البخاري
12844,Abū 'Abdallāh Muḥammad b. Bhdār b.  'Abdallāh al-Maṣrī,أبي  عبدالله محمد  بن بهدار بن عبدالله المصري
12845,Muḥammad b. 'Aḥmad 'Ibn Ghāzī al-'Othmānī al-Maknāsī ,محمد بن أحمد ابن غازي العثماني المكناسي 
12846,Abū Bakir Muḥammad b. 'Othmān b. Mūsā al-ḥāzimī,أبي بكر محمد بن عثمان بن موسى الحازمي 
12847,al-'Arif Abū Zaīd 'Abd al-raḥman b. Muḥammad b. Yūsuf al-Fāsī,العارف أبي عبد الرحمن بن محمد بن يوسف الفاسي 
12848,Abū  'Abdallāh Muḥammad al-Tawādī b. Muḥammad al-ṭalib b. Sūda al-Marī,أبي عبدالله محمد التاودي بن محمد الطالب ابن سودة المري 
12849,Abū  Abdallāh Muḥammad b. 'Abd al-raḥman 'Ibn Zakarī al-Fāsī,أبي عبدالله محمد بن عبد الرحمن ابن زكري الفاسي 
12850,Abū Muḥammad 'Abd al-Qādir b.  'Aḥmad b. 'Abū Jīda al-Kūhn ,أبي محمد عبد القادر بن أبي جيدة الكوهن 
12851,Abū Muḥammad  Abdallāh b. Sa'aīd b. al-'abbas b. 'Abū ḥamza al-'Azdī al-Maṣrī,أبي محمد عبدالله  بن سعيد بن أبي العباس ابن أبي جمرة الأزدي المصري
12852,Abū Muḥammad  Abdallāh b. Sa'ad 'Ibn 'Abū Jamra,أبي محمد عبدالله بن سعد ابن أبي جمرة 
12853,Muslim b. al-ḥajāj al-Qishrī al-Nīsābūrī ,مسلم بن الحجاج القشيري النيسابوري 
12854,Abū Abdallāh Muḥammad b. Khalaf al-'Abī ,أبي عبدالله محمد بن خلف الأبي
12855,Abū Abdallāh Muḥammad b. Yūsuf al-ḥusnī  al-Sinūsī,أبي عبدالله محمد بن يوسف الحسني السنوسي
12856,Abū 'Issa Muḥammad b. 'Issa b. Sūra b. Mūsā al-Tarmidhī ,أبي عيسى محمد بن عيسى بن سورة بن موسى الترمذي 
12857,Abd al-Ra'oūf b. Tāj al-'Arfīn b. 'Alī al-mināwī ,عبد الرؤوف بن تاج العارفين بن علي المناوي 
12858,Ibn Mukhliṣ,ابن مخلص
12859,Abū Abdallāh Muḥammad b. Qāsim b. 'Aḥmad Jasūs,أبي عبدالله محمد (فتحا) بن قاسم بن أحمد جسوس 
12860,Abū Muḥammad  Abdallāh b. al-Raḥmān al-Dārmī  al-Samrqindī ,أبي محمد عبدالله بن الرحمن الدارمي السمرقندي 
12861,Abū 'Omar  Yūsuf b. Abdallāh b.  Muḥammad  b. 'Aṣem al-Nimrī al-Qurṭabī  ,أبي عمر يوسف بن عبدالله بن محمد البر بن عاصم النمري القرطبي
12862,Abū al-fateḥ b. Mūsā b. 'Omar b. Mūsā b. 'Aīāḍ al-Sabtī al-Yaḥṣbī,آبي الفتح عياض بن موسى بن عياض بن عمر بن موسى بن عياض السبتي اليحصبي
12863,al-Qāḍī 'Aīāḍ ,القاضي عياض 
12864,al-ḥasan al-ṣaghānī,الحسن بن الحسن الصغاني 
12865,Zakī al-Dīn  Abdallāh al-'Aẓīm b.'Abū  al-Qawī al-ḥāfeẓ al-mondhrī,زكي الدين عبدالله العظيم بن عبدالقوي الحافظ المنذري
12866,Aḥmad b. al-tawādī 'Ibn Sūda al-Marī ,آحمد بن التوادي ابن سودة المري 
12867,Abū Muḥammad 'Abd al-Qādir b. al-'Arabī  'Ibn Sharqūn,أبو محمد عبد القادر بن أحمد بن العربي ابن شرقون
12868,Abū 'Abdallāh Muḥammad b. 'Aḥmad binīs ,أبو عبدالله محمد بن أحمد بنيس 
12869,Shihāb al-Dīn 'Aḥmad b. ḥajr al-Haīthamī,شهاب الدين أحمد بن حجر الهيثمي 
12870,Abū  al-'Abbass 'Aḥmad Muḥib al-Dīn b.  'Abdallāh al-ṭabrī,أبي العباس أحمد محب الدين بن عبدالله الطبري 
12871,Abū 'Othmān Sa'īd b. 'Abū ' Ja'far  'Aḥmad b. 'Ibrāhīm b. Līyon al-Tībjī,أبي عثمان سعيد بن أبي جعفر أحمد بن ابراهيم ابن ليون التجيبي 
12872,Abū 'Abdallāh Muḥammad b. 'Abū al-Fāḍil Qāsim al-Raṣi' al-'Anṣarī,أبي عبدالله محمد بن أبي الفاضل قاسم الرصاع الأنصاري
12873,Abū al-Mawāhib 'Abd al-Wahāb b. 'Ali al-'Anṣarī al-Shafi'ī al-Maṣrī,أبي المواهب عبد الوهاب بن أحمد بن علي الأنصاري الشافعي المصري 
12874,Ali b. ḥusām al-Dīn 'Abdallāh al-Malik al-Hindī,علي بن حسام الدين عبد الله الملك الهندي
12875,Abū al-'Abbass 'Aḥmad b. Khalid al-Nāsrī al-Sīlāwī,أبي العباس أحمد بن خالد الناصري السلاوي 
12876,Muḥammad b. Ja'afar al-Kitanī al-ḥasanī ,محمد بن جعفر الكتاني الحسني 
12877,Abd al-raḥman b.  'Abdallāh b. 'Abū al-ḥasan al-sahīlī al-Othmānī ,عبدالرحمن  بن عبدالله بن أبي السهيلي العثماني 
12878,Zaīn al-Dīn 'Abū al-Fāḍil b. 'Abd al-raḥīm b. al-ḥusseīn  al-'Iraqī,زين  الدين أبي الفضل عبدالرحيم بن الحسين العراقي
12879,Abū al-mawāhib 'Abd al-Wahāb b. Aḥmad b. 'Ali al-'Anṣarī al-Shafi'ī al-Maṣrī,أب والمواهب عبد الوهاب بن أحمد بن علي الأنصاري الشريف المصري
12880,Ab al-'Abbass 'Aḥmad b. Khalid al-Nāsrī al-Sīlāwī,أبو العباس  أحمد بن خالد النصري السيلاوي 
12881,Abd al-raḥman b.  'Abdallāh b. 'Abū al-ḥasan al-sahīlī al-Othmānī ,عبدالرحمن بن عبدالله بن أبي الحسن السهيلي العثماني
12882,,يوسف بن إسماعيل النبهاني 
12883,Abd al ḥamīd b. Muḥammad 'Alī b.'Abd al-Qāder al-khaṭīb ,عبدالحميد  بن محمد علي بن عبد القادر الخطيب 
12884,Muḥammad b. 'Ahmad Bnīs ,محمد  بن أحمد بن أحمد بنيس 
12885,al-Fulūsī al-Maknisī,الفلوسي المكناسي 
12886,Muḥammad b. 'Abd al-raḥman 'Ibn Zakarī ,محمد  بن عبد الرحمن ابن زكري 
12887,Abū  'Abdallāh Muḥammad b. Rashīd al-Baghdādī,أبي عبدالله محمد بن رشيد البغدادي 
12888,Abū  'Abdallāh Muḥammad b. 'Abū Bakir 'Ibn al-Qiyam al-Jawzīa,أبي عبدالله محمد بن أبي بكر ابن القيم الجوزية 
12889,Muḥammad al-Haādī b. 'Ibrāhīm b. 'Alī al-Hadāwī ,محمد الهادي بن إبراهيم بن علي الهداوي 
12890,Omar b.  'Abdallāh b. 'Omar b. Yūsuf al-Faāsī al-Fahrī,عمر  بن عبدالله بن عمر بن يوسف الفاسي الفهري 
12891,Aḥmad b. 'Ibn Zakarī al-Mīnāwī al-Talmisānī,أحمد  بن محمد ابن زكري المانوي التلمساني
12892,Yūsuf b. Muḥammad b. Yūsuf al-Tawzrī,يوسف بن محمد بن يوسف التوزري 
12893,Abū 'Abdallāh Muḥammad b. 'Aḥmad Mīāra ,أبي عبدالله محمد بن أحمد ميارة 
12894,Muḥammad b. 'Abū Bakr al-Sahlī ,محمد بن أبي بكر السهلي 
12895,Muḥammad al-'Arabī b. Yūsuf  al-Faāsī,محمد العربي بن يوسف الفاسي
12896,Aḥmad b. Mubārak al-Sajlamānī al-Lamṭī,أحمد بن مبارك  السجلماسي اللمطي 
12897,ḥusseīn b. 'Alī b. 'Abd al-Shokūr al-ṭa'ifī al-Madanī,حسين بن علي بن عبد الشكور الطائفي المدني
12898,Aḥmad b. Muḥammad 'Ibn 'Ajība al-Taṭwānī ,أحمد بن محمد ابن عجيبة التطواني
12899,al-Mujīb Muḥammad b. 'Aḥmad al-Kintī  al-Tanbiktī ,المجيب محمد بن المختار بن أحمد الكنتي التنبكتي 
12900,Muḥammad al-Mu'tī  b. Muḥammad al-Sāliḥ al-Sharqāwī al-'Omarī ,محمد المعطي بن محمد الصالح الشرقاوي العمري 
12901,Muḥammad b. Buwjda Liḥilū ,محمد  بن بوجدة  لحلو 
12902,al-'ābid b. 'Aḥmad 'Ibn Sūda,العابد بن أحمد ابن سودة 
12903,al-'arabī b. 'Abdallāh  al-Mastārī,العربي بن عبدالله المستاري
12904,Muḥammad (Fatḥā) b. al-Qādir al-Faāsī,محمد (فتحا) بن عبد القادر الفاسي  
12905,Aḥmad b. al-ḥasan b. al-ḥasan,أحمد  بن الحسن بن الحسن 
12906,Abū Zakriya' Yiḥīa 'Ibn al-sikāk ,أبو زكرياء يحيى ابن السكاك
12907,Aḥmad  b. Muḥammad b. 'Ibrāhīm  al-Tamjiruti ,أحمد بن محمد بن إبراهيم التجروتي 
12908,al-Mokhtār b. 'Aḥmad b. 'Abū  Bakr al-Kintī  al-Tanbiktī al-Shanqīṭī,المختار بن أحمد بن أبي بكر المنتي التنبكتي الشنقيطي 
12909,Muḥammad b. al-Mokhtār al-Kintī  ,محمد بم مختار الكنتي 
12910,Muḥammad b. ṣadiq  Salīm al-'Aṭār al-Shāmī   al-Dimashqī   ,محمد صادق بن سليم العطالر الشامي الدمشقي 
12911,Muḥammad b.  'Aḥmad Mīāra ,محمد  بن أحمد ميارة 
12912,Muḥammad b.Yūsuf  al-Sinūsī ,محمد بن يوسف السنوسي 
12913,Abū Bakr b.  Saliḥ al-Kitāmī al-Maṣrī,أبي  بكر بن صالح الكتامي المصري
12914,Muḥammad b. 'Abd al-Salām b. ḥamdūn  binānī,محمد بن عبد السلام بن حمدون بناني
12915,Tāj al-Dīn 'Alī b.  Muḥammad 'Ibn al-Darīham al-Muselllī,تاج الدين علي بن محمد ابن الدريهم الموصلي 
12916,Abū Qāsem 'Abd al-Karīm b. Hawāzin b. 'Abd al-Mālik al-Qishīrī al-Nīsābūrī al-Shāfi'ī,آبي قاسم عبد الكريم بن هوازن بن عبد المللك القشيري النيسابوري الشافعي
12917,Abū  ḥāmid Muḥammad b. Muḥammad al-Ghazlānī ,حجة الإسلام أبي حامد محمد بن محمد الغازالي 
12918,Abd al-Karīm b. 'Ibrāhīm al-Jīliī,عبد الكريم بن إبراهيم الجيلي 
12919,Alī b. 'Aḥmad b. Muḥammad al-Kazūānī al-ḥamawī,علي بن أحمد بن محمد الكزواني الحموي
12920,abd al-Wahāb b. 'Aḥmad  b. 'Alī al-Sha'arānī ,عبد الوهاب بن أحمد بن علي الشعراني 
12921,Aḥmad b. Muḥammad al-Bakrī  al-Sharīsī al-Sīlawī ,أحمد بن محمد البكري  الشريسي السلاوي
12922,Qāsim b. ṣāleḥ al-Dīn al-Khānī al-ḥalabī,قاسم بن صلاح الدين الخاني الحلبي 
12923,Aḥmad b. 'Aḥmad Zaroūq al-Birensī,أحمد بن أحمد زروق البرنسي 
12924,Aḥmad b. 'Aḥmad 'Ibn 'Atta' 'Allah al-'Iskandarī,أحمد  بن أحمد ابن عطاء الله الاسكندري 
12925,Muḥammad al-Faḍil b. al-Haādy b. 'Aḥmad b. al-Majthūb b. 'Alī al-Shaheer b. 'Ibn 'Azūz Dafīn Zaghūān,محمد الفاضل بن الهادي بن أحمد بن المجذوب بن علي الشهير بابن عزرز دفين زغوان
12926,Muḥammad b. Mustafa b. Muḥammad Faādil ,محمد مصطفى بن محمد فاضل 
12927,Jamāl al-Dīn 'Othmān b. 'Omar b. 'Abū Bakr al-Maṣrī al-Mālikī,جمال الدين عثمان بن عمر بن أبي بكر المصري المالكي 
12928,Abū 'Amrū  'Othmān b. 'Omar b. 'Abū Bakr,أبي عمرو عثمان بن عمر بن أبي بكر 
12929,Nāsir  al-Dīn Muḥammad b. ḥasan al-Laqānī al-Mālikī,ناصر الدين محمد بن حسن اللقاني المالكي 
12930,Shihāb  al-Dīn  'Aḥmad b. 'Idrīs b.  'Abd al-raḥman  al-Laqānī al-Mālikī,شهاب الدين أحمد بن إدريس بن عبد الرحمن اللقاني المالكي 
12931,Tāj al-Dīn 'abd al-Wahāb b. al-Kāfī al-Sabakī,تاج  الدين عبد الوهاب بن عبد الكافي السبكي 
12932,Muḥammad b. Muḥammad b. 'Abū  Bakr al-Maqdisī al-Shāfi'ī,محمد بن محمد بن أبي بكر المقدسي الشافعي 
12933,Alī b. 'Aḥmad al-Najārī al-Sha'arānī al-Shāfi'ī,علي بن أحمد النجاري الشعارني الشافعي
12934,Abū al-'Abbass b. 'Abd al-Raḥmān ḥulūlū al-Qarawī,أبي العباس أحمد بن عبد الرحمن حلولو القروي 
12935,Ibrāhīm b. Ibrāhīm b. ḥasan al-Laqānī al-Masr'ī ,إبراهيم بن إبراهيم بن حسن اللقاني المصري المالكي 
12936,Zaīn al-Dīn b. 'Abdallāh al-'Azharī,زين  الدين خالد بن عبدالله الأزهري 
12937,Abū 'Abbass  'Aḥmad b.  'Aḥmad al-Berinsī al-Fāsī ,آبي عباس أحمد بن أحمد البرنسي الفاسي 
12938,Abū Yiḥya Zakriīā' b. Muḥammad al-'Anṣārī al-Khazrajī,أبي يحيى زكرياء بن محمد الأنصاري الخزرجي 
12939,Abdallāh b. 'Ibrāhīm b. al-'Imām al-'Alawī al-Shanqīṭī,عبدالله بن إبراهيم بن الإمام العلوي الشنقيطي 
12940,Ibn 'Abū  Zaīd al-Qaīruwānī ,ابن أبي زيد القيرواني 
12941,Abū al-ḥussein 'Alī b. Nāṣir al-Dīn Muḥammad b. Muḥammad  al-Shāthlī  al-Mālkī ,أبي  الحسين علي بن ناصر الدين محمد بن محمد الشاذلي المالكي 
12942,Nūr  al-Dīn 'Abū al-'Irshad 'Alī  b. Muḥammad al-'Ajhūrī ,نور الدين أبي الإرشاد على بن محمد الأجهوري 
12943,Iz al-Dīn Muḥammad b. 'Abū Bakr B. 'Abd al-'Azīz 'Ibn Jamā'a,عز الدين محمد بن أبي بكر بن عبدالعزيز ابن جماعة 
12944,Abd al-Raḥmān b. Na'īm al-Maghribī ,عبد الرحمن بن نعيم المغربي
12945,Abū 'Abdallāh b. Qāsm Jasūs ,أبي  عبدالله محمد بن قاسم جسوس 
12946,al-Qāḍī 'Abd-al-Wahāb b. 'Alī ' al-Baghdādī ,القاضي عبد الوهاب بن علي البغدادي
12947,al-Qāḍī 'Abū  'Isā 'Ibn Sahil b. 'Abdallāh al-'Asadī al-Jiyanī al-'Andulusī,القاضي آبي الأصبغ عيسى ابن سهل بن عبدالله الأسدس الجياني الآندلسي 
12948,Alī b.  'Abdallāh al-'Ansārī ,علي بن عبيدالله الأنصاري 
12949,,أبي القاسم محمد بن أخمد ابن جزي 
12950,al-ḥāfith 'Abū al-faḍl Muḥammad b.  'Aḥmad  b. Muḥammad 'Ibn Marzouq al-ḥafid al-Talmisānī ,الحافظ أبي الفضل محمد بن أخمد بن محمد ابن مرزوق الحفيد التلمساني
12951,Muḥammad b.  'Aḥmad 'Ibn Ghāzī   al-'Othmānī ,محمد بن أحمد بن علي ابن غازي العثماني 
12952, Muḥammad b. Ibrāhīm al-Tata'inī al-Masr'ī al-Mālkī,محمد بن إبراهيم التتائي المصري المالكي
12953,Shams al-Dīn  Muḥammad b. Ibrāhīm al-Tata'inī al-Masr'ī al-Mālkī,شمس الدين محمد بن ابراهيم النتائي المصري المالكي
12954,Abū 'Abdallāh Muḥammad b. Muḥammad al-ḥaṭāb al-Mālkī,أبي عبدالله محمد بن محمد الحطاب المالكي 
12955,Sālim b. Muḥammad 'Iz al-Dīn b. Muḥammad al-Sanhūrī al-Masr'ī x,سالم بن محمد غز الدين بن محمد السنهوري المصري المالكي 
12956,Abū Ya'aqoūb Yūsuf al-Fīshiī,أبي يعقوب يوسف الفيشي 
12957,al-'Arif billā 'Abū Zaīd 'Abd al-Raḥmān b.  Muḥammad b.  Yūsuf al-Fāsī,العارف بالله أبي زيد عبد الرحمن بن محمد بن يوسف الفاسي. 
12958,Abū al-'Abbass 'Aḥmad b. 'Aḥmad Bābā al-Tanbaktī al-Sūdānī ,أبي العباس أحمد بن أحمد بابا التنبكتي السوداني 
12959,Aḥmad b. 'Abd al-'Azīz al-Hilālī al-Sajlamāsī,أحمد بن عبدالعزيزالهلالي السجلماسي 
12960,Muḥammad b.  'Aḥmad b. Muḥammad al-Rahwānī ,محمد بن أحمد بن محمد الرهوني 
12961,al-Tata'i,التتائي 
12962,Muḥammad b. 'Abdallāh b. 'Alī al-Kharshī al-Mālkī,محمد بن عبدالله  بن علي الخرشي  المالكي 
12963,Muḥammad b. Muḥammad,محمد  بن محمد
12964,Alī b. Aḥmad  al-ṣa'īdī al-'Adwī al-Mālkī ,علي بن أحمد الصعيدي العدوي المالكي 
12965,Muḥammad b.al-Huseīn banānī ,محمد بن الحسين بناني 
12966,Muḥammad b. Aḥmad Banīs ,محمد بن أحمد بنيس 
12967,al-Qaṣrī  b. Muḥammad  b. al-Mokhtār b. 'Othmān b. al-Qaṣrī  al-Yalbī  al-Walātī  al-Na'amāwī ,القصري  بن محمد بن المختار بن عثمان بن القصري اليلبي الولاتي النعماوي 
12968,Barhām b. Abdallāh b. 'Abd al-Qāḍir al-damīrī al-Mālkī,بهرام بن عبدالله بن عبدالقاضر الدميري المالكي 
12969,Abū al-Qāsim Salmūn b. 'Alī 'Ibn Salmūn al-Kinānī,أبي القاسم سلمون بن علي ابن سلمون الكناني 
12970,Muḥammad b. al-Huseīn  Yūsuf ,محمد بن الحسين بن يوسف
12971,Abu 'Isḥaq  Ibrāhīm b. Mūsa b. Muḥammad al-Khamī al-Shaṭbī  tham al-gharnaṭī ,أبي اسحاق إبراهيم بن موسى بن محمد اللخمي الشاطبي ثم الغرناطي 
12972,Ibrāhīm b. 'Alī b. Muḥammad ,ابراهيم بن علي بن محمد 
12973,Abu Qāsim b. 'Aḥmad b. Muḥammad al-Balwī al-Qayrounī,أبي قاسم بن  أحمد بن محمد البلوي  القيروني 
12974,Muḥammad b.  'Abū al-Faḍil Qāsim al-Rāṣi'i al-'Anṣarī ,محمد بن آبي الفضل قاسم الرصاع الأنصاري 
12975,Alī b. Qāsim al-Tajibi al-Fasī  ,علي بن قاسم التجيبي الفاسي 
12976,Muḥammad b.  'Aḥmad b. Muḥammad Mayāra,محمد بن أحمد بن محمد ميارة 
12978,Aḥmad b.Yaḥya b. Muḥammad b. 'Abd al-Waḥid al-Warnashī al-Talmisānī al-Fasī  ,أحمد بن يحيى بن محمد بن عبد الواحد الورنشريسي التلمساني الفاسي
12979,Muḥammad b. Aḥmad b. Muḥammad,محمد  بن أحمد بن محمد 
12980,Muḥammad b. Aḥmad b. Muḥammad 'Ibn Ghāzī   al-'Othmānī al-Maknāsī,محمد بن أحمد بن محمد ابن غازي العثماني المكناسي 
12981,Muḥammad b. Muḥammad b. 'Abd al-Raḥmānī al-Ra'aīnī,محمد بن محمد بن عبد الرحمن الرعيني 
12982,Qāsim b. Musa 'Ibn Al-Talydī al-'Akhmāsī,قاسم بن موسى ابن يامون التليدي الأخماسي 
12983,Abū al-Mahdī 'Issā b. 'Abd al-Raḥmān al-Rajrājī al-Saktānī,ابو المهدي عيسى بن عبدالرحمن الرجراجي السكتاني 
12984,Alī b. Muḥammad al-Qarshī al- Basṭī ,علي بن محمد القرشي البسطي  
12985,Muḥammad b. Muḥammad b. ʿAbd al-Raḥmān al-ḥaṭāb al-Mālikī ,‏محمد بن محمد بن عبد الرحمن الحطاب المالكي
12986,Muḥammad al-Taūdī  b. al-ṭalb 'Ibn Soūda ,محمد التاودي بن الطالب ابن سودة 
12987,Muḥammad 'Ibrahīm al-Baqoūrī  al-'Andalosī  ,محمد بن ابراهيم البقوري الأندلسي 
12988,Muḥammad b. 'Abu al-Qāsim b. Muḥammad b. 'Abd al-Jaleel al-Sajlimānī al-Rabāṭī,محمد بن أبي القاسم بن محمد بن عبد الجليل السجلماسي الرباطي 
12989,al-Mokhtār b. 'Aḥmad al-Mālikī al-Jneīdī al-'Ash'arī ,المختار بن أحمد المالكي الجنيدي الأشعري
12990,Qādī Marakish al-'Abbas b. Muḥammad 'Ibn 'Ibrāhīm al-Marakish ,قاضي مراكش العباس بن محمد ابن إبراهيم المراكشي 
12991,Muḥammad b. 'Ibrāhim al-lakhmī ,محمد بن ابراهيم اللخمي 
12992,Alī b. Muḥammad al-Zarūīlī,علي  بن محمد الزرويلي 
12993,Abd al-Waḥid b. 'Aḥmad b. 'Alī 'Ibn 'Asher,عبد الواحد بن أحمد بن علي  ابن عاشر  
12994,Abū Muḥammad Abdallāh b. 'Abd al-Raḥmān 'Ibn 'Abū Zaīd al-Qayroūānī,أبو محمد عبدالله بن عبد الرحمن ابن أبي زيد القيرواني  
12995,Abū al-ḍiya'a Khalīl b. 'Isḥaq al-Masrī,أبو الضياء خليل بن  إسحاق المصري  
12996,Alī b. Qāsim al-Tajibi al-Fasī  ,علي بن القاسم التجيبي الفاسي 
12997,Ibn Hišām al-Anṣarī,ابن هشام الأنصاري 
12998,Ḥabīb ibn Aws ibn al-Ḥārt̲h̲ al-Ṭā’ī,حبيب بن أوس بن الحارث الطائي
12999,Abū al-Ḳāsim Ibrahīm ibn Muḥammad,أبو القاسم إبراهيم بن محمد
13000,Al-Ḥārit̲ ibn Saʿīd ibn Ḥamdān al-Ḥamdāniy al-Taġlabiy,الحارث بن سعيد بن حمدان الحمداني التغلبي
13001,Abū l-Fatḥ ʿUthmān ibn Jinnī,أبو الفتح عثمان بن جني الموصلي
13002,Abū Ǧumʿa Saʿīd ibn Masʿūd al-ṣinhāǧī al-Marākišī, أبو جمعة سعيد بن مسعود الصنهاجي المراكشي
13003,Ǧamāl Al Dīn Muḥammad ibn Aṣbaġ,جمال الدين محمد ابن أصبغ
13004,ʿUmar ibn ʿabd Allah ,‏عمر بن عبد الله
13005,ʿabd al-Malik ibn ʿabd Allah ibn Badrūn,عبد الملك بن عبدالله ابن بدرون
13006,Bahāʾ al-Dīn Zuhayr ibn Muḥammad ibn ʿali al-Mahlabī,بهاء الدين زهير بن محمد بن علي المهلبي
13007, Muḥammad al-ṣaġīr ibn Muḥammad ibn ʿabid,محمد الصغير بن محمد بن عبدالله
13008, Abū al-Ḳāsim Muḥammad ibn Aḥmad al-Šarīf,أبو القاسم محمد بن أحمد الشريف
13009,Masʿūd ibn Ḥasan ibn ʾAbi Bakr al-Ḳināwī,مسعود بن حسن بن أبي بكر القناوي الحسيني
13010,Ḥamdūn ibn al-Ḥaǧ al-Silmī,حمدون بن الحاج السلمي
13011,Muḥammad al-Makī al-Baṭāuwriy,محمد المكي البطاوري
13012,Al-Makī ibn Muḥammad ibn ʻAlī al-Baṭāuwriy al-Ribāṭiy,المكي بن محمد بن علي البطاوري الرباطي
13013,Al-Ḳāsim ibn ʻAlī ibn Muḥammad ibn ʿUt̲mān,القاسم بن علي بن محمد بن عثمان
13014,Aḥmad ibn ʿAbd al-Ḥaī al-Ḥalabiy al-Šāfiʿiy al-Fāsiy,أحمد بن عبد الحي الحلبي الشافعي الفاسي 
13015,Abū-ʻAlī Ismāʻīl Ibn-al-Qāsim al- Abū-ʻAlī al-Qālī,أبي علي إسماعيل بن القاسم القالي
13016,Ǧamāl al-Dīn Abi-Bakr Muḥammad ibn Muḥammad al-Ḥasan al-Ǧid̲āmiy,جمال الدين ابي بكر محمد بن محمد بن الحسن الجذامي
13017,Abi-Naṣr al-Fatḥ ibn Muḥammad ibn ʿUbaid Allah al-Ḳaisiy al-ʾIšbīliy,أبي نصر الفتح بن محمد بن عبيدالله القيسي الإشبيلي
13018,Ǧamāl al-Dīn Muḥammad ibn ʾIbrāhīm ibn Yaḥya ibn ʿAliy al-ʾAnṣariy,جمال الدين محمد بن إبراهيم بن يحيى بن علي الأنصاري
13019,Muḥammad ibn ʿAbd Allah Ibn Saʿīd al-Salmaniy,محمد بن عبد الله بن سعيد السلماني
13020,Šams al-Dīn Muḥammad ibn al-Ḥasan al-Nawāǧiy,شمس الدين محمد بن الحسن النواجي
13021,Abu Yeḥyā Zakariyā ibn Muḥammad al-ʾAnṣariy,أبو يحيى زكريا بن محمد الأنصاري
13022,Abi ʿAbd Allah Muḥammad ibn Saʿīd al-Murġatiy al-Sūsiy,ابي عبد الله محمد بن سعيد المرغتي السوسي
13023,Abi Madyan Muḥammad ibn Aḥmad al Fāsiy,أبي مدين محمد بن احمد الفاسي
13024,Aḥmad ibn Muḥammad al-Rifāʿiy,احمد بن محمد الرفاعي
13025,Abū Muḥammad ʿAlī ibn Aḥmad ibn Saʿīd ibn Ḥazm,أبي محمد علي بن سعيد ابن حزم
13026,Al-Ḥasan ibn ʿAbd-Allah ibn Muḥammad ibn ʿUmar al-ʿAbāsiy,الحسن بن عبد الله بن محمد بن عمر العباسي
13027,Abū al-Ḥasan ‘Alī ibn Abī Zar‘ al-Fāsī,أبو الحسن علي بن أبي زرع الفاسي
13028,Muḥammad ibn ʿAbd-Allah ibn ʿAbd al-Ǧalīl al-Tansiy,محمد بن عبد الله بن عبد الجليل التنسي
13029,Abi ʿAbd-Allah Muḥammad ibn ʿAlī Abnaʾ Ḥayūn al-Burǧiy,أبي عبد الله محمد بن علي أبناء حيون البرجي
13030,Abi al-ʿAbās Aḥmad ibn Muḥammad ibn ʿAlī ibn al-ʿAfiya al-Miknāsiy,أبي العباس أحمد بن محمد بن علي بن أبي العافية المكناسي
13031,Abi ʿAbd-Allah Muḥammad ibn Abi al-Bakriy al-ṣidīḳiy,أبي عبدالله محمد بن أبي السرور البكري الصديقي
13032,Muḥammad al-ṣaġīr ibn ʿAbd-Allah ibn ʿAlī Al-Ifrāniy,محمد الصغير بن عبد الله بن علي الإفراني
13033,ʿAbd al-Ḳadir ibn Muḥammad ibn Aḥmad ibn al-Ḥasan,عبد القادر بن محمد بن أحمد بن الحسن
13034,Abi ʿAbd-Allah Muḥammad ibn Aḥmad ,أبي عبدالله محمد بن أحمد 
13035,Muḥammad ibn ʿAlī al-Dakāliy al-Silāwiy,محمد ابن علي الدكالي السلاوي
13036,Abi al-ʿAbās Aḥmad ibn Ḥusain ibn ʿAlī al-Ḳusṭanṭīniy,أبي العباس أحمد بن حسين بن علي القسطنطيني
13037,Muḥammad ibn ʿAlī ibn ʿUmar,محمد بن علي بن عمر
13038,Ḥamad ibn Abi al-Ḳasim ibn Muḥammad ibn Sālim ibn ʿAbd al-ʿAzīz al-Šaʿbiy al-Harwiy al-Tadiliy,حمد بن أبي القاسم بن محمد بن سالم بن عبد العزيز الشعبي الهروي التادلي
13039,Abi ʿAli Nūr al-Dīn al-Ḥasan ibn Masʿūd al-Yousiy,أبي علي نور الدين الحسن بن مسعود اليوسي
13040,Abi ʿAbd-Allah Muḥammad ibn Muḥammad ibn ṭahir ibn ʿAishūn,أبي عبدالله محمد بن محمد بن طاهر بن عيشون
13041,Abi ʿAbd-Allah Muḥammad al-Mahdiy ibn Aḥmad ibn Abi al-Maḥāsin Yūsif,أبي عبد الله محمد المهدي بن أحمد بن أبي المحاسن يوسف
13042,Abi ʿAbd-Allah Muḥammad al-ṣaġīr ibn Muḥammad ibn ʿAbd-Allah al-Ifrāniy,أبي عبد الله محمد الصغير بن محمد بن عبد الله الإفراني
13043,Muḥammad ibn ʿAlī ibn Muḥammad al-Manāliy al-Zabādiy,محمد بن علي بن محمد المنالي الزبادي
13044,Sulaimān ibn Muḥammad ibn ʿAbd-Allah al-Šifšāūniy,سليمان بن محمد بن عبد الله ‏الشفشاوني
13045,Aḥmad al-Bukaī ibn Muḥammad ibn al-Muḫtār al-Kintiy al-Ḳādiriy,أحمد البكاي بن محمد بن المختار الكنتي القادري
13046,Abi ʿAbd-Allah Muḥammad al-ṭālib ibn ḥamdūn ibn al-ḥāǧ al-Silmiy al-Fāsiy al-Mālikiy,‏أبي عبدالله محمد الطالب بن حمدون ابن الحاج السلمي ‏الفاسي المالكي
13047,Abi Muḥammad ʿAbd al-ḥaḳ ibn Ismāʿīl ibn Aḥmad ibn Ibrāhīm ibn Muḥammad ibn al-ḫuḍr al-Bādisiy,أبي محمد عبد الحق بن إسماعيل بن أحمد بن محمد بن الخضر البادسي
13048,ʿAlī ibn Muḥammad ibn ʿAli al ʿAkāriy,علي ابن محمد ابن علي العكاري
13049,Abi ʿAbd-Allah Muḥammad ibn Ibrāhīm ibn ʿUmar ibn ʿAlī al-Malāliy,‏أبي عبد الله محمد بن إبراهيم بن عمر بن علي الملالي
13050, Muḥammad ibn Muḥammad al-ṣaġīr al-Šanḳītiy al-Tiǧāniy ṭarīḳa,محمد بن محمد الصغير الشنقيطي  التجاني طريقة
13051,Muḥammad ibn Muṣṭafa ibn al-ḥāǧ al-Bašīr al-Ḳundūsiy,محمد بن مصطفى ابن الحاج البشير القندوسي
13052,Muḥammad ibn Aḥmad ibn al-Musnāwiy,محمد بن أحمد ابن المسناوي
13053,Abu al-ʿAbās Aḥmad bin Ǧaʿfar al-Anṣariy al-ḫuzraǧiy al-Sabtiy,أبو العباس أحمد بن جعفر الأنصاري الخزرجي السبتي
13054, Muḥammad ibn al-ʿArabiy al-Dalāʾiy al-Mǧāṭiy,محمد بن العربي الدلائي المجاطي
13055,Muḥammad ʿAbd al-ḥaī al-Kutāniy,‏محمد عبد الحي الكتاني
13056,Muḥammad b.ʿUmar b. Mubārak al-ḥaḍramī al-yemenī,محمد بن عمر بن مبارك الحضرمي اليمني
13057,Aḥmad ibn Muḥammad ibn Abi al-Ḳāsim al-ʿIšmāwiy,أحمد بن محمد بن أبي القاسم العشماوي
13058,Aḥmad ibn Aḥmad ibn ʿUmar Muḥammad Aḳīt ,أحمد بن أحمد بن عمر بن محمد أقيت
13059,Muḥammad al-ʿArabiy ibn al ṭayib ibn Muḥammad al-Ḳadiriy,محمد ‏العربي بن الطيب بن محمد القادري
13060,Šihāb al-Dīn Aḥmad ibn ʿAlī al-Kināniy al-ʿIsḳalāniy ,شهاب الدين أحمد بن ‏علي الكناني العسقلاني 
13061,ʿAbd al-Majīd ibn 'Alī ibn Muḥammad b. 'Alī al-Manālī al-ḥussnī ,عبد المجيد بن علي بن محمد المنالي الحسني
13062,ʿAbd al-Raḥmān ibn Idrīs al-Manǧara al-ḥussnī ,عبد الرحمن بن إدريس المنجرة الحسني
13063,Abi Mudīn Muḥammad ibn Aḥmad ibn Muḥammad ibn ʿAbd al-Ḳādir,أبي مدين محمد بن أحمد بن محمد بن عبد القادر
13064,Abi ʿAbd-Allah Muḥammad ibn ʿAbd-Allah ibn Abi Bakr al-Ḳuḍāʿiy al-Balnasiy ,‏أبي عبدالله محمد بن عبد الله بن أبي بكر القضاعي البلنسي 
13065,Lisān al-Dīn Abi ʿAbd-Allah Muḥammad ibn ʿAbd-Allah ibn al-ḫatīb al-Salmāniy,لسان الدين أبي عبدالله محمد بن عبد الله بن الخطيب السلماني
13066,Muḥammad ibn ʿAbd al-Salām Banāniy,محمد بن عبد السلام بناني
13067, Muḥammad ibn ʿAlī ibn Muḥammad ibn ʿAbd Rabbih al-ḥafīd,محمد بن علي بن محمد ابن عبد ربه الحفيد
13068, Aḥmad ibn al-Mahdiy al-Ġazzāl,أحمد بن المهدي الغزّال
13069,Rifāʿa bin Rāfiʿ al-ṭihṭāwiy,رفاعة بك رافع الطهطاوي
13070,ʿAbd-Allah ibn Muslim ibn Ḳutaība al-Dīnūriy,عبد الله بن مسلم بن قتيبة الدينوري
13071,Muḥammad ibn Ibrāhīm ibn Yūsif ibn ʿAbd al-Raḥmān al-ḥanbaliy al-Rubʿiy al-ḥanfiy,محمد بن إبراهيم بن يوسف بن عبد الرحمن ابن الحنبلي الربعي الحنفي
13072,ʿAbd al-Salām ibn al-ṭayyib al-Ḳadiriy al-ḥasanī,عبد السلام بن الطيب القادري الحسني
13073,Abi al-ʿAbās ibn Aḥmad ibn Muḥammad ibn Yaʿḳūb al-Walāliy,‏أبي العباس أحمد بن محمد بن يعقوب الولالي
13074,Abi ʿAbd-Allah Muḥammad ibn Yūsif al-Sanūsiy,‏أبي عبدالله محمد بن يوسف السنوسي
13075,ʿAbd al-Raḥmān ibn Muḥammad al-ṣaġīr al-Aḫḍariy,عبد الرحمن بن محمد الصغير الأخضري
13076,Abi ʿAbd-Allah Muḥammad ibn ʿAbd-Allah ibn Mālik al-ṭāʾī al-Ǧiyānī,أبي عبدالله محمد بن عبد الله ابن مالك الطائي الجياني
13077,Aḥmad ibn Muḥammad ibn Yaʿḳūb al-Walālī  al-Miknāsī,أحمد بن محمد ابن يعقوب الولالي المكناسي
13078,Saʿīd ibn Ibrāhīm Ḳadūra,سعيد بن إبراهيم قدورة
13079,Abu ʿAbd-Allah Muḥammad ibn al-ḥasan ibn Masʿūd Banānī,أبو عبد الله محمد بن الحسن بن مسعود بناني
13080,Abi al-ḥasan ʿAlī ibn Idrīs  ʿAlī Ḳaṣāra,‏أبي الحسن علي بن إدريس بن علي قصارة
13081,Abi Zeid ʿAbd al-Raḥmān ibn Muḥammad al-ṣaġīr al-Aḫḍariy,أبي زيد عبد الرحمن بن محمد الصغير الاخضري
13082,ʿUbaid Allah ibn Faḍl Allah al-ḫubaisiy ,عبيد الله بن فضل الله الخبيصي
13083,Muḥammad ibn Aḥmad ibn Marzūḳ al-ḥafīd al-Talmasāniy,‏محمد بن أحمد بن مرزوق الحفيد التلمساني
13084,Abu al-Rīḥān Muḥammad ibn Aḥmad al-Bayrūnī,‏أبو الريحان محمد بن أحمد البيروني
13085,Badr al-Dīn Muḥammad ibn Muḥammad ibn Aḥmad Sabṭ al-Mārdīnī al-Šāfiʿiy ,‏بدر الدين محمد بن محمد بن أحمد سبط المارديني الشافعي ‏
13086,Abi ʿAbd-Allah Muḥammad ibn Aḥmad al-Ġāzī al-ʿUt̲mānī  al-Miknāsī,‏أبي عبدالله محمد بن أحمد ابن غازي العثماني المكناسي
-,Not mentioned,غير مذكور
13087,Šams al-Dīn Muḥammad ibn Aḥmad ibn Iyās al-ḥanfiy,شمس الدين محمد بن أحمد ابن إياس الحنفي
13088,ʿAlī ibn Muḥammad ibn abi al-Ḳasim al-Dādsī,علي بن محمد بن أبي القاسم الدادسي
13089,Muḥammad al-ʿArabiy ibn ʿAbd al Raḥmān Mufriǧ al-šifšāwniy,‏محمد العربي بن عبد الرحمن مفرج الشفشاوني
-,Not mentioned,غير مذكور
13090,Muḥammad ibn ʿAlī al-ḥumaidī,محمد بن علي الحميدي
13091,Ismāʿīl ibn Musṭafā al-Kalnabwiy Al-Rūmiy al-ḥanfiy,اسماعيل بن مصطفى الكلنبوي الرومي الحنفي
13092,Muḥammad ibn ʿAlī ibn Ibrāhīm Al-Ǧabratī,محمد بن علي بن إبراهيم الجبرتي
-,Not mentioned,غير مذكور
13093,Aḥmad ibn ḥumeid al-Maṭrafī Al-Mirākšī,أحمد بن حميد المطرفي المراكشي
13094,Ibrāhīm Aftadī,‏إبراهيم أفتدي
13095,Abi Zeid ʿAbd al-Raḥmān Al Tāǧūrī,أبي زيد عبد الرحمن التاجوري
13096,Muḥammad ibn Abi Al Fatḥ ibn Al ṣūfī Al Maṣrī,‏محمد بن أبي الفتح بن الصوفي المصري
13097,Yaḥyā ibn Muḥammad ʿAbd Al Raḥmān Al ḥaṭāb,‏يحيى بن محمد بن عبد الرحمن الحطاب
13095,Abi Zeid ʿAbd al-Raḥmān Al Tāǧūrī,أبي زيد عبد الرحمن التاجوري
13098,Abi Al Ḳāsim Aḥmad ibn ʿAbd-Allah ibn ʿUmar Al ṣafār Al Ḳurṭubiy,أبي القاسم أحمد بن عبد الله بن عمر الصفار القرطبي
13093,Aḥmad ibn ḥumeid al-Maṭrafī Al-Mirākšī,أحمد بن حميد المطرفي المراكشي
13099,Abi ʿAbd-Allah Muḥammad ibn Aḥmad ibn Abi Yaḥyā Al ḥabāk Al Talmasāniy,أبي عبدالله محمد بن أحمد بن أبي يحيى الحباك ‏التلمساني
13100, ʿAbd al-Raḥmān ibn Ġālib ibn ʿAbd al-Raḥmān Al-Taǧībī,عبد الرحمن بن غالب بن عبد الرحمن التجيبي
13101,Abi ʿAbd-Allah Muḥammad ibn Saʿīd Al Murġaitī,‏أبي عبدالله محمد بن سعيد المرغيتي
13102,ʿAbd al-Raḥmān ibn  ʿAbd al-Ḳādir,عبد الرحمن بن عبد القادر
13103,Šihāb al-Dīn Aḥmad ibn Ġulām Allāh ibn Aḥmad al-Kūmī al-Rīshī,‏شهاب الدين أحمد بن غلام الله الكومي الريشي
13104,ʿAlāʾ al-Dīn ʿAlī ibn Ibrāhīm ibn Muḥammad,‏علاء الدين علي بن إبراهيم بن محمد 
13105,Aḥmad ibn Yūsif ibn Baṣ Al Ḳurtabiy,‏أحمد بن يوسف ابن باص القرطبي
13106,ʿAlī ibn Māmī Al ḥanfī,علي بن مامي الحنفي
13107,Maḥmūd ibn Muḥammad ibn ʿUmar Al Ǧuġmainiy,‏محمود بن محمد بن عمر الجغميني
13108,ʿUmar ibn  ʿAbd al-Raḥmān Abi Al Ḳāsim Al Ḳaršī Al Maḫzūmī,عمر بن عبد الرحمن بن أبي القاسم القرشي المخزومي 
13109,Abi Al Rabīʿ Sulaimān ibn Aḥmad Al Faštālī,‏أبي ‏الربيع سليمان بن أحمد الفشتالي
13110,Abi ʿAbd-Allah Muḥammad ibn Aḥmad ibn Ismāʿīl Al Muḳriʾ ,أبي عبدالله محمد بن أحمد بن إسماعيل المقرئ
13111,Muḥammad ibn Aḥmad ʿAbd Al Raḥīm Al Mazī,محمد بن أحمد بن عبد الرحيم المزي
13112,Aḥmad ibn Aḥmad ʿAbd Al ḥaḳ Al Sinbāṭiy,‏أحمد بن أحمد عبد الحق السنباطي
13113,Aḥmad ibn Raǧab Al Maǧdī Al Šāfiʿī,أحمد بن رجب المجدي الشافعي
13114,Shehāb 'l-Dīn 'Aḥmad Al Mārdīnī,شهاب الدين أحمد المارديني
13115,Al Sulṭān Sīdī Muḥammad ibn ʿAbd al-Raḥmān Al ʿUlawī,‏السلطان سيدي محمد بن عبد الرحمن العلوي
13116,Abi ʿUt̲mān Sahl Bušr Al Isrāʾīlī ,‏أبي عثمان سهل ابن بشر الإسرائيلي
13117,ʿAlī ibn ʿAbd-Allah ibn Haidūr Al Tādilī,علي بن عبد الله ابن هيدور التادلي
13118,ʿAbd al-Raḥmān ibn ʿAmrö ibn Aḥmad Al Ǧuzūlī Al Buʿḳīlī,عبد الرحمن عمرو بن أحمد الجزولي البعقيلي
13119,ʿAlī ibn Muḥammad ibn Muḥammad Al Ḳuršī Al Basṭī,علي بن محمد بن محمد القرشي البسطي
13120,ʿAbd al-Raḥmān ibn ʿAbd al-Ḳādir ,‏عبد الرحمن بن عبد القادر
13121,Muḥammad ibn Saʿīd Al Sūsī Al Murġaitī,محمد بن سعيد السوسي المرغيتي
13122,Aḥmad ibn Muḥammad Al ābār,‏أحمد بن محمد الابار
13123,Aḥmad ibn ʿAbd Al Ǧalīl Al Šarāibī,أحمد بن عبد الجليل الشرايبي
13124, Muḥammad ibn Al ṭayyib Skīrǧ,محمد بن الطيب سكيرج
13125,Abi ʿAbd-Allah Muḥammad ibn Aḥmad Al ḥabāk Al Talmasānī,‏أبي عبدالله محمد بن أحمد الحباك التلمساني
13126,Badr al-Dīn Muḥammad ibn Muḥammad ibn Aḥmad Sabṭ al-Mārdīnī al-Šāfiʿiy ,‏بدر الدين محمد بن محمد بن أحمد سبط المارديني الشافعي ‏
13127,ʿAbd Al Laṭīf ibn Aḥmad ibn Muḥammad ibn ʿAlī,عبد اللطيف بن أحمد بن محمد بن علي
13128,Aḥmad ibn Muḥammad Al Rifāʿī  Al ḥasanī,أحمد بن محمد الرفاعي الحسني
13129,Muḥammad Al Muʿṭī ibn Aḥmad Al ṭayyib Mūrīnū,محمد المعطي بن أحمد الطيب مورينو
13130,Aḥmad ibn ḥasan ibn ʿAlī,‏أحمد بن حسن بن علي 
13131,ḥamdūn Al Šalabī,‏حمدون الشبلي
13132,Muḥammad Al ḫibzāwī ibn ʿAbd al-Ḳādir  ibn ʿUt̲mān Al Būʿlāmī Al Idrīsī  Al ḥasanī,‏محمد الخبزاوي بن عبد القادر بن عثمان البوعلامي الإدريسي الحسنى
13133,Aḥmad ibn Yūsif ibn Aḥmad Al Tīfāšī,‏أحمد بن يوسف بن أحمد التيفاشي
13134,Muḥammad ibn Muḥammad ibn Sīrīn Al Maṣrī,‏محمد بن محمد بن سيرين المصري
13135,Muslima ibn Aḥmad ibn Ḳāsim ibn Ibrāhīm ibn ḥātim Al Ḳurṭubī Al Maǧrīṭī,‏مسلمة بن أحمد بن قاسم بن إبراهيم ابن حاتم القرطبي المجريطي
13136,ʿAlī ibn abi Al Raǧul Al Šaibānī Al Ḳirwānī,‏علي بن أبي الرجل الشيباني القيرواني
13137,Muḥyī Al Dīn Aḥmad ibn ʿAlī ibn Yūsif Al Ḳiršī Al Būnī,‏محيي الدين أحمد بن علي بن يوسف القرشي البوني
13138,ʿAlī ibn Yūsif Al Ḳiršī Al Būnī,علي بن يوسف القرشي البوني
13139,ʿAbd al-ḥaḳ ibn Ibrāhīm ibn Sabʿīn Al Išbīlī,عبد الحق بن إبراهيم بن سبعين الإشبيلي
13140,Muḥammad ibn Al ḥāǧ ibn ʿĀmir Al Ġasānī ,‏محمد بن الحاج بن عامر الغساني
13141,Muḥammad ibn Aḥmad ibn ʿAbd al-Mulk Al ḥasanī Al Maṣmūdī,‏محمد بن أحمد بن عبد الملك الحسني المصمودي
13142,Ǧamāl Al Dīn ʿAbd al-Mulk ibn ʿAbd-Allah Al Marǧānī Al Ḳiršī al Burmakī,جمال الدين عبد الملك بن عبد الله المرجاني القرشي البر مكي
13143,Abi Bakr Muḥammad ibn ʿAlī ibn Muḥammad ibn Al ʿArabī Al ḥātimī,‏أبي بكر محمد بن علي بن محمد ابن العربي الحاتمي
13144,ʿAbd-Allah Al Riḳād,‏ ‏عبد الله الرقاد
13145,Abi Al Ḳāsim ibn Aḥmad ibn Muḥammad ,‏أبي قاسم بن أحمد بن محمد 
13146,Salīm Al Wāʿiẓ,‏سليم الواعظ
13147,Abi Al ʿAbās Aḥmad Ǧaʿfar Al Anṣārī Al Sabtī,‏أبي العباس أحمد بن جعفر الأنصاري السبتي
13148,Al Makī ibn Muḥammad ibn ʿAlī al-Baṭāuwriy Al Ribāṭī,‏المكي بن محمد بن علي البطاوري الرباطي
13149,ʿAlī ibn Mūsā ibn Arfaʿ Raʾs Al Anṣārī Al Ǧiyānī,‏علي بن موسى ابن أرفع رأس الأنصاري الجياني
13150,ʿUmar ibn ʿAbd al-Raḥmān ibn Yūsif Al Ǧiznāʾī,‏عمر بن عبد الرحمن يوسف الجزنائي
13151,Muḥammad ibn Abi Al ḳāsim ibn Al ḳāḍī,‏محمد بن أبي القاسم ابن القاضي
13152,Sulaimān Al Rūmī ibn ḥamzā ibn Naḥtašīšī Al ḥanfī,‏سليمان الرومي بن حمزة بن نحتشيش الحنفي
13153,Abi Rīḥān Muḥammad ibn Aḥmad Al Bīrūnī Al ḫūwārzimī,‏أبي الريحان محمد بن أحمد البيروني الخوارزمي
13154,Abi Al ḳāsim ḫalaf ibn ʿAbās Al Zahrāwī ,‏أبي القاسم خلف بن عباس الزهراوي
13155,Yaḥyā ibn ʿĪssā ibn Ǧazla,يحيى بن عيسى ابن جزلة
13156,Yūsif ibn Isḥāḳ ibn Baklāriš,‏يوسف بن إسحاق ابن بكلارش
13157,Dāwūd ibn ʿUmar Al Anṭākī ,‏داود بن عمر الأنطاكي
13158,Aḥmad ibn ṣāliḥ ibn Ibrāhīm Al Marābiṭ Al Daraʿī,‏أحمد بن صالح إبراهيم المرابط الدرعي
13159,ʿAbd-Allah ibn ʿAzūz Al-Mirākšī Al Sūsī,‏عبد الله ابن عزوز المراكشي السوسي 
13160,Yūḥnā Yaḥyā ibn Baḫtišūʿ ,‏يوحنا يحيى بن بختيشوع
13161,Muḥammad Al Mahdī ibn Ibrāhīm  Al ṣnūbrī,محمد المهدي بن إبراهيم الصنوبري
13162,Al ḥasan ibn Aḥmad Al ḥāyik Al Taṭwāniy,‏الحسن بن أحمد الحايك التطواني
13163,Muḥammad ibn ʿAbd Allah Al Ḳanṭarī,محمد ابن عبدالله القنطري
13163,Al Muʿāfā ibn Ismāʿīl ibn ḥussain ibn abi Al Sinān al Šaibānī Al Mūsalī Al Šāfiʿī,المعافى بن إسماعيل بن الحسين بن أبي السنان الشيباني الموصلي الشافعي
13164,Muḥammad ibn Muḥammad ibn Al Sālik Al Ǧarnī,‏محمد بن محمد بن السالك الجرني
13165,Aḥmad ibn Muḥammad ibn ʿAǧība Al Lanǧarī Al Taṭwānī,‏أحمد بن محمد ابن عجيبة اللنجري التطواني
13166,ʿAz Al Dīn Muḥammad ibn ʿAbd Al Salām ibn Aḥmad ibn Ġānim Al Maḳdisī,‏عز الدين محمد بن عبد السلام بن أحمد ابن غانم المقدسي
13167,Aḥmad ibn ʿAbd Al ʿAzīz Al Hilālī Al Saǧlamāsī ,‏أحمد بن عبد العزيز الهلالي السجلماسي
13168,ḫālid ibn ʿAbd Allah Al Azharī,‏خالد بن عبد الله الأزهري
13169,Saʿīd ibn Abi Jaʿfar Aḥmad ibn Ibrāhīm ibn Līyon Al Tiǧībī,‏سعيد بن أبي جعفر أحمد بن إبراهيم ابن ليون التجيبي
13170,Muḥammad ibn Muḥammad ibn Al ḥāǧ Al Mufaḍal Al Baḳālī,‏محمد بن محمد بن الحاج المفضل البقالي
13171,Muḥammad ibn Aḥmad Al Misnāwī Al Dilāʾī,‏محمد بن أحمد المسناوي الدلائي
13172, ʿAlī ʿĪssā ibn ʿAlī Al Šarīf Al ḥasanī Al ʿIlmī,‏علي بن عيسى بن علي الشريف الحسني العلمي 
13173,ʿAbd al-Raḥmān ibn Muḥammad Al Fahrī,‏عبد الرحمن بن محمد الفهري
13174,Muḥammad ibn ʿAbd Al Salām ibn Aḥmad ibn Ġānim Al Wāʿiẓ Al Maḳdisī,محمد بن عبد السلام بن أحمد بن غانم الواعظ المقدسي
13175,Ibrāhīm Al Yamanī,‏إبراهيم اليمني
13176,ṣalāḥ al Dīn Abi Al ṣafā ḫalīl ibn Abīk Al ṣafadī,‏صلاح الدين أبي الصفا خليل بن أبيك الصفدي
13177,ʿAbd Allah ibn ʿAbās ,‏عبد الله بن عباس
13178,Aḥmad ibn ʿUmar Al Dīrbī,أحمد بن عمر الدير بي
13179,Muḥammad ibn Muḥammad ibn Aḥmad ibn Nāṣir ibn ʿAmro Al Daraʿī,‏محمد بن محمد بن أحمد بن ناصر بن عمرو الدرعي
13180,Muḥammad ibn Al ʿArabī ,‏محمد الغازي بن العربي 
13181,Muḥammad ibn ʿAbd Al Kabīr Al Kitānī,‏محمد بن عبد الكبير الكتاني
13182,Šihāb al-Dīn Yaḥyā ibn ḥabaš Al Sihrūrdī,شهاب الدين يحيى بن حبش السهروردي
13183, 'Alī ibn Abī al-Riǧāl al-Shaybānī Al Ḳīrwānī,‏علي بن أبي الرجال الشيباني القيرواني
13184,Ibrāhīm b. Muḥammad Al Bāǧūrī,‏إبراهيم بن محمد الباجوري
13185,Abi Al Fatḥ Naṣr ibn Ibrāhīm  ibn Nāṣir ibn Dāwūd Al Nābulsī Al Maḳdisī Al Šāfiʿī,‏أبي الفتح نصر بن إبراهيم بن ناصر بن داود النابلسي المقدسي الشافعي
13186,Aḥmad ibn Muḥammad ibn ʿAbd al-Karīm ibn ʿAṭāʾ Allāh al-Iskandarī ,‏أحمد بن محمد بن عبد الكريم ابن عطاء الله السكندري
13187,Muḥammad ibn Aḫlīf,‏محمد بن أخليف
13188,Al Šeiḫ Aḥmad Zarūḳ,‏الشيخ أحمد زروق
13189, 'Abd al Salām ibn Muḥammad ibn Ġānim Al Maḳdisī Al Šāfiʿī,‏عبد السلام بن محمد بن غانم المقدسي الشافعي
13190,Ǧaʿfar ibn Idrīs Al Kitānī Al ḥasanī,‏جعفر بن إدريس الكتاني الحسني
13191,Aḥmad ibn Mubārak Al Saǧlamāsī Al Lamṭī,‏أحمد بن مبارك ‏السجلماسي ‏اللمطي
13192,ʿAbd al-Raḥmān ibn Muḥammad Al ḥusain Al Nīsābūrī,‏عبد الرحمن بن محمد بن الحسين النيسابوري
13193,ʿAbd Allah ibn Al Hāšimī ibn ḫuḍrāʾ Al Salwī,‏عبد الله بن الهاشمي ابن خضراء السلوي
13194,Muḥammad ibn Abi Al Ḳāsim ibn Nāṣir Al Fuǧaiǧī ,‏محمد بن أبي القاسم بن ناصر الفجيجي 
13195,Muḥammad Al ṣaġīr ibn Muḥammad ʿAbd Allah Al Afrānī Al Mirākšī,‏محمد الصغير بن محمد بن عبد الله الأفراني المراكشي
13196,Aḥmad ibn ʿAbd Allah ibn Zaidūn Al Ḳurṭabī,أحمد بن عبد الله ابن زيدون القرطبي
13197,ʿAbd al-Hādī ibn ʿAbd Allah ibn  ʿAlī ṭahir Al ḥasanī,‏عبد الهادي بن عبدالله بن علي ابن طاهر الحسني
13198,Aḥmad Al Badawī ibn Al ḥāǧ Aḥmad,‏أحمد البدوي بن الحاج أحمد 
13199,ʿAbd al-Raḥīm ibn Aḥmad Al Barʿī Al Yamanī,‏عبد الرحيم بن أحمد البرعي اليمني
13200,Yūsif ibn Saʿīd ,‏يوسف بن سعيد
13201,Ǧalāl Al Dīn Muḥammad ibn ʿAbd Al Raḥmān Al ḫaṭīb Al Ḳazyūnī,جلال الدين محمد بن عبد الرحمن الخطيب القزويني
13202,Tāǧ Al Dīn ʿAbd Al Wahāb ibn Taḳī  Al Dīn ʿAlī Al Sabakī Al Šāfiʿī,‏تاج الدين عبد الوهاب بن تقي الدين علي السبكي الشافعي
13203,Muḥammad ibn Dāwūd Al ṣinhāǧī,‏محمد بن داود الصنهاجي 
13204,ibn Hišām Al Anṣārī,‏ابن هشام الأنصاري
13205,Muḥammad ibn Muḥammad ibn ʿUmrān,‏محمد بن ‏محمد بن عمران 
13206,ʿAbd Al Salām ibn Al ṭayyib ibn Muḥammad Al Ḳādirī,‏عبد السلام بن الطيب بن محمد القادري
13207,Muḥammad ibn Al ṭayyib ʿAbd Al Ḳādir Skīrǧ,‏محمد بن الطيب بن عبد القادر سكيرج
13208,Ǧamāl Al Dīn Muḥammad ibn ʿAbd Allah ibn Mālik Al ṭāʾī Al Ǧīānī ,‏جمال الدين محمد بن عبد الله ابن مالك الطائي الجياني
13208,Ǧamāl Al Dīn Muḥammad ibn ʿAbd Allah ibn Mālik Al ṭāʾī Al Ǧīānī ,جمال الدين محمد بن عبد الله ابن مالك الطائي الجياني
13209,Muḥammad  ibn ʿAbd al-Raḥmān Al Dalāʾī Al Bakrī ,‏محمد بن عبد الرحمن الدلائي البكري
13210,Muḥammad ibn Ḳāsim ibn Muḥammad ibn ʿAbd al-Wāḥid ibn Aḥmad ibn Zākūr ,محمد بن قاسم بن محمد بن عبد الواحد بن أحمد ابن زاكور
13211,Aḥmad ibn Yūsif,‏أحمد بن يوسف
13211,Aḥmad ibn Yūsif,‏أحمد بن يوسف
13212,Abi Muḥammad Al Faštālī,‏أبي محمد الفشتالي
13213,Abū Al Ḳāsim Al Futūḥ ibn ʿīssā ibn Aḥmad Al ṣinhāǧī Al Zamūrī,‏أبو القاسم الفتوح بن عيسى بن أحمد الصنهاجي الزموري 
13214,Muḥammad ibn Saʿīd ibn Yaḥyā Al Sūsī Al Murġaitī,‏محمد بن سعيد بن يحيى السوسي المرغيتي
13215,Muḥammad ibn Šāfiʿ Al Fuḍālī Al ḍarīr Al Maṣrī Al Šāfiʿī,‏محمد بن شافع الفضالي الضرير المصري الشافعي
13216,ḥasan Al ʿAdawī ,‏حسن العدوي 
13217,Aḥmad ibn ʿAbd al-Fatāḥ ibn Yūsif Al Malawī Al Šāfiʿī,‏أحمد بن عبد الفتاح بن يوسف الملوي الشافعي
13218,ʿAlī ibn Muḥammad ibn ʿAbd al-Raḥmān ibn ʿAlī Al Aǧhūrī,‏علي بن محمد بن عبد الرحمن بن علي الأجهوري
13219,Muḥammad ibn ʿAbd al-Raḥmān ibn Zakarī,‏محمد بن عبد الرحمن ابن زكري
13220,Muḥammad ibn ʿAbd Allah Al Bakarī Al Ḳafaṣī,‏محمد بن عبدالله البكري القفصي
13221,Muḥammad ibn Muḥammad ibn Al Sinbāwī ,‏محمد بن محمد السنباوي 
13222,Abi Mudīn Al Ġot̲ Al Šuʿaib ibn Al ḥasan Al Anṣārī,‏أبي مدين الغوث الشعيب بن الحسن الأنصاري
13223,ʿārif Billāh ʿAbd Al Karīm ibn Ibrāhīm Al Ǧīlī,‏عارف بالله عبد الكريم بن إبراهيم الجيلي
13224,Al Muǧīb Aḥmad ibn Yūsif Al Rāšidī,‏المجيب أحمد بن يوسف الراشدي
13225,Abi Al Ḳāsim ibn ʿAlī ibn ḫaǧǧo Al ḥasānī Al ḫalūfī,‏أبي القاسم بن علي ابن خجو الحساني الخلوفي
13226,ḥasan ibn Darwīš Al Ḳūwaisī,‏حسن بن درويش القويسني
13227,Muḥammad ibn Yūsif Al Sanūsī Al Talmasānī,‏محمد بن يوسف السنوسي التلمساني
13228,Abi ʾIsḥāḳ Ibrāhīm ibn Al ḥasan Al Naḍīfa ,‏أبي إسحاق إبراهيم بن الحسن النظيفة
13229,Muḥammad Al Fāṭimī ibn ḥussein Al ṣaḳlī,‏محمد الفاطمي بن الحسين الصقلي
13230,Abi Al Mawāhib ʿAbd Al Wahāb ibn Aḥmad  ibn ʿAlī Al Anṣārī,‏أبي المواهب عبد الوهاب بن أحمد بن علي الأنصاري الشافعي المصري 
13231,Abi Al Ḳāsim Aḥmad  ibn ʿAbd Allah ibn ʿUmar Al ṣafār Al Ḳurṭabī,‏أبي القاسم أحمد بن عبدالله بن عمر الصفار القرطبي
13232,Muḥammad ibn Saʿīd Al Sūsī Al Murġaitī Al Sūsī Al Mirākšī,‏محمد بن سعيد السوسي المرغيتي السوسي المراكشي
13233,Aḥmad ibn Muḥammad ibn Zakariyyā Al Mānūwī Al Talmasānī,-
13234,Muḥammad ibn abi Al Ḳāsim ibn Muḥammad ʿAbd Al Ǧalīl Al Saǧlamāsī Al Ribāṭī,‏محمد بن أبي القاسم بن محمد بن عبد ‏الجليل السجلماسي الرباطي ‏
13235,ʿAlī ibn Aḥmad ibn Muḥammad Al Rasmūkī,‏علي بن أحمد بن محمد الرسموكي
13236,Aḥmad ibn Sulaimān Al Rasmūkī,‏أحمد بن سليمان الرسموكي
13237,ḫālid ibn ʿAbd Allah ibn Abi Bakr Al Azharī,‏خالد بن عبد الله بن أبي بكر الأزهري
13238,Abi Zakariyāʾ Yaḥyā ibn Muḥammad ibn Aḥmad Al Buʿḳīlī Al Ankiḍāʾī,‏أبي زكرياء يحيى بن محمد بن أحمد البعقيلي الأنكضائي 
13239,ʿAbd al-Ḳādir ibn ʿAlī ibn Yūsif ,‏عبد القادر بن علي بن يوسف
13240,Muḥammad ibn Aḥmad Miyārā,‏محمد بن أحمد ميارة
13241,Šihāb al-Dīn Aḥmad ibn ʿIbād ibn Šuʿeib Al Ḳināūwī,‏شهاب الدين أحمد بن عباد بن شعيب القناوي 
13242,Muḥammad ibn Aḥmad ibn ʿAlī ibn Abi Bakr 'l-Ġīṭī Al Šāfiʿī,‏محمد بن أحمد بن علي بن أبي بكر الغيطي الشافعي
13243,Muḥammad Al Murābiṭ b. Muḥammad b. 'Abī Bakr 'l-Dalā'ī,‏محمد المرابط بن محمد أبي بكر الدلائي
13244,ʾAḥmad b. ʾAḥmad  b. Muḥammad b. 'Īsā Zarūḳ ʾl-baransī,احمد بن احمد بن محمد بن عيسى زروق البرنسى
13245,Ibrāhīm b. Ibrāhīm Al Laḳānī Al Mālikī,‏إبراهيم بن إبراهيم اللقاني المالكي
13246,Aḥmad b. Muḥammad b. Aḥmad b. Abi ḥāmid ʾl-'Adawī ʾl-Mālikī,أحمد بن محمد بن أحمد بن أبي حامد العدوي المالكي 
13247,Naǧm Al Dīn ʿUmar ibn Muḥammad Al Nasfī,‏نجم الدين عمر بن محمد النسفي
13248,Kaʿb ibn Zuheir ibn Abi Salmā Al Māzninī Al Suḥābī,‏كعب بن زهير بن أبي سلمى المازني الصحابي
13249,Šaraf al Dīn Muḥammad ibn Saʿīd ibn ḥamad Al ṣinhāǧī Al Būṣīrī,‏شرف الدين محمد بن سعيد بن حمد الصنهاجي البوصيري
13250,ʾAḥmad ibn Faraḥ b. ʾAḥmad Al Išbīlī Al Laḫmī ,‏أحمد ابن فرح بن أحمد الإشبيلي اللخمي
13251,ʿUmar al Bīḳūnī,‏عمر البيقوني 
13252,Muḥammad ibn ʿAlī Al ṣibān,‏محمد بن علي الصبان
13253,Muḥammad Al ʿArabī ibn Yūsif,‏محمد العربي بن يوسف الفاسي
13254,Abi Zakariyāʾ Yaḥyā Al Šarafī,‏أبي زكرياء يحيى الشرفي
13255,ʿAz Al Dīn ʿAbd al-Wahāb ibn Ibrāhīm Al Zanǧānī ,‏عز الدين عبد الوهاب بن إبراهيم الزنجاني
13256,Abi al-Ḳāsim ibn Bakr Al-Lait̲ī Samrḳandī,‏أبي القاسم بن بكر الليثي سمرقندي 
13257,Abi Al Walīd Muḥammad ibn Muḥammad ibn Al Šaḥna Al ḥalabī,‏أبي الوليد محمد بن محمد ابن الشحنة الحلبي
13258,Abd al-Raḥman b. Muḥammad al-Ṣaghīr al-'Akhḍarī,عبدالرحمن بن محمد الصغير الأخضري 
13259,Zein Al Dīn ibn Aḥmad ibn Zein Al ṣayyād Al Murṣafī,‏زين الدين بن أحمد بن زين الصياد المرصفي
13260,ʾAḥmad ibn Muṣtafā ibn ḫalīl ,أحمد بن مصطفى بن خليل المشهور بطاش كبرى زاده
13261,ḍiyāʾ Al Dīn ʿUt̲mān Al ḫazraǧī,‏ضياء الدين عبد الله بن عثمان الخزرجي المعروف باأي الجيش
13262,Muḥammad ibn Muḥammad Al Ǧazrī,‏محمد بن محمد الجزري
13263,Sulaimān Al Ǧamzūrī,‏سليمان الجمزوري
13264,ʿAlī Al Bīsūsī,علي البيسوسي
13265,Ismāʿīl ibn Ibrāhīm ibn Ġāzī ibn ʿAlī ibn Muḥammad Al Numeirī Al Mārdīnī Al ḥanfī,اسماعيل بن إبراهيم بن غازي بن علي بن محمد النميري المارديني الحنفي
13266,Muḥammad al Maḳrī ,‏محمد المقري
13267,,محمد بن يحيى بن عمر بن يونس
13268,,أحمد بابا بن أحمد الحاج أحمد التنبكتي السوداني 
13269,,محمد بدر الدين بن يحيى بن عمر بن يونس القرافي المصري المالكي 
13270,,محمد بن أحمد بن محمد المسناوي الدلائي
13271,,عمر بن عبد الله بن عمر بن يوسف الفاسي الفهري
13272,,أبي عبد الله محمد بن المدني
13273,,المجيب أحمد بن عبد العزيز الهلالي السجلماسي
13274,,المحمد بن محمد بن علي بن عمر الزواوي النجار البجائي
13275,,المختار بن أحمد الكنتي التنبكتي
13276,,قاسم بن أحمد ابن یامون التليدي الأخماسي
13277,,أبي عبد الله محمد بن سعيد المرغيتي السوسي 
13278,,السلطان الغني بالله أبي عبد الله ابن الأحمر
13279,,لسان الدين أبي عبد الله محمد بن عبد الله ابن الخطيب السلماني
13280,,محمد بن محمد المعروف بابن سيد الناس اليعمري الأندلسي
13281,,عصام الدين إبراهيم بن محمد الاسفرائینی
13282,,محب الله بن عبد الشكور البهاري
13283,, ناصر الدين محمد بن حسن اللقاني
13284,,عبد الباقي بن يوسف الزرقاني المالكي
13285,,علي بن عبد الصادق بن أحمد الجبالي
13286,,حمد بن سليمان الرسموكي
13287,,محمد المهدي بن أحمد بن علي الفاسي
13288,ʿAbd al-Raḥmān b. Muḥammad b. Maḫlūf al-t̲uʿālbī al-Mālikī,عبد الرحمن بن محمد بن مخلوف الثعالبي المالكي
13289,Muḥammad b. Ḳāsim b. Aḥmad Ǧsūs,‏محمد بن قاسم بن أحمد جسوس
13290,ʿAlī b. Muḥammad al-Sūsī al-Samlālī al-Tzkūrtī,علي بن محمد السوسي السملالي التزكورتي
13291,Muḥammad b. Muḥammad b. Aḥmad b. ʿAbd al-Ḳādir al-Sinbāwī ,‏محمد بن محمد بن أحمد بن عبد القادر السنباوي 
13292,Muḥammad b. Masʿūd b. Aḥmad al-ṭarnabāṭī al-Umawī al-ʿUt̲mānī,‏محمد بن مسعود بن أحمد الطرنباطي الأموي العثماني
13293,Abi ʿAlī Al ḥasan ibn Riḥāl ibn Aḥmad Al Miʿdānī Al Tādilī,أبي علي الحسن ابن رحال بن أحمد المعداني التادلي
13294,Muḥammad ibn Aḥmad Al Misnāwī Al Dilāʾī,‏محمد بن أحمد المسناوي الدلائي
13295,the scholars of Fes,علماء فاس
13296,Al-ḥasan b. ʿAlī ,الحسن بن علي 
13297,Muḥammad ibn Ālī Al Fištālī,‏محمد بن علي الفشتالي
13298,ḥalīl b. ʾIsḥāḳ b. Yaʿḳūb Al Mālikī ,‏خليل بن إسحاق بن يعقوب المالكي 
13299,ʿAbd al-Raḥmān ibn ʿAlī ibn ṣāliḥ Al Makūdī  ,‏عبد الرحمن بن علي بن صالح المكودي
13300,Muḥammad ibn Ibrāhīm al Sinǧārī,‏محمد بن إبراهيم السنجاري
13301,Yaʿḳūb b. Ayūb b. ʿAbd al-Wāḥid Al-Mūḥidī,يعقوب بن أيوب بن عبد الواحد الموحدي
13302,ʿAlī b. al-Ḥasanī Al Ġumārī ,‏علي بن ميمون الإدريسي الحسنى الغماري
13303,Aḥmad ibn Muḥammad Al Amīn b. Al Fāḍil Al Wudānī Al ʿAbāsī Al Yaʿḳūbī,أحمد بن محمد الأمين بن الفاضل الوداني العباسي اليعقوبي
13304,Muḥammad b. Ḳasim b. Muḥammad b. ʿAbd-Wāḥid ibn Zākūr ,‏محمد بن قاسم بن محمد بن عبد ‏الواحد ابن زاكور
13305,ʿAbd-Wāḥid b. Aḥmad  b. ʿAlī  ibn ʿAšir Al-Anṣarī,‏عبد الواحد بن أحمد بن علي ابن عاشر الأنصاري
13306,Abu Al ṭahir Ismāʿīl b. Aḥmad b. Ziyādat-Allāh Al Taǧībī Al Barḳī,‏أبو الطاهر إسماعيل بن أحمد بن زيادة الله البرقي
13307,Abi Ǧaʿfar Aḥmad b. Yūsif b. ʿAlī Al-Fahrī Al-Lablī,‏أبي جعفر أحمد بن يوسف بن علي الفهري اللبلي
13308,ʿAlī b. Saʿīd Al ḫūlānī Al Ḳīrwānī,‏علي بن سعيد الخولاني القيرواني
13309,Abī 'l-Abbās 'Aḥmad b. 'Abd-l-'Azīz 'l-Sajlmāsī 'l-Hilālī,أبي العباس أحمد بن عبد العزيز السجلماسي الهلالي
13310,Aḥmad b. 'Abd-Allāh b. Muḥammad b. Al-ḥāǧ Al Bakrī Al Dilāʾī,‏أحمد بن عبدالله بن محمد الحاج البكري الدلائي
13311,Abd-l-Wahāb b. 'Aḥmad Adrāḳ,عبد الوهاب بن أحمد أدراق
13312,Abi Ismāʿīl Al ḥasan b. ʿAlī b. Muḥammad Al-Ašbahānī,‏أبي اسماعيل الحسن بن علي بن محمد الاصبهاني
13313,ḥāzim b. Muḥammad  b. ḥasan ibn ḥāzim Al Ḳurtāǧnī,حازم بن محمد بن حسن ابن حازم القرطاجني
13314,Muḥammad  al-Mufaḍal b. Al Hādī b. Aḥmad b. Al Maǧd̲ūb b. ʿAlī ,‏محمد المفضل بن الهادي بن أحمد بن المجذوب بن علي 
13315,Al Ḳāḍī Muḥammad b. Abi Madīn b. al-ḥussein al-Sūsī al-Munbahī al-Mikānsī Dārā,‏القاضي محمد بن أبي مدين بن الحسين السوسي المنبهي المكناسي دارا 
13316,Aḥmad b. Mubārak al-Saǧlamāsī al-Lamṭī,‏أحمد بن مبارك السجلماسي اللمطي
13317,Manṣūr Sabṭ Nāṣir Al-Dīn Muḥammad b. Sālim Al Baṭlāwī,‏منصور سبط ناصر الدين محمد بن سالم البطلاوي
13318,Aḥmad b. Aḥmad b. Muḥammad al-Saǧāʿī al-ʾAzharī,‏أحمد بن أحمد بن محمد السجاعي الأزهري
13319,Al-Šaībānī,الشيباني
13320,ʾAt̲īr Al-Dīn al-Mufaḍal b. ʿUmar al-ʾAbharī,أثير الدين المفضل بن عمر الأبهري
13321,Muḥammad b. ʿAlī al-Raḥbī al-Šāfiʿī,‏محمد بن علي الرحبي الشافعي
13322,Muḥammad al-Tahāmī b. Muḥammad al-Būrī ,محمد التهامي بن محمد البوري
13323,Al-ḥasan b. al-Ḳāsim b. ʿAbd-Allah al-Murādī,‏الحسن بن القاسم بن عبد الله المرادي
13324,Aḥmad b. Aḥmad b. ʿUmar b. Muḥammad ʾAḳīṭ,‏أحمد بن أحمد بن عمر بن محمد أقيت
13325,Muḥammad ibn Yūsif Al Sanūsī Al Talmasānī,‏محمد بن يوسف السنوسى التلمساني
13326,ʾImām al-ḥarmein ʿAbd al-Mulk al-Ǧūweinī al-Nīsābūrī al-Šāfiʿī,‏إمام الحرمين عبد الملك بن عبد الله الجويني النيسابوري الشافعي
13327,ʿAbd-Allah b. al-Muḫtār al-ḥummeirī al-Yūsifī al-šamšawī al-ḥūḍī al-Mirākšī al-Mālikī,عبد الله بن المختار الحميري اليوسفي الشمشوي الحوضي المراكشي المالكي
13328,Yūsif b. Muḥammad ibn ʿAlī ibn al-Naḥwī al-Tūzrī,‏يوسف بن محمد بن علي ابن النحوي التوزري
13329,Amīr al-muslimīn Abī Zīyan,امير المسلمين أبي زيان
13330,Muḥammad b. ʿīssā b. Sālem b. ʿĀlī al-Slawī,محمد بن عيسى بن سالم بن علي السلوي
13331,ʾĀḥmad b. ʿĀlī  b. Shuʿaīb,احمد بن علي بن شعيب
13332,Āl-Maḥjūb al-Saḥrāwī,المحجوب الصحراوي
13333,Zīn al-Dīn Sulṭān b. ʾĀḥmad  al-Mazāḥī al-Shāfiʿī al-Āzharī,زين الدين سلطان بن أحمد المزاحي الشافعي الازهري
13334,Ābī ʾIsḥāq Ibāhīm b. Muḥammad al-Sharʿī,ابي اسحاق ابراهيم بن محمد الشرعي
13335,Ābī ʿAbdallāh Muḥammad b. ʾĀḥmad  ʾIbn Ghāzī [al-ʿOthmānī],ابي عبد الله محمد بن احمد ابن غازي [العثماني]
13336,ʾĀbī Zaīd ʿābd al-Raḥmān b. ʾĀbī al-Qāsim Ibn al-Qādī,أبي زيد عبد الرحمن بن أبي القاسم ابن القاضي
13337, ʾĀḥmad b. Ibāhīm al-Najār,احمد بن ابراهيم النجار
13338,ʾĀbī Zaīd ʿābd al-Raḥmān b.  al-Qādī ,أبي زيد عبد الرحمن بن القاضي 
13339,ʾĀbī al-Makārim al-Raḍī b. al-Raḥmān b. ʿAlī al-Mūmnānī al-Sijelmāsī, ابي المكارم الرضي بن عبد الرحمن بن علي المومناني السجلماسي
13340,ʾĀbī Zaīd ʿābd al-Raḥmān b.  al-Qādī ,ابي زيد عبد الرحمن بن القاضي 
13341,ʾĀbī Zakariyyāʾ Yaḥiyyā b. Saʿīd al-Samlālī,ابي زكرياء يحيى بن سعيد السملالي
13342, Ābī Sīdī b. ʿAbd b. Ibāhīm al-Tamlī,ابي عبد سيدي بن عبد بن ابراهيم التملي
13343,Ābī ʿAmrū ʿOthmān  b. Saʿīd al-Dānī, أبي عمرو عثمان بن سعيد الداني
13344, Ābī  ʿAmrū b. al-ʿAlāʾ al-Baṣarī,ابي عمرو بن العلاء البصري
13345,Al-Hasan b. Muḥammad Būzīd al-Khamsī,الحسن بن محمد بوزيد الخمسي
13346,Ābī ʿAbdallāh Muḥammad b. ʿābd al-Salām b. Muḥammad b. al-Fāsī,ابي عبد الله محمد بن عبد السلام بن محمد الفاسي 
13347,Ābī al-ḍiyyāʾ Muḥammad b. Ibāhīm,ابي الضياء محمد بن ابراهيم 
13348,Ābī al-ḥasan alī b. Muḥammad al- ṣefāqsī, أبي الحسن علي بن محمد الصفاقسي النوري
13349,Ābī ʿAmrū ʿ Othmān b. saīd b. ʿ Othmān al-Dānī,ابي عمرو عثمان بن سعيد بن عثمان الداني
13350,Ābī ʿAbdallāh Muḥammad b. Yūsef al-targhī,ابي عبد الله محمد بن يوسف الترغي
13351,Ābī ʿAbdallāh Muḥammad b.  ʿābd al-salām al-fāsī al-Mutaqadm,ابي عبد الله محمد بن عبد السلام الفاسي 
13352,Qāsim b. fīra al-Raʿīnī al-Shāṭbī,قاسم بن فيرة الرعيني الشاطبي
13353,Ābī al-Walīd al-sheīkh khālid b. ʿābd Allāh b. Ābī Bakr al-Azharī al-Shāfʿī,ابي الوليد الشيخ خالد بن عبد الله بن أبي بكر الازهري الشافعي
13354,ʾĀbī Zaīd ʿābd al-Raḥmān b. Idrīs al-ḥasanī, أبي زيد عبد الرحمن ابن ادريس الحسني
13355,ʾĀbī  Bakr Ahmad b. Muḥammad al-Jazarī,ابي بكر احمد بن محمد الجزري
13356,ʾĀbī ʿAbdallāh Muḥammad  b. Mubārak b. Ahmad b. ʾĀbī al-Qāsim b. ʿAbdallāh al-Sijelmāsī al-Meghrāwī al-Serghawī ,ابي عبد الله محمد بن مبارك بن أحمد بن أبي القاسم بن عبد الله السجلماسي المغراوي السرغيني الفاسي
13357,ʿĀlī  b.  Muḥammad b. ʿĀlī ibn Barī al-Ribāṭī ,علي بن محمد بن علي ابن بري الرباطي
13358,ʾĀbī al-ʿĀlāʾ Idrīs b. ʿAbdallāh al-Oūdghīrī ,ابي العلاء ادريس بن عبد الله الودغيري 
13359,ʿĀbd Allāh al-Maghrāwī al-Barjī ,عبد الله المغراوي البرجي
13360,Shiyykh al-Islam abī  Īaḥiyyā Zakariyyaʾ b. Muḥammad al-Anṣārī ,شیخ الاسلام ابي يحيى زكرياء بن محمد الانصاري
13361,Al-Hasan b. ʿAbdallāh b. ʿAlī , الحسن بن عبد الله بن علي
13362,Abī Sarḥān Masʿ oud ibn Muḥammad Jumūʿ al-Maghribī,ابي سرحان مسعود ابن محمد جموع المغربي
13363,ʾĀbī al-ʿĀlāʾ Idrīs b. Muḥammad b. Aḥmad b. ʿAlī al-Sharīf al-ḥasanī,ابي العلاء ادريس بن محمد بن احمد بن محمد بن علي الشريف الحسني
13364,Abī al-ḥasan Ibrāhīm b. ʿOmar b. ḥasan al-Baqālī al-Shāfʿī, أبي الحسن ابراهيم بن عمر بن حسن البقاعي الشافعي
13365,Abū al-Qāsem b. Fīrā b. al-Raʿīnī al-Shāṭbī,ابو القاسم بن فيرة بن بن الرعيني الشاطبي
13366,Muḥammad b. Muḥammad b. Ibrāhīm al-Omawī al-Kharāz,محمد بن محمد بن ابراهيم الاموي الخراز
13367,"Aḥmad b, Iskandar al-Khawārazmī ",احمد بن اسکندر الخوارزمي
13368,Abī Muḥammad  ʿAbd al-Wāḥed b. Aḥmad b. ʿAsher al-Anṣārī  al-ʾAndalūsī ,ابي محمد عبد الواحد بن أحمد بن عاشر الانصاري الأندلسي
13369, Abī Mazāḥim mūsā b. ʿĀbīd Allāh al-Khāqānī,ابي مزاحم موسى بن عبيد الله الخاقاني
13370,Abī al-ḥasan Ibrāhīm b. ʿOmar b. ḥasan al-Baqālī al-Shāfʿī, أبي الحسن ابراهيم بن عمر بن حسن البقاعي والشافعي
13371,Muḥammad ibn ʿAbd al-Salām al-Fāsī,محمد ابن عبد السلام الفاسي 
13372,Ibrāhīm b. ʿOmar al-Jaʿabī, ابراهیم بن عمر الجعبري
13373,Aḥmad b. al- ṣabāḥ , احمد بن الصباح
13374,Abī ʿAbdallāh Muḥammad b. Mubārak al-Sejalmāsī al-Serghīnī,ابي عبد الله محمد بن مبارك السجلماسي السرغيني
13375,Muḥammad b. Muḥammad al-Jazarī al-Shāfʿī,محمد بن محمد الجزري الشافعي
13376,Abī ʿAbdallāh Muḥammad b. Aḥmad al-ḥasanī al-Maṣmūdī,ابي عبد الله محمد بن احمد الحسني المصمودي
13377,Abī Zaiyyed ʿĀbd al-Raḥmān b. Abī al-Qāsim b. al-Qādī,ابي زيد عبد الرحمن بن ابي القاسم بن القاضي
13378,Idrīs b. ʿOthmān al-Sharīf al-ḥasanī,ادريس بن عثمان الشريف الحسني 
13375,Abī al-ḥasan ʿAlī b. Sulaiyymān b. Aḥmad b. Sulaiyymān al-Ansārī al-Qorṭobī al-Fāsī ,ابي الحسن علي بن سليمان بن أحمد بن سليمان الانصاري القرطبي الفاسي
13379,ʿAbdallāh Muḥammad b. Muḥammad b.Muḥammad b. ʾ Abi al-Khaī r al-Jazarī  al-Maqarī  al-Shafiʿī , عبد الله محمد بن محمد بن محمد بن أبي الخير الجزري المقري الشافعي
13380,Abī Zaiyyed ʿĀbd al-Raḥmān b. al-Qādī,ابي زيد عبد الرحمن بن القاضي
13381,Abī ʿAbdallāh Muḥammad b. Muḥammad ibn Ibrāhīm al-Omawī al-Sharīshī,ابي عبد الله محمد بن محمد ابن براهيم الاموي الشريشي 
13382,Sulṭān b. ʾAḥmad al-Shāfʿī wa al-Mazāḥī,سلطان بن احمد الشافعي والمزاحي
13383,Idrīs b. Muḥammad b. Ahmad  al-Sharīf al-ḥasanī,ادریس بن محمد بن احمد الشريف الحسني
13384, Muḥammad b. al-Moqadam al-Manīʾīʾ,محمد بن المقدم المنيعي
13385,Alī b. Nāser al-raḍī al-Manīʾīʾ,علي بن ناصر الرضي المنيعي
13386,Aḥmad b. al- ʿOthmān al-Būzīdī,احمد بن عثمان البوزدي
13387,al-ḥasanīn b. ʿAbdallāh b. al-ḥasīʾn b. Muḥammad ibn  ʿĀbd al-Qāder,الحسنين بن عبد الله بن الحسين بن محمد ابن عبد القادر
13388,Abī al-ḥasan ʿAlī b. ʿĀbd al-Ghanī  al-Qarawī al-ḥaṣarī,ابي الحسن علي بن عبد الغني القروي الحصري
13389,ʿĀbd al-ʿAzīz al-Zenātī,عبد العزيز الزناتي
13390,Muḥammad b. Mūbārak al-Filālī,محمد بن مبارك الفلالي
13391,Ibn Kathīr,ابن كثير
13392,Aḥmad b. Muḥammad al-Morābiṭī,احمد بن محمد المرابطي
13393,ʾ Abī  ʿAbdallāh Muḥammad b. Ibrāhīm b. ʿAbdallāh ʾAʿajolī al-Waltītī al-Baʿaqīlī, أبي عبد الله محمد بن ابراهيم بن عبد الله أعجلي الولتيتي البعقيلي
13394,ʿAlī b. Muḥammad b.  ʿĀbd  al- ṣamad al-Sekhāwī,علي بن محمد بن عبد الصمد السخاوي
13395, ʿĀbd al-Karīm b.  ʿOmar al- ṭarabilsī,عبد الكريم بن عمر الطرابلسي
13396,ʾAbī  al-ʿĀbās Ibrāhīm b. ʿOmar b. Ibrāhīm  b. Khalīl b. al- Serāj al-Jūmairī,ابي العباس ابراهيم بن عمر بن ابراهيم بن خليل بن السراج الجمبري 
13397,ʾAbī Muḥammad al-Makī  b. ʾAbī Tāleb ḥamūsh al-Qaīssī,ابي محمد المكي بن ابي طالب حموش القيسي
13398,ʾAbī al-Faḍl ʿAbd al-Raḥmān b. al-Kamāl ʾAbī Bakr Jalāl al-Dīn al-Sīūṭī al-Khaḍarī al-Shāfiʾī, ابي الفضل عبد الرحمن بن الكمال أبي بكر جلال الدين السيوطي الخضري الشافعي
13399,al-Muḥammad b Yūssuf b. ʿAlī  ʾAbī ḥayān , المحمد بن يوسف بن علي أبي حيان
13400,Nāṣer al-Dīn  ʿAbdallāh b. ʿOmar b. Muḥammad b. ʿAlī al-Bīḍāwī,ناصر الدين عبد الله بن عمر بن محمد بن علي البيضاوي
13401,ʿAbd al-Raḥmān b. Muḥammad b. Makhlūf al-Thaʿālibī, عبد الرحمن بن محمد بن مخلوف الثعالبي
13402,ḥamdūn b. ʿAbd al-Raḥmān b. ḥamdūn  b. ʿAbd al-Raḥmān ,حمدون بن عبد الرحمن بن حمدون بن عبد الرحمن 
13403,ʾAbī Zakariyyāʾ Yaḥiyyā b. Sharaf b. barī b. ḥasan b. ḥasīn Maḥiyyī al-Dīn al-Nawawī al-Shafiʿī, ابي زكريا يحيى بن شرف بن بري بن حسن بن حسين محيي الدين النواوي الشافعي 
13404,Imām ʾAbī al-Qāsim Muḥammad b. Ahmad b. Muḥammad b. ʿAbdallāh b. Yaḥiyyā,امام أبي القاسم محمد بن احمد بن محمد بن عبد الله بن يحيى 
13405,ʾAbī al-Qāsim ʿAbd al-Raḥmān b. ʿAbd Allah b. ʾAbī al-ḥasan b. Saʿdūn b. Riḍwān b. Fotūḥ al-Khotaʿmī al-Suhailī, أبي القاسم عبد الرحمن بن عبد الله بن أصبغ بن أبي الحسن بن سعدون بن رضوان بن فتوح الخثعمي السهيلي
13406,Jalal al-Dīn Muḥammad Ahmad b. Muḥammad ibn Ibrāhīm b. Ahmad al-Maḥalī al-Shāfiʿī, جلال الدين محمد احمد بن محمد بن ابن ابراهيم بن احمد المحلي الشافعي
13407,ʾAbī al-Qāsim ʿAbd al-Raḥmān al-Suhailī ,ابي القاسم عبد الرحمن السهيلي
13408,ʿIṣām Ibrāhīm b. Muḥammad  b. ʿArbashāh al-Dvn al-Asfirāʾinī,عصام ابراهيم بن محمد بن عربشاه عصام الدين الاسفرائني
13409,Shams al-Dīn Muḥammad al-Sāwjī,شمس الدين محمد الساوجي
13410,Muḥammad b. ʿAbd al-Malik al-Manthūrī,محمد بن عبد الملك المنثوري 
13411,ʾAbī ʿAbdallāh Muḥammad b. Yūsuf al-ʿAbdarī,ابي عبد الله محمد بن يوسف العبدري 
13412,Muḥammad b. al-Shāʿir al-ṣaltān ,محمد بن الشاعر الصلتان 
13413,ʾAbī al-ʿAbās ʾAḥmad b. Muḥammad b. ʾAjība al-Lanjarī al-Tiṭewānī,ابي العباس أحمد بن محمد بن عجيبة اللنجري التطواني
13414,Niẓām al-Dīn ḥasan b. Muḥammad ibn ḥasan al-Qamī al-Nīsābūrī,نظام الدین حسن بن محمد ابن حسن القمي النيسابوري 
13415,ʾAbī ʿAbd Allah Muḥammad b. Muḥammad al-Maḥāṣī,ابي عبد الله محمد بن محمد المحاصي
13416,Jār Allah Abī al-Qāsem Maḥmūd b. ʿOmar b. Muḥammad b. ʿOmar al-Zamkhashrī al-Khawārizmī al-Moʿtazilī,جار الله ابي القاسم محمود بن عمر بن محمد بن عمر الزمخشري الخوارزمي المعتزلي
13417,Sirāj al-Dīn ʿOmar b. ʿAbd al-Raḥmān b. ʿOmar al-Bahbahāʾī al-Kenānī al-Qazawī al-Fārsī ,سراج الدین عمر بن عبد الرحمن بن عمر البهبهائي الكناني القزويني الفارسي
13418,ʿAbd al-Karī m ibn Ibrāhīm al-Jīlī  al-ṣūfī,عبد الكريم ابن ابراهيم الجيلي الصوفي
13419,ʾAbī  ḥafas ʿOmar b. ʿAlī b. ʿĀdil al- ḥanbalī al-Dimashqī,ابي حفص عمر بن علي بن عادل الحنبلي الدمشقي 
13420,ʾAbī Bakr Muḥammad b. al-Walīd b. Muḥammad b. Khalaf al- ṭarṭūshī,ابي بكر محمد بن الوليد بن محمد بن خلف الطرطوشي الفهري
13421,ʾAbī Muḥammad ʿAbd al-ḥaq b. Ghaleb b. ʿAbd al-Malek al-Muḥāribī, ابي محمد عبد الحق بن غالب بن عبد الملك المحاربي
13422,Aḥmad b. ʿAlī b. ʿAbd al-Raḥmān  al-Manjūr al-Fāsī,احمد بن علي بن عبد الرحمن المنجور الفاسي
13423,al-Shīkh ʿAbd al-Raʾūf al-Manāwī ,الشيخ عبد الرءوف المناوي
13424,Muḥammad b. Muḥammad al-Jawharī, محمد بن محمد الجوهري
13425,al-Imām Abī Zakariyyāʾ Yaḥiyyā b. Sharaf al-ḥazāmī al-Nawawī,الامام ابي زكرياء يحيى بن شرف الحزامي النووي
13426,al-Shīkh Sīdī Muḥammad al-Ghāzī ,الشيخ سيدي محمد الغازي
13427,al-Qādī  ʾAbī Naṣr Muḥammad b. ʿAlī b. ʿAbīdallāh b. Widʿān ḥākim al-Mawsal, القاضي أبي نصر محمد بن علي بن عبيد الله بن ودعان حاكم الموصل
13428,ʾAbī al-ḥasan ʾAḥmad b. ʾAbī al-ḥasan al-ṭāwsī,ابي الحسن احمد ابن أبي الحسن الطوسي
13429,Shīkh al-Jamāʿ a ʾAbi ʿAbdallāh Sīdī Muḥammad b. Aḥmad Ben Ghāzī,شيخ الجماعة أبي عبد الله سيدي محمد بن احمد بن غازي
13430,al-Zīn Abī al-Faḍl ʿAbd al-Raḥīm n. al-ḥasīn b.ʿAbd al-Raḥmān b. ʾAbī Bakr b. Ibrāhīm al-ʿ Irāqī,الزين الدين ابي الفضل عبد الرحيم ابن الحسين بن عبد الرحمن بن أبي بكر بن ابراهيم العراقي
13431,Muḥammad b. Muḥammad Sunbul,محمد سعيد بن محمد سنبل
13432,ʿĀrif bi-l-lāh ʾAbī Muḥammad ʿAbdallāh b. Saʿad b. ʾAbī  Jamera al-Azadī al-Andalūsī,عارف بالله أبي محمد عبد الله بن سعد بن أبي جمرة الازدي الاندلسي
13433,ʾAbī  ḥafas ʿOmar b. Zaiyyed al-Mawṣilī al-ḥanafī,ابي حفص عمر بن زيد الموصلي الحنفي
13434,ʾAbī  al-ʿAbās ʾAḥmad b. ʿAlī b. ʾAbī al-Qāsem al-Sardidī,ابي العباس احمد بن علي بن أبي القاسم السرددي
13435,[Zakī al-Dīn ʾAbī Muḥammad] ʿAbd al-ʿ Adīm [b. ʿAbd al-Qawī b. ʿAbdallāh  b. Salāma b. Saʿed] al-Mandhirī,[للحافظ زكي الدين ابی محمد] عبد العظيم [بن عبد القوي بن عبد الله بن سلامة بن سعد] المنذري
13436,Kāmil al-Mawlawī al-Albastānī,كامل المولوي الالبستاني 
13437,ʾAbī  ʿAbdallāh   Muḥammad al-ʿArabī b. Yūsef al-Fāsī ,ابي عبد الله محمد العربي بن يوسف الفاسي
13438,Wajīh al-Dīn ʿAbd al-Raḥmān b. ʿAlī b.  Muḥammad  b. ʿOmar al-Shībānī al-Shāfiʿī,وجيه الدين عبد الرحمن بن علي بن محمد بن عمر الشيباني الشافعي 
13439,Muḥammad b. Zīn al-ʿĀbidīn al-Bakarī,   محمد بن زين العابدين البكري
13440,ʾAbī Muḥammad ʿAbdallāh b. Saʿīd b. ʾAbī Jumera  al-ʾAzadī al-ʾAndalūsī, ابي محمد عبد الله بن سعيد بن أبي جمرة - الأزدي الاندلسي
13441,ʾAbī ʿAbdallāh Muḥammad b. ʾAbī Bakr b. Ayūb b. Saʿed b. ḥarīz al-Zarʿī al-Dimashqī,ابي عبد الله محمد بن أبي بكر بن ايوب بن سعد بن حريز الزرعي الدمشقي
13442,Maḥiyyī al-Dīn ʾAbī  Zakariyyāʾ Yaḥiyya b. Sharaf b. Barī al-ḥizāmī al-Nawawī,محيي الدين أبي زكرياء يحيى بن شرف بن بري الحزامي النووي
13443,Muḥammad b. Sāfir Ibn ḥāmid ,محمد بن سافر ابن حامد
13444,ʾAbī  ʿAbdallāh Sīdī Muḥammad al-Nāwdī b. Muḥammad b.ʿAlī,ابي عبد الله سيدي محمد الناودي بن محمد الطالب بن محمد بن علي
13445,ʿAz al-Dīn ʾAbī  ʿAbdallāh Muḥammad b. ʾAbī Bakr b. ʿAbd al-ʿAzīz b. Jamāʿa,عز الدين ابي عبد الله محمد بن أبي بكر بن عبد العزيز بن جماعة 
13446,ʾAbī   Dāūd Sulaimān b. al-ʾAshʿat b. Bashīr  b. Shadād b. ʿOmar b. ʿImrān al-ʾAzadī al-Sijastānī,ابي داود سليمان بن الأشعت بن إسحق ابن بشير بن شداد بن عمر بن عمران الازدي السجستاني
13447,ʾAbī ʿAbdallāh Sīdī Muḥammad b. ʿAbd al-Qāder al-Fāsī, أبي عبد الله سيدي محمد بن عبد القادر الفاسي
13448,ʾAbī ʿAbdallāh Muḥammad ibn ʿAbd al-Bāqī b. Yūsef b. Muḥammad b. ʿAlwān al-Zarqāʾī al-Mālikī, أبي عبد الله محمد ابن عبد الباقي بن يوسف بن محمد بن علوان الزرقاني المالكي
13449,ʾAbī al-Faḍl ʿIyāḍ al-Yaḥṣabī al-Sabnī,أبي الفضل عياض بن موسى بن عياض اليحصبي السبني
13450,ʾAbī ʿAbdallāh Muḥammad b. ʾAbī al-Ḥasan Ismaʿīl b. Ibrāhīm b. al-Maghīra al-Jaʿfī bilwalāʾ al-Bukhārī,ابي عبد الله محمد بن أبي الحسن اسماعيل بن ابراهيم بن المغيرة الجعفي بالولاء البخاري 
13451,Al-Ḥasīn muslim b. al-ḥajāj b. muslim b. Warad b. Kūchān al-Qachīrī al-Nīsābūrī,الحسين مسلم بن الحجاج بن مسلم بن ورد بن كوشان القشيري النيسابوري
13452,ʾAbī ʿĪsā Muḥammad b. ʿĪsā b. Sūrā b. Mūsā b. al-ḍaḥāk al-Silmī al-Būgh al-Tarmadhī al-ḍarīr, أبي عيسى محمد بن عيسى بن سورة بن موسى بن الضحاك السلمي البوغي الترمذي الضرير
13452,ʾAbī Marwān ʿAbd al-Malik b. ḥabīb b. Sulaymān b. hārūn al-Silmī al-Mardāsī al-Qortobī,ابي مروان عبد الملك بن حبيب ابن سليمان بن هارون السلمي المرداسي القرطبي 
13453,, نور الدين أبي الحسن علي بن عبد الله بن احمد الحسني السمهودي الشافعي
13454,ʾAbī Zayd ʿAbd al-Raḥmān al-ʿĪyāchī ,ابي زيد عبد الرحمن بن محمد بن عبد الرحمن العياشي
13455,Shihāb al-Dīn  ʾAbī al-ʿAbās Ahmad b. ʿAlī b. Ahmad al-Kinānī al-ʿAsqlānī al-Maṣrī ,شهاب الدين ابي العباس احمد بن علي بن أحمد الكناني العسقلاني المصري
13456,ʾAbī ʿAbdallāh Muḥammad b. ʾAbī Isaq Ibrāhīm b. ʾAbī Bakr ʿAbdallāh ʿIbād al-Nafzī al-Ḥamīrī al-Randī,ابي عبد الله محمد بن أبي اسحق ابراهيم بن أبي بكر عبد الله عباد النفزي الحميري الرندي
13457,ʾAbī al-Ḥasan ʿAlī b. Aḥmad al-Fāsī al-ḥarīchī,ابي الحسن علي بن احمد بن علي بن أحمد الفاسي الحريشي
13458,Amīr al-Moʾminīn Sīdī Muḥammad b. ʿAbdallāh al-Ḥasanī ,امير المومنين سيدي محمد بن عبد الله الحسني 
13459,ʾAbī ʿAbdallāh Muḥammad Fatḥā b. Qāsim b. Ahmad Jasous,أبي عبد الله محمد فتحا بن قاسم بن محمد ابن قاسم بن احمد جسوس
13460, ʾAbī ʿAbdallāh Muḥammad b. al-Madanī b.         ʿAlī Janūn ,أبي عبد الله محمد بن المدني بن علي جنون
13461,Muḥammad b. Muḥammad al-Muwwṣalī al-Shāfʿī ,محمد بن محمد الموصلي الشافعي
13462,ʿAlāʾ al-Dīn  ʾAlī b. ḥusām al-Dīn ʿAbd al-Malik b. Qāḍīkhān al-Motaqī al-Hindī,علاء الدين علي بن حسام الدين عبد الملك بن قاضيخان المتقي الهندي
13463,Aḥmad b. Shiyykh Ḥijāzī al-Fashanī al-Shāfʿī,احمد بن الشيخ حجازي الفشني الشافعي
13464,Hiba Allāh b. ʿAbd al-Raḥīm b. al-Bārzī ,هبة الله بن عبد الرحيم بن البارزي 
13465,Al-ʿArif bi Allāh ʾAbī Muḥammad ʿAbdallāh b. Saʿed b. ʾAbī Jumra al-Azadī al-Andalūsī,العارف بالله ابي محمد عبد الله بن سعد بن أبي جمرة الازدي الاندلسي
13466,ʾAbū Shība al-Ḥāfiẓ, أبو شيبة الحافظ
13467,al-ʿArif bi Allāh Taʿālā ʾAbī Ḥafas ʿOmar b. ʿAbdallāh b. ʿOmar b. Yūsuf al-Fāsī al-Fahrī, العارف بالله تعالى ابي حفص عمر بن عبد الله بن عمر بن يوسف الفاسي الفهري
13468,Muḥammad b. Qāsem b. Aḥmad Jasūs,محمد بن قاسم بن محمد بن قاسم بن احمد جسوس
13469, Muḥammad ʿAbd al- Ḥaiyy b. al-Shiyykh ʾAbī al-Makārim ʿAbd al-Kabīr al-Ketānī al-Ḥāsanī, محمد عبد الحي بن الشيخ ابي المكارم عبد الكبير الكتاني الحسني
13470,ʾAbī ʿAbdallāh Mālik b. Anas b. Mālik b. ʾAbī ʿĀmer  b. Amerū al-Aṣbaḥī al-Madanī,ابي عبد الله مالك بن انس بن مالك بن أبي عامر بن عمرو الاصبحي المدني 
13471,ʾAbī al-ʿAlāʾ Idrīs b. Muḥammad b. Idrīs al-ʿIrāqī ,ابي العلاء ادريس بن محمد بن ادريس العراقي
13472,Muḥammad al-ʿArabī b. ʾAbī al-Maḥāsin Yūsuf al-Fasī,محمد العربي بن ابي المحاسن يوسف الفاسي
13473,Sīdī 	ʿAbd al-Qāder b. Aḥmad al-Kūhan, سيدي عبد القادر بن احمد الكوهن
13474,ʾAbī ʿAbdallāh Muḥammad Badr al-Dīn b. al-Shādhlī b. Aḥmad al-Ḥamūmī al-Ḥasanī,أبي عبد الله محمد بدر الدين بن الشاذلي بن احمد الحمومي الحسني
13475,ʾAbī ʿAbdallāh Muḥammad b. Aḥmad b. Muḥammad b. Muḥammad b.ʾAbī  Bakr b. Marzūq al-ʿAjīsī al-Tilmsānī,ابي عبد الله محمد بن احمد بن محمد بن محمد بن أبي بكر بن مرزوق العجيسي التلمساني
13476,ʾAbī al-Rabīʿ Sulaīmān b. Mūsā b. Sālim al-Kalāʿī,ابي الربيع سليمان بن موسى بن سالم الكلاعي
13477,al-Shiyykh ʿAbd al-Raḥmān  b. Muḥammad b. Makhlūf al-Thaʿāalobī, الشيخ عبد الرحمن بن محمد بن مخلوف الثعالبي
13478,Al-ʿArif bi allāh Sharaf al-Dīn ʾAbī ʿAbdallāh Muḥammad b. Saʿīd al-ṣanhājī ,العارف بالله شرف الدين ابي عبد الله محمد بن سعيد الصنهاجي
13479,ʾAbī ʿAbdallāh Muḥammad b.  Muḥammad b. ʿOmar al-Zuwwāwī al-Najār al-Bajānī,ابي عبد الله محمد بن محمد بن عمر الزواوي النجار البجائي
13480,ʿAbd al-Rāḥīm b. Bejaiyysh al-Tāzī,عبد الرحيم بن بجيش التازي
13481,Muḥammad b. ʿAlī al-Shātebī al-Andalūsī al-Barjī,محمد بن علي الشاطبي الاندلسي البرجي
13482,ʾAbī ʿAbdallāh Muḥammad b. ʾAbī al-Faḍl Qāsem al-Ansārī al-Tūnsī,ابي عبد الله محمد ابن ابي الفضل قاسم الانصاري التونسي 
13483,ʾAbī ʿAbdallāh Muḥammad b. Aḥmad b. Muḥammad b.ʾAbī  Bakr b. Marzūq al-ʿAjīsī al-Tilmsānī,ابي عبد الله محمد بن احمد بن محمد بن أبي بكر بن مرزوق العجيسي التلمساني
13484,ʾAbī al-Faraj  ʿAbd al-Raḥmān  b. ʾAbī al-Ḥasan ʿAlī b. al-Jūzī,ابي الفرج عبد الرحمن بن أبي الحسن علي بن الجوزي
13485,ʿAbd al-Salām b. Idrīs al-Murākushī,عبد السلام [بن ادريس] المراكشي
13486,ʾAbī al-Faḍel ʿAbd al-Rāḥīm  b. al-Ḥasīn al-Irāqī,أبي الفضل عبد الرحيم ابن الحسين العراقي
13487,Sharaf al-Dīn ʾAbī ʿAbdallāh Muḥammad b. Saʿīd al-Būṣīrī,شرف الدين أبي عبد الله محمد بن سعيد البوصيري
13488,ʾAbī  ʿAbdallāh Muḥammad al-Maʿatī b. al-Shaykh Muḥammad al-Sāliḥ al-Sharqāwī,ابي عبد الله محمد المعطي بن الشيخ محمد الصالح الشرقاوي
13489,ʾAbī al-ʿAbās Aḥmad b. Muḥammad al-Maqarī,أبي العباس احمد بن محمد المقري
13490,ʾAbī Zakariyyāʾ  Yaḥiyyā b. ʿAlī b. Muḥammad b. al-Ḥasan b. al-Khaṭīb al-Tabrīzī,أبي زكرياء يحيى ابن علي بن محمد بن الحسن بن الخطيب التبريزي
13491,ʾAbī al-Walīd Zīn al-Dīn Khāled b. ʿAbdallāh b. ʾAbī Bakr al-Jarjāwī al-Azharī, أبي الوليد زين الدين خالد ابن عبد الله بن أبي بكر الجرجاوي الازهري 
13492,ʿAbdallāh b. Yaḥiyyā al-Ḥāmidī, عبد الله بن يحيى الحامدي
13493,Saʿīd b. Sulaiyymān al-Samlālī al-Karāmī,سعيد بن سليمان السملالي الكرامي
13494,Jamāl al-Dīn ʾAbī  Muḥammad ʿAbdallāh b. Yūsuf, جمال الدين ابي محمد عبد الله بن يوسف
13495,Muḥammad b. Saʿīd  al-Dīmānī al-Bidālī,محمد ابن سعيد الديماني البدالي 
13496,Aḥmad b. Aḥmad b. ʿAbd al-Ḥaq al-Sanbāṭī, احمد ابن احمد بن عبد الحق السنباطي
13497,ʾAbī  ʿAbdallāh Muḥammad b. Aḥmad al-Ḥaḍīkī, ابي عبد الله محمد بن احمد الحضيكي 
13498,ʿAbd al-Ghanī b. Ismaʿīl al-Nāblsī ,عبد الغني بن اسماعيل النابلسي
13499,Muḥamma b. Muḥammad b. Saīd al-Nās al-Yaʿmorī ,محمد بن محمد ابن سيد الناس اليعمري
13500,ʿAbd Raʾūf Muḥammad b. Tāj al-ʿArifʿīn b. ʿAlī b. Zīn al-ʿAbidīn al-Manawī al-Shāfiʿī, عبد الرءوف محمد بن تاج العارفين بن علي ابن زین العابدين المناوي الشافعي 
13501,l-'Āref billāh 'Abd-l-Raḥīm b. 'Aḥmad 'l-Bar'ī 'l-īmnī,العارف بالله عبد الرحيم بن أحمد البرعي اليمني
13502,Ka'b b. Zahīr b. 'Abī Salmā 'l-Maznī 'l-ṣaḥābī,كعب بن زهير بن أبي سلمى المزني الصحابي 
13503,Shams 'l-Dīn 'Abī 'Abdullāh Muḥammad b. 'Aḥmad b. 'Alī,شمس الدين أبي عبد الله محمد ابن أحمد بن علي 
13504,l-ḥajāj 'l-ḥarīrī,الحجاج الحريري 
13505,Aḥmad Marsīa,احمد مرسية
13506,Abdullāh b. 'As'ad 'l-Īāf'ī,عبد الله بن أسعد اليافعي
13507,Muḥammad b. 'l-ṭīb 'l-'ilmī,محمد بن الطيب العلمي
13508,l-Qāḍī 'Abī 'l-Faḍl 'Aīāḍ b. Mūsā b. 'Aīāḍ 'l-īaḥṣabī 'l-Sabtī,القاضي أبي الفضل عياض بن موسى بن عياض اليحصبي السبتي
13509,Lisān 'l-Dīn Muḥammad b. 'Abdullāh b. 'l-Khaṭīb 'l-Salmānī,لسان الدين محمد بن عبد الله ابن الخطيب السلماني
13510,Abī 'Alī Nūr 'l-Dīn 'l-ḥasan b. Mas'ūd 'l-īūsī,أبي علي نور الدين الحسن بن مسعود اليوسي 
13511,Muḥammad b. 'Aḥmad 'l-Sāḥlī,محمد بن أحمد الساحلي
13512,Abī 'l-ḥasan 'Alī  b. 'Abdullāh 'l-Namīrī 'l-Shashtarī,أبي الحسن علي بن عبد الله النميري الششتري
13513,Muḥammad 'l-Ghāzī,محمد الغازي
13514,Ibrāhīm b. 'Omar 'l-ḥussīnī,ابراهيم بن عمر الحسيني
13515,Muḥammad b. 'Aḥmad b. 'Abī 'l-Jankī,محمد بن أحمد ابن بي الجكني
13516,Abī 'l-ḥāmid 'l-Makī b. Muḥammad b. 'Alī 'l-Baṭāūrī,أبي حامد المكي بن محمد بن علي البطاوري
13517,Abī Mudīn Muḥammad b. 'Aḥmad b. Muḥammad b. 'Abd-l-Qāder 'l-Fāsī,أبي مدين محمد بن أحمد ابن محمد بن عبد القادر الفاسي
13518,Abī 'l-'Abbās Shihāb 'l-Dīn 'Aḥmad b. Muḥammad b. 'Alī b. ḥajr 'l-Makī 'l-Haītmī,أبي العباس شهاب الدين أحمد ابن محمد بن علي بن حجر المكي الهيتمي
13519,ʿAbd al-Raḥmān b. Zīn 'l-'Aābidīn 'l-Bakrī,عبد الرحمن بن زين العابدين البكري
13520,Abī 'l-Faḍl Mas'ūd b. Muḥammad Jmū' 'l-Fāsī,أبي الفضل مسعود ابن محمد جموع الفاسي
13521,Abī 'Abdullāh Muḥammad b. Sa'īd 'l-ṣahnājī ,أبي عبد الله محمد بن سعيد الصهناجي
13522,Abī 'Abdullāh Muḥammad b. ʿAbd al-Raḥmān b. Zakrī ,أبي عبد الله محمد بن عبد الرحمن ابن زكري
13521,Abī 'Abdullāh Muḥammad b. Rashīd 'l-Baghdādī  ,أبي عبد الله محمد بن رشيد البغدادي 
13522,Abī Muḥammad 'Abd-l-Salām b. Burhān 'l-Dīn 'Ibrāhīm 'l-Luqānī      ,أبي محمد عبد السلام بن برهان الدين ابراهيم اللقاني
13523,l-Shīkh 'Alī b. Muḥammad 'l-Maṣrī 'l-Shāf'ī,الشيخ علي بن محمد المصري الشافعي
13524,Abī 'l-Abbās 'Aḥmad b. Muḥammad b. 'Aḥmad 'l-Muqrī 'l-Talmasānī,أبي العباس أحمد ابن محمد بن أحمد المقري التلمساني
13525,l-Shīkh Qā'd b. Mubārak 'l-'ībārī,الشيخ قائد بن مبارك الايباري
13526,Sirāj 'l-Dīn 'Abī 'l-ḥasan 'Alī b. 'Othman 'l-Lūshī 'l-Farghānī 'l-ḥanfī 'l-Mātrīdī,سراج الدين أبي الحسن علي بن عثمان الاوشي الفرغاني الحنفي الماتريدي
13527,Abī 'l-Qāsm b. Abī 'Abdullāh Muḥammad b. Zanūn 'l-'Amūī,أبي القاسم بن أبي عبد الله محمد بن زنون الاموي
13528,Abī Bakr 'Aḥmad b. 'l-ḥussein b. 'Alī b. 'Abdullāh b. Mūsā 'l-Bīhqī 'l-Nīsābūrī,أبي بكر أحمد بن الحسين بن علي بن عبد الله بن موسى البيهقي النيسابوري
13529,Abī 'Abdullāh Muḥammad b. Yūsuf 'l-Snūsī 'l-ḥussnī,أبي عبد الله محمد بن يوسف السنوسي الحسني
13530,Abī 'l-Faḍl Muḥammad 'l-Shāf'ī,أبي الفضل محمد الشافعي
13531,Muḥammad b. Faḍl Allāh 'l-Hindī,محمد بن فضل الله الهندي 
13532,Abd-l-Qāder b. 'Abd-l-Qāder 'l-ḥusseinī 'l-'Adhamī 'l-ṭarābulsī,عبد القادر بن عبد القادر الحسيني الادهمي الطرابلسي
13533,Abī 'l-ṭīb ṭāher b. 'Abdullāh b. ṭāher 'l-ṭabrī,أبي الطيب طاهر بن عبد الله بن طاهر الطبري
13534,Aḥmad b. 'Ibrāhīm 'l-Rahāūī,أحمد بن ابراهيم الرهاوي
13535,l-Shīkh 'Aḥmad 'l-Mīhī 'l-Shabīnī 'l-Nu'mānī,الشيخ أحمد الميهي الشبيني النعماني
13536,l-Shīkh 'Ibrāhīm b. 'Ibrāhīm 'l-Luqānī 'l-Mālikī,الشيخ ابراهيم بن ابراهيم اللقاني المالكي
13537,Saīd b. ʿAbd al-Raḥmān 'l-Wajhānī,سعيد بن عبد الرحمن الوجهاني
13538,Abī Zīd ʿAbd al-Raḥmān b. Muḥammad b. Yūsuf 'l-Fāsī,أبي زيد عبد الرحمن ابن محمد بن يوسف الفاسي
13539,l-Shīkh 'Ibrāhīm b. Muḥammad b. 'Aḥmad 'l-Bājūrī,الشيخ ابراهيم بن محمد بن أحمد الباجوري
13540,Abī 'l-Barakāt 'Aḥmad b. Muḥammad b. 'Aḥmad b. 'Abī ḥāmid 'l-'Adūī 'l-Mālikī,أبي البركات أحمد بن محمد بن أحمد ابن ابي حامد العدوي المالكي 
13541,Muḥammad Muṭāū' 'l-Saḥīmī,محمد مطاوع السحيمي
13542,Muḥammad b. Muḥammad 'l-Shanjīṭī,محمد بن محمد الشنجيطي
13543,Abī 'Abdullāh Muḥammad b. 'Abī Mudīn 'l-Talmasānī,أبي عبد الله محمد بن أبي مدين التلمساني 
13544,ṣafī 'l-Dīn 'Aḥmad b. Muḥammad b. Yūns 'l-Qashāshā 'l-Madnī,صفي الدين أحمد بن محمد بن يونس القشاشى المدني
13545,l-Shīkh Muḥammad b. 'Aḥmad b. Sālem b. Sulīmān 'l-Safārīnī,الشيخ محمد بن أحمد بن سالم بن سليمان السفاريني
13546,Shihāb '-Dīn 'Aḥmad b. ḥajr 'l-hītmī,شهاب الدين أحمد بن حجر الهيتمي 
13547,Sulīmān 'Afandī ,سليمان أفندي
13548,l-Najdī ,النجدي
13549,Muḥammad b. 'Abdullāh 'l-Hamdānī,محمد بن عبد الله الهمداني
13550,l-Shīkh 'Abd-l-'Azīz b. 'Aḥmad 'l-Farghalī 'l-'Anṣārī,الشيخ عبد العزيز بن أحمد الفرغلي الانصاري
13551,l-'Imām 'l-Bakī,الامام البكي
13552,Muḥammad b. 'Abī 'l-Qāsem b. Naṣr 'l-Fajījī 'l-Thūrī,محمد بن أبي القاسم ابن نصر الفجيجي الثوري
13553,Muḥammad b. Bil-Qāsem b. Naṣr 'l-Fajījī ,محمد بن بالقاسم ابن نصر الفجيجي
13554,Muḥammad 'l-Māmūn b. Muḥammad 'l-ḥafṣā 'l-Marākshī ,محمد المامون ابن محمد الحفصى المراكشى
13555,Muḥammad b. Muḥammad b. 'Ibrāhīm 'l-Malālī 'l-Talmasānī,محمد بن محمد بن ابراهيم الملالي التامساني
13556,Abī 'l-Maḥāsin Yūsuf b. Muḥammad b. 'Alī b. Yūsuf 'l-Fāsī 'l-Fahrī ,أبي المحاسن يوسف بن محمد بن علي بن يوسف الفاسي الفهري
13557,Muḥammad b. ʿAbd al-Raḥmān b. Muḥammad b. Zakrī ,محمد بن عبد الرحمن بن محمد بن زكري
13558,Alī b. 'Aḥmad 'l-Shāf'ī 'l-Kūshnī 'l-Malībārī,علي بن أحمد الشافعي الكوشني المليباري
13559,Abī 'l-Faūz 'Aḥmad b. Muḥammad b. Ramaḍān 'l-Marzūqī,أبي الفوز أحمد بن محمد بن رمضان المرزوقي
13560,l-'Imām 'Abī ḥanīfa 'l-Nu'mān,الامام أبي حنيفة النعمان
13561,l-Shīkh Muḥammad b. 'l-ḥasan b. Farqad 'l-Shībānī,الشيخ محمد بن الحسن بن فرقد الشيباني
13562,l-Shīkh 'Abī 'l-Khaṭāb Maḥfūz b. 'Aḥmad b. ḥasan 'l-Klūdhānī 'l-ḥanbalī,الشيخ أبي الخطاب محفوظ بن أحمد ابن حسن الكلوذاني الحنبلي 
13563,ʿAbd al-Raḥmān b. Muḥammad b. Makhlūf 'l-Tha'ālbī,عبد الرحمن ابن محمد بن مخلوف الثعالبي
13564,Muḥammad b. Muḥammad b. 'Abdullāh b. Ya'kūb 'l-Samlālī ,محمد بن محمد ابن عبد الله بن يعقوب السملالي
13565,Abī 'l-Najā' Sharaf 'l-Dīn Mūsā b. 'Aḥmad 'l-ḥajāūī 'l-ḥanbalī,أبي النجاء شرف الدين موسى ابن أحمد الحجاوي الحنبلي
13566,Muḥammad 'l-Shāf'ī 'l-Fajrī,محمد الشافعي الفجري
13567,Muḥammad 'l-Sandī 'l-Madnī,محمد السندي المدني
13568,Kamāl 'l-Dīn Muḥammad b. 'l-Sīd Musṭafā 'l-Bakrī,كمال الدين محمد بن السيد مصطفى البكري
13569,Abī 'Abdullāh Muḥammad b. 'Abīd Allāh 'l-Kasā'ī,أبي عبد الله محمد بن عبيد الله الكسائي 
13570,Muḥammad b. 'Ismāīl 'l-ṣan'ānī,محمد بن اسماعيل الصنعاني
13571,l-Maūlā Khaḍr Bīk 'Aḥmad b. Mūsā b. Shams 'l-Dīn,المولى خضر بك أحمد بن موسى بن شمس الدين
13572,Abī 'l-'Abbās 'Aḥmad b. 'Abdullāh 'l-Jazā'rī,أبي العباس أحمد بن عبد الله الجزائري 
13573,Abd-l-Wahāb b. 'Aḥmad 'l-Sha'rānī,عبد الوهاب ابن أحمد الشعراني
13574,Abī 'l-'Abbās 'Aḥmad b. Muḥammad 'l-Mānūī 'l-Talmasānī b. Zakrī,أبي العباس آحمد ابن محمد المانوي التلمساني ابن زكري
13575,Abī 'l-'Abbās 'Aḥmad b. 'Aḥmad b. 'Īsā Zarūq 'l-Barnūṣī 'l-Fāsā,أبي العباس آحمد بن أحمد بن عيسى زروق البرنوصي الفاسى
13576,l-Shīkh 'Abd-l-Karīm b. 'Ibrāhīm 'l-Jīlī ,الشيخ عبد الكريم بن ابراهيم الجيلي
13577,Abī 'Abdullāh Muḥammad 'l-'Arabī b. Yūsuf 'l-Fāsā,أبي عبد الله محمد العربي بن يوسف الفاسى
13578,Abī Muḥammad 'Abd-l-Wāḥad b. 'Aḥmad b. 'Alī b. 'Aāshr ,أبي محمد عبد الواحد بن أحمد بن علي بن عاشر
13579,Muḥīī 'l-Dīn b. 'Aḥmad 'l-Naḥās,محي الدين بن أحمد النحاس 
13580,Muḥammad b. 'Aḥmad ,محمد بن احمد
13581,Sheikh Hāshim Muḥammad 'l-kbīr 'l-jahnī 'l'azharī,الشيخ هاشم محمد الكبير الجهني الازهري 
13582,Muḥammad Nawawī 'l-Jāwī,محمد نووي الجاوي
13583,Khalid b. Yaḥyā 'l-Jarsafī 'l-Jazūlī,خالد بن يحيى الجرسفي الجزولي
13584,Abd 'l-Raḥmān b. Musṭafā 'l-ḥusseinī 'l-'aīdrūs,عبد الرحمن بن مصطفى الحسيني العيدروس  
13585,Alī b. 'l-ḥāj Sa'd 'l-daqāq,علي بن الحاج سعد الدقاق
13586,Abī 'l-ḥasanʿAlī b. ʿAbdallāh 'l-Shashtarī 'l-Nomīrī 'l-Fāsā,ابي الحسن علي بن عبد الله الششتري النميري الفاسى
13587,Abī 'l-'Abbās 'Aḥmad b. ḥajr 'l-Hutīmī,ابي العباس احمد بن حجر الهتيمي
13588,Sheikh Muḥammad 'l-Ghāzī mn. Āl-Sīdī 'l-Ghāzī bil-Qāsim,الشيخ محمد الغازي من آل سيدي الغازي بلقاسم 
13589,Shehāb 'l-Dīn 'Abī 'l-'Abbās 'Aḥmad b. 'Aḥmad  b. Muḥammad b. 'Īsā Zarūq 'l-baransī 'l-Fāsā,شهاب الدين أبي العباس أحمد بن أحمد بن محمد بن عيسى زروق البرنسي الفاسى 
13590,Sa'aīd b. 'Aḥmad  b. Ibrahīm b. Līūn 'l-Tajībī,سعيد بن أحمد بن ابراهيم ابن ليون التجيبي 
13591,Abī 'l-'Abbās 'Aḥmad b. Muḥammad 'l-Sharīshī 'l-Sūfī,ابي العباس احمد بن محمد الشريشي الصوفي 
13592,Abī Zaid 'Abd 'l-Raḥmān b. Muḥammad b. ʿAbdallāh 'l-'Aiāshī,ابي زيد عبد الرحمن ابن محمد بن عبد الله العايشي
13593,l-'Aāfā b. 'Ismā'aīl b. 'l-ḥasan b. 'l-ḥuseīn b. 'l-Sumāk ,العافى بن اسماعيل بن الحسن بن الحسين بن السماك 
13594,Abī ḥāmid Muḥammad b. Muḥammad 'l-Ghazālī,ابي حامد محمد بن محمد الغزالي
13595,Abī 'l-'Abbās 'Aḥmad b. Muḥammad b. 'Abd-l-Karīm b. 'Aṭā'allah 'l-'Iskandarī 'l-Shādhilī,ابي العباس احمد بن محمد بن عبد الكريم بن عطاء الله الاسكندري الشاذلي
13596,Abī 'l-ḥasanʿAlī b. ʿAbd-l-Jabār 'l-Shādhilī,ابي الحسن علي بن عبد الجبار  الشاذلي
13597,Abī ḥāmid Muḥammad b. Muḥammad b. 'Aḥmad 'l-Ghazālī,ابي حامد محمد بن محمد بن أحمد الغزالي
13598,Abī Bakr Muḥammad b. 'Alī 'l-Muṭū'aī 'l-Nīsābūrī,ابي بكر محمد بن علي المطوعي النيسابوري
13599,Abī ʿAbdallāh Muḥammad 'l-ṭayeb b. Mas'ūd b. 'Aḥmad 'l-Marīnī,ابي عبد الله محمد الطيب بن مسعود بن أحمد المريني
13600,Abd-l-bāqī b. Suleimān 'l-Fārūqī 'l-'Omarī 'l-Mūṣīlī,عبد الباقي بن سليمان الفاروقي العمري الموصلي
13601,Abī Bakr Muḥīī-al-dīn Muḥammad b. 'Alī b. Muḥammad b. 'Aḥmad b. 'Arabī 'l-ḥātimī,ابي بكر محيي الدين محمد بن علي بن محمد بن أحمد بن عربي الحاتمي
13602,Abī 'l-Fīḍ Muḥammad b. Muḥammad b. 'Abd-l-Razāq,ابي الفيض محمد بن محمد بن عبد الرزاق 
13603,Omar b. 'l-Bukhārī 'l-ḥusnī 'l-Marākishī,عمر بن البخاري الحسني المراكشي
13604,Muḥammad b. 'l-Mukhtār b. 'Aḥmad b. 'Abī Bakr 'l-Kntī,محمد بن المختار بن أحمد بن ابي بكر الكنتي
13605,Abī 'l-'Abbās 'Aḥmad b. 'Abd-l-Qāder 'l-'Aiāshī 'l-ḥusnī 'l-Tastāūī,ابي العباس احمد ابن عبد القادر العياشي الحسني التستاوتي
13606,Tāj-l-dīn Abī 'l-Faḍl ,تاج الدين ابي الفضل 
13607,Abī 'l-'Abbās 'Aḥmad b. Yusuf 'l-Rāshidī 'l-Malīānī,ابي العباس احمد بن يوسف الراشدي الملياني
13608,Abī 'l-'ḥasan 'Alī b. 'Abī ṭālib b. Abd-l-muṭalib 'l-Hāshimī 'l-Qurshī,ابي الحسن علي بن ابي طالب بن عبد الله الهاشمي القرشي
13609,Muḥammad 'l-Mūsūm b. Muḥammad b. 'Aḥmad ,محمد الموسوم بن محمد بن أحمد 
13610,Muḥammad b. Ibrahīm b. ʿAbdallāh b. Muḥammad 'l-Nafzī 'l-Randī ,محمد بن ابراهيم بن عبد الله بن محمد النفزي الرندي 
13611,Abū Zaid ʿAbd al-Raḥmān b. 'Abī 'l-Qāsm b. 'Aḥmad 'l-Muṣalā,أبو زيد عبد الرحمن بن ابي القاسم بن احمد المصلى
13612,Ibn 'Abād,ابن عباد 
13613,l-Said 'l-Khaḍer 'l-Soj'ī ,السيد الخضر السجعي
13614,Alī b. Muḥammad 'l-Raḥmānī 'l-Hantafī ,علي بن محمد الرحماني الهنتفي 
13615,Muḥammad b.ʿAbdallāh l-Makūdī 'l-Tāzī ,محمد بن عبد الله المكودي التازي 
13616,Muḥammad Yalnūr b. Suleimān 'Abī ī'azī ,محمد يلنور بن سليمان ابي يعزي 
13617,Abī 'l-'Abbās 'Aḥmad b. 'Aḥmad b. Muḥammad Zarūq ,ابي العباس احمد بن احمد بن محمد زروق
13618,Abī 'l-Qāsim 'Abd-l-Karīm b. Hūāzn b. 'Abd-l-Malik b. ṭalḥa b. Muḥammad 'l-Qashīrī 'l-Nīsābūrī,القاسم عبد الكريم بن هوزان ابن عبد الملك بن طلحة بن محمد القشيري النيسابوري
13619,Abī ʿAbdallāh Muḥammad b. 'Irāq,عبد الله محمد بن عراق
13620,Saīdī 'Aḥmad 'l-Bakāī,سيدي احمد البكاي 
13621,Sheikh 'Abd-l-Ghanī b. 'Ismāīl 'l-Nābulsī,الشيخ عبد الغني بن اسماعيل النابلسي 
13622,Omar b. Sa'īd 'l-Fūtī 'l-ṭūrī 'l-Kadūā,عمر بن سعيد الفوتي الطوري الكدوي 
13623,Abī Muḥammad ʿAbdallāh b. Sa'īd 'l-Yāfi'ī,ابي محمد عبد الله بن سعيد اليافعي 
13624,Abī Mīdan Sh'aīb b. 'Abdallāh b. 'Abd-l-Kāfī 'l-Maṣrī,ابي ميدن شعيب ابن عبد الله بن عبد الكافي المصري 
13625,Abī ʿAbdallāh Muḥammad b.ʿAbdallāh b. Sa'īd b. 'l-Khatīb 'l-Salmānī  Lisān 'l-Dīn ,ابي عبد الله محمد ابن عبد الله بن سعيد بن الخطيب السلماني لسان الدين 
13626,Abī Zaid 'Abd 'l-Raḥmān b. Muḥammad 'l-'Tha'labī ,ابي زيد عبد الرحمن بن محمد الثعلبي 
13627,Muḥammad b. ʿAlī 'l-Khatābī 'l-ḥussnī b. 'l-Snūsī ,محمد بن علي الخطابي الحسني الادريسي ابن السنوسي
13628,Abd-l-Qāder 'l-Maḥmadī b. 'Omar b. ḥabīb 'l-Safadī 'l-Jīlānī,عبد القادر المحمدي بن عمر بن حبيب الصفدي الجيلاني
13629,Shams-l-Dīn 'Abī Abdallāh Muḥammad b. Abī Muḥammad b. 'Alī  'l-Qurshī,شمس الدين ابي عبد الله محمد بن ابي محمد بن علي القرشي
13630,Abī 'l-Faraj 'Abd 'l-Raḥmān b. 'Abī 'l-ḥasan 'Alī b. Muḥammad b. 'Alī b. 'l-Jawzī,ابي الفرج عبد الرحمن بن ابي الحسن علي  بن محمد بن علي ابن الجوزي
13631,Abī 'l-Sālim Abdallāh b. Muḥammad b. 'Abī Bakr 'l-A'iāshī,ابي سالم عبد الله بن محمد بن ابي بكر العياشي
13632,Abī 'l-'Abbās 'Aḥmad 'l-ḥussnī b. Muḥammad b. 'Ajībā 'l-Fāsī,ابي العباس احمد الحسني بن محمد ابن عجيبة الفاسي
13633,Shihāb '-Dīn 'Aḥmad b. 'Abd-l-Qāder ,شهاب الدين أحمد بن عبد القادر 
13634,Abī Abdallāh Muḥammad b. Muḥammad 'l-ḥarāq,ابي عبد الله محمد بن محمد الحراق
13635,Abī 'l-'Abbās 'Aḥmad b. Muḥammad b. 'Ajībā 'l-Fāsī,ابي العباس احمد بن محمد ابن عجيبة الفاسي
13636, 'Aḥmad b. ṣalāḥ l-Dur'ī,احمد بن صلاح الدرعي
13637,Shihāb 'l-Dīn 'Abī ḥafṣ 'Omar b. Muḥammad b. 'Abdallāh 'l-Sahrūrdī,شهاب الدين أبي حفص عمر بن محمد بن عبد الله السهروردي
13638, 'Abī 'Abd 'l-Raḥmān Muḥammad b. 'l-ḥussīn b. Mūsā 'l-Salmī,أبي عبد الرحمن محمد بن الحسين بن موسى السلمي
13639,Muḥammad b. Ibrahīm b. ʿAbdallāh b. Muḥammad 'Ibn 'Abād 'l-Nafzī 'l-Randī ,محمد بن ابراهيم بن عبد الله بن محمد ابن عباد النفزي الرندي 
13640,Muḥammad b. 'Aḥmad 'l-Masanāūī b. Muḥammad b. 'Abī Bakr 'l-Dalā'ī,محمد بن احمد المستناوي بن محمد بن ابي بكر الدلائي
13641,Abū Abdallāh Muṣṭafā b. Muḥammad Fāḍl b. Mā'mīn,ابو عبد الله مصطفى بن محمد فاضل بن مأمين
13642,l-Shīkh Muḥīdīn 'Abd-l-Qāder b. 'Abī ṣāliḥ 'l-Jīlānī,الشيخ محي الدين عبد القادر بن ابي صالح الجيلاني
13643,Abī Muḥammad 'Abd-l-Salām b. 'Aḥmad Jsūs, ابي محمد عبد السلام بن احمد جسوس
13644,Abī 'l-'ḥasan 'Alī b. Muḥammad b. Wafā' 'l-Shādhilī 'l-'Iskandarī l-Wafā'ī,ابي الحسن علي بن محمد بن وفاء الشاذلي الاسكندري الوفائي
13645, 'Abī ḥafs 'Omar b. Abī 'l-'ḥasan 'Alī b. 'l-Murshid b. 'Alī 'l-'ḥamwī ,ابي حفص عمر بن ابي الحسن علي بن المرشد بن علي الحموي 
13646,Idrīs b. 'l-Faqīh 'l-Wazīr Muḥammad b. ʿAbdallāh 'l-A'mrāwī,ادريس بن الفقيه الوزير محمد بن عبد الله العمراوي
13647,Abī 'l-'Qāsem 'l-ṣīrfī,أبي القاسم الصيرفي
13648,Abī Mudīn 'l-Ghūth Shua'īb b. 'l-ḥasan l-'Ansārī,أبي مدين الغوث شعيب بن الحسن الانصاري
13649,l-Mukhtār b. Wadīa',المختار بن وديعة 
13650,Abī ṭālib Muḥammad b. 'Alī b. 'Aṭīa,ابي طالب محمد بن علي بن عطية
13651,l-'Iz Muḥammad b. 'Abd-l-Salām b. 'Aḥmad b. 'Anām 'l-Wā'ẓ 'l-Maqdisī,العز محمد بن عبد السلام بن احمد بن غانم الواعظ المقدسي
13652,Abd-l-Karīm b. 'Ibārhīm 'l-Jīlī 'l-Kīlānī ,عبد الكريم بن ابراهيم الجيلي الكيلاني
13653, 'Abī Zīd 'Abd 'l-Raḥmān b. Aḥmad 'l-Jāmī,أبي زيد عبد الرحمن بن احمد الجامي
13654,Abī 'l-'Abbās 'Aḥmad b. Muḥammad b. Yūsuf 'Ibn 'l-Banā 'l-Tajībī 'l-Sarqasṭī,ابي العباس احمد بن محمد بن يوسف ابن البنا التجيبي السرقسطي 
13655,Abī 'l-'ḥasan 'Alī b. ʿAbdallāh b. 'Abd-l-Jabār 'l-Shādhlī,ابي الحسن علي بن عبد الله بن عبد الجبار الشاذلي
13656, 'Abī Zīd 'Abd 'l-Raḥmān b. Muḥammad 'l-Tha'ālbī,أبي زيد عبد الرحمن بن محمد الثعالبي
13657,Aḥmad b. Yūsuf 'l-Rāshidī 'l-Milīānī,احمد بن يوسف الراشدي الملياني 
13658,Abī 'l-Faraj 'Abd 'l-Raḥmān b. Abī 'l-ḥasan 'Alī b. Muḥammad b. 'Alī 'l-Jawzī ,ابي الفرج عبد الرحمن بن ابي الحسن علي بن محمد بن علي الجوزي
13659,Aḥmad b. Muḥammad b. 'Ibād 'l-Shāf'ī ,احمد بن محمد بن عباد الشافعي
13660,Mansūr b. Muḥammad b. ʿAbdallāh 'l-Jarāwī,منصور ابن محمد بن عبد الله الجراوي
13661,l-habṭī,الهبطي 
13662,Abī ʿAbdallāh Muḥammad b. 'Aḥmad b. Muḥammad b. ʿAbdallāh 'l-Jazulī 'l-ḥaḍīkī,ابي عبد الله محمد بن احمد بن محمد عبد الله الجزولي الحضيكي
13663,Abī Muḥammad  'Abd-l-Qāder b. 'Aḥmad 'l-Kawhan,ابي محمد عبد القادر بن احمد الكوهن  
13664,Abī 'l-Mawāheb 'Abd-l-Wahāb 'l-Sha'rān'ī,ابي المواهب عبد المواهب الشعراني
13665,Abī 'l-'Abbās 'Aḥmad b. 'Abd-l-Qāder 'l-ḥussnī 'l-Tastāūtī,ابي العباس احمد ابن عبد القادر الحسني التستاوتي
13666,Abī ʿAbdallāh Saīdī Muḥammad b. 'l-Madanī  Jnūn,ابي عبد الله سيدي محمد بن المدني جنون
13667,Burhān-l-Dīn 'Ibrāhīm b. 'Ibrāhīm b. ḥasan b. 'Alī 'l-Luqānī 'l-Mālkī ,برهان الدين ابراهيم بن ابراهيم بن حسن بن علي اللقاني المالكي
13668,l-Shīkh 'Abī ḥafs 'Omar b. Ibn 'l-Fāriḍ 'l-'ḥamwī ,الشيخ ابي حفص عمر بن الفارض الحموي 
13669,l-Shīkh Mā' 'l-'Aīnīn b. 'l-Shīkh Muḥammad Fāḍil b. Māmīn,الشيخ ماء العينين ابن الشيخ محمد فاضل بن مامين
13670,Jalāl-l-Dīn 'Aḥmad b. Muḥammad Khīr-l-Dīn l-Karakī 'l-Shāf'ī,جلال الدين احمد بن محمد خير الدين الكركي الشافعي
13671,Abī 'l-Fatḥ 'Alī b. Muḥammad 'l-Bustī,ابي الفتح علي بن محمد البستي
13672,Abī Yaḥīā Zīn 'l-Dīn b. 'Alī b. 'Aḥmad 'l-Mu'abrī 'l-Shāf'ī -l'Kūshnī 'l-Malībārī,ابي يحيى زين الدين ابن علي بن احمد المعبري الشافعي الكوشني المليباري
13673,ʿAbdallāh b. 'Aḥmad Blfaqīh 'l-Bā'ūlī 'l-Yamanī,عبد الله بن احمد بلفقيه الباعولي اليمني
13674,Muḥīī-l-Dīn 'Abī Muḥammad Muṣṭafā b. Kamāl-l-Dīn 'l-Bakrī 'l-ṣadīqī,محيي الدين ابي محمد مصطفى بن كمال الدين البكري الصديقي
13675,l-Shīkh Muḥīī-l-Dīn 'Abd-l-Qāder b. 'Abī ṣāliḥ 'l-Jīlānī ,الشيخ محيي الدين عبد القادر بن أبي صالح الجيلاني
13676,Abī ʿAbdallāh Muḥammad b. 'Irāq,ابي عبد الله محمد بن عراق
13677,Abī 'l-Mawāheb 'Abd-l-Wahāb b. 'Aḥmad b. 'Alī 'l-Sha'rān'ī,ابي المواهب عبد المواهب بن احمد بن علي الشعراني
13678,Aḥmad 'l-Khāḍīr 'Aḥmad 'l-Khaḍr 'Alīh 'l-Salām, احمد الخاضير احمد الخضر عليه السلام
13679,Abī 'l-Futūḥ Yaḥīā b. ḥabash 'l-Sahrūrdī,ابي الفتوح يحيى بن حبش السهروردي
13680,l-Khawārzmī,الخوارزمي
13681,Ab 'l-Maḥāsn Yūsuf b. 'Ismā'īl 'l-Nabhānī,ابي المحاسن يوسف ابن اسماعيل النبهاني
13682,Abī Yaḥīā Zakarīā b. Muḥammad b. 'Aḥmad 'l-'Ansārī 'l-Shāf'ī,ابي يحيى زكريا بن محمد بن أحمد الانصاري الشافعي
13683, 'Abī Zīd 'Abd 'l-Raḥmān b. Muḥammad b. 'Abī Bakr 'l-A'īāshī,أبي زيد عبد الرحمن بن محمد بن ابي بكر العياشي
13684, 'Abī  'Abdallāh Muḥammad b. Sulīmān 'l-Jazūlī,ابي عبد الله محمد بن سليمان الجزولي
13685, 'Abī  'Abdallāh Muḥammad b. Yūsuf 'l-Sunūsī,ابي عبد الله محمد بن يوسف السنوسي
13686,Muḥammad b. Mūsā 'l-Ya'qūbī,محمد بن موسى اليعقوبي
13687,Abd-l-Karīm b. Hūāzin 'l-Qushīrī,عبد الكريم بن هوازن القشيري 
13688,Abī Yaḥīā b. 'l-Sakāk,ابي يحيى ابن السكاك 
13689,Muḥammad b. 'Abī 'l-Faḍl Qāṣm 'l-Ruṣā' 'l-Tūnsī 'l-'Anṣārī,محمد بن ابي الفضل قاسم الرصاع التونسي الانصاري
13690,Abī 'l-'ḥasan 'l-Shādhlī,ابي الحسن الشاذلي
13691,Abī 'l-'Abbās 'Aḥmad b. Thābet l-Maghribī 'l-ḥalabī,ابي العباس احمد بن ثابت المغربي الحلبي
13691,Aḥmad Khalīl b. 'Alī,احمد خليل بن علي
13692,Muḥammad b. 'l-Qāsem 'l-Qandūsī,محمد بن القاسم القندوسي
13693,Omar 'l-Shabrāwī,عمر الشبراوي 
13694,Muḥraz b. Khalaf,محرز بن خلف
13695,Abī Zakarīā Yaḥīā b. Sharaf l-Naūūī,ابي زكريا يحيى بن شرف النووي
13696, Mūlāī 'Abdallāh 'l-Sharīf,مولاي عبد الله الشريف
13697,l-Shīkh 'Abd-l-Kāder 'l-Jīlānī,الشيخ عبد القادر الجيلاني
13698,Muḥammad 'l-Ghāzī 'Al Sīdī 'l-Ghāzī Bil Qāsim,محمد الغازي آل سيدي الغازي بالقاسم 
13699,Abī 'l-Thanā' 'Abd-l-Majīd b. 'Alī b. Muḥammad b. 'Alī 'l-ḥussnī 'l-Manālī,ابي الثناء عبد المجيد بن علي بن محمد بن علي الحسني المنالى
13700,Muḥammad b. 'Abd-l-Kabīr 'l-'Aḥmadī 'l-Kitānī,محمد بن عبد الكبير الاحمدي الكتاني
13701,Muḥammad b. 'Abd-l-Raḥmān b. 'Abī Bakr b. Sulīmān 'l-Jazūlī 'l-Samlālī,محمد بن عبد الرحمن بن أبي بكر بن سليمان الجزولي السملالي
13702,Abd-l-Wāḥad 'l-Tūnsī,عبد الواحد التونسي 
13703,Abī 'l-'Abbās 'Aḥmad b. 'Aḥmad b. 'īssā 'l-Baransī ,ابي العباس احمد بن احمد ابن عيسى البرنسي 
13704,Muḥī 'l-Dīn Muḥammad b. 'l-'Arabī 'l-ḥātimī,محي الدين بن العربي الحاتمي
13705,Muḥammad 'l-Kitānī,محمد الكتاني
13706,Muḥī 'l-Dīn 'Abī 'l-'Arabī 'l-ḥātimī,محي الدين ابي العربي الحاتمي
13707,Aḥad talāmīdh Saīd 'l-Mukhtār 'l-Kintī,احد تلاميذ سيدي المختار الكنتي
13708,l-Shīkh Yūsuf 'l-Nabhānī,الشيخ يوسف النبهاني
13709,Aḥmad 'l-Hība b. Mā' 'l-'Aīnīn,احمد الهيبة بن ماء العينين
13710,Abī ʿAbdallāh Muḥammad b. Muḥammad b. Aḥmad ,ابي عبد الله محمد بن محمد بن أحمد
13711,Abī ʿAbdallāh Muḥammad b. Yūsuf 'l-Sunūsī,ابي عبد الله محمد بن يوسف السنوسي
13711,Abī ʿAbdallāh Muḥammad b. Yūsuf 'l-Sunūsī,ابي عبد الله محمد بن يوسف السنوسي
13712,Abī 'l-'Abbās b. 'Abī Bakr b. Naṣīr 'l-Sahrāūrdī,ابي العباس بن ابي بكر بن نصير السهراوردي
13713,Abī ʿAbdallāh Muḥammad b. 'Abd 'l-Salām b. ḥamdūn 'l-Banānī,ابي عبد الله محمد بن عبد السلام بن حمدون البناني
13714,Abī ʿAbdallāh Muḥammad b. 'l-ṭīb b. Muḥammad l-Madanī l-Fāsī,ابي عبد الله محمد بن الطيب بن محمد المدني الفاسي
13715,Abī Abdallāh Muḥammad b. 'Abd-l-Raḥmān b. Zakarī,ابي عبد الله محمد بن عبد الرحمن بن زكري
13716,Abī 'l-'Abbās 'Aḥmad b. 'Ajībā 'l-Fāsī,ابي العباس احمد بن عجيبة الفاسي
13717, 'Abī Zīd 'Abd 'l-Raḥmān b. Muḥammad 'l-A'īāshī,أبي زيد عبد الرحمن بن محمد العياشي
13718,Abī 'l-'Abbās 'Aḥmad b. Muḥammad 'l-Barnūṣī,ابي العباس احمد بن محمد البرنوصي
13719,Abī 'l-'ḥasan 'Alī b. Yūsuf b. 'Alī 'l-Baṣrī 'l-Shāf'ī,ابي الحسن علي بن يوسف بن علي البصري الشافعي
13720,Shams-l-Dīn 'Abī 'l-Khīr Muḥammad b. Muḥammad b. 'l-Juzrī 'l-Dimashqī 'l-Shīrāzī 'l-Salmī,شمس الدين أبي الخير محمد بن الجزري الدمشقي الشيرازي السلمي
13721,Muṣtafā b. Kamāl 'l-Dīn b. 'Alī 'l-Bakrī 'l-ṣadīqī,مصطفى بن كمال الدين ابن علي البكري الصديقي
13722,Muḥammad b. 'Aḥmad b. 'īssā 'l-Khamsī 'l-Zarūīlī b. ḥīūn,محمد بن احمد بن عيسى الخمسي الزرويلي ابن حيون 
13723,l-'ḥasan b. 'Alī b. ṭalḥa 'l-Shūshāūī 'l-Rajrājī,الحسن بن علي بن طلحة الشوشاوي الرجراجي
13724,Muḥammad b. 'Aḥmad b. 'Abd-l-Raḥmān 'l-Sāḥiī,محمد بن احمد بن عبد الرحمن الساحلي
13725,Abī 'l-'Abbās 'Aḥmad b. 'Abd 'l-'Azīz 'l-Hilālī,ابي العباس احمد بن عبد العزيز الهلالي
13726,Muḥammad b. 'Idrīs 'l-Shāf'ī,محمد بن ادريس الشافعي
13727,Abī 'l-Faḍl 'Aīāḍ b. Mūsā 'Aīāḍ ,ابي الفضل عياض بن موسى عياض
13728,Yaḥyā b. 'Abdallāh l-Dāūdī 'l-Tanānī,يحيى بن عبد الله الداودي التناني
13729, 'Abdallāh b. Muḥammad 'l-Khaīāṭ 'l-Hārūshī,عبد الله بن محمد الخياط الهاروشي
13730, 'l-Saīd 'l-Mukhtār b. 'Abī Bakr 'l-Kabīr 'l-Kintī,السيد المختار بن ابي بكر الكبير الكنتي
13731,Abī Abdallāh Muḥammad b. Ibrahīm b. ʿAbdallāh b. 'Abād 'l-Nafzī 'l-Randī ,ابي عبد الله محمد بن ابراهيم بن عبد الله بن عباد النفزي الرندي 
13732,Sulīmān b.'Omar b. Mansūr 'l-'Ajīlī 'l-Shāf'ī 'l-'Azharī,سليمان بن عمر بن منصور العجيلي الشافعي الازهري
13733,Abdallāh b. 'Abbās b. 'Abd-l-Muṭalib ,عبد الله بن عباس بن عبد المطلب
13734,l-Shīkh Nūr-l-Dīn b. 'Abī Abdallāh Muḥammad b. Salāma 'l-Dumīāṭī,الشيخ نور الدين أبي عبد الله محمد بن سلامة الدمياطي 
13735,Muḥammad b. 'Abī Sa'īd,محمد بن ابي سعيد
13736,Abī 'l-Qāsm 'Abd 'l-Raḥmān b. Abdallāh b. 'Aḥmad 'l-Suhīlī 'l-Khath'amī,ابي القاسم عبد الرحمن بن عبد الله بن احمد السهيلي الخثعمي
13737,l-Shīkh Saīdī īstasqī,الشيخ سيدي يستسقي
13738,Shams-l-Dīn 'Abī 'Abdallāh Muḥammad b. Salāma b. 'Abd-l-Jūād 'Abī 'l-S'ūd b. 'Abī 'l- Nūr 'l-Dumīāṭī,شمس الدين ابي عبد الله محمد بن سلامة بن عبد الجواد أبي السعود بن أبي النور الدمياطي 
13739,Imām ḥijat 'l-'Islām 'Abī ḥāmid Muḥammad b. Muḥammad 'l-ṭūsī 'l-Ghazālī,الامام حجة الاسلام أبي حامد محمد بن محمد الطوسي الغزالي
13740,Abī 'l-Faḍl Yūsuf b. Muḥammad b. 'Alī b. 'l-Naḥūī 'l-Tūzrī ,أبي الفضل يوسف بن محمد بن علي بن النحوي التوزري
13741,l-Shīkh 'Abī 'l-'Abbās 'Aḥmad b. 'Abī 'Abdallāh Muḥammad b. 'l-Mukhtār 'l-Tajānī ,الشيخ ابي العباس احمد بن أبي عبد الله محمد ابن المختار التجاني
13742,l-Shīkh Muḥīī 'l-Dīn 'Abd-l-Qāder b. 'Abī ṣaliḥ 'Abdallāh b. Mūsā 'l-Jīlānī 'l-ḥanbalī,الشيخ محي الدين عبد القادر بن ابي صالح عبد الله بن موسى الجيلاني الحنبلي
13743,Abī Muḥammad 'Abd-l-Salām b. Mashīsh b. 'Abī Bakr b. 'Aḥmad 'l-ḥussnī 'l-'Idrīssī  ,ابي محمد عبد السلام بن مشيش بن ابي بكر بن احمد الحسني الادريسي
13744,Abī 'l-'Abbās 'Aḥmad b. 'Abd-l-Qāder 'l-Tastāūtī,أبي العباس أحمد بن عبد القادر التستاوتي
13745,Abī 'l-'Abbās 'Aḥmad b. 'īssā 'l-Barnūsī,أبي العباس أحمد بن عيسى البرنوسي
13746,Abī 'Abdallāh Muḥammad b. 'Aḥmad Mīāra,أبي عبد الله محمد بن أحمد ميارة 
13746,Abī 'Abdallāh Muḥammad b. 'Aḥmad Mīāra,أبي عبد الله محمد بن أحمد ميارة 
13747,Abī Sālim 'Ibrāhīm b. 'Abī 'l-Qāsm 'l-Samlālī ,أبي سالم ابراهيم ابن أبي القاسم السملالي 
13748,Abī 'l-Khīrāt Muḥammad 'l-Musṭafā b. 'Abdallāh b. Mūsā 'l-Ramāṣī,أبي الخيرات محمد المصطفى بن عبد الله بن موسى الرماصي
13749,Abī 'Abdallāh Muḥammad b. Muḥammad b. 'Abdallāh b. 'l-ḥussīn 'l-dhur'ī,أبي عبد الله محمد بن محمد بن عبد الله الحسين الذرعي
13750,Abī 'Alī 'l-ḥasan b. Mas'ūd 'l-Yūsī,ابي علي الحسن بن مسعود اليوسي
13751,l-Mukhtār  'Aḥmad b. 'Abī Bakr 'l-Kintī 'l-Wāfī,المختار أحمد بن ابي بكر الكنتي الوافي
13752,Fuqahā' Gharnāṭa,فقهاء غرناطة
13753,Alī b. īaḥīā 'l-Hūārī 'l-Mulālqī,علي بن يحيى الهواري الملاقي
13754,Abī 'Omrān 'l-Fāsī,ابي عمران الفاسي
13755,Abī 'l-ḥasan 'Aḥmad b. īaḥīā b. Muḥammad 'l-Talmasānī 'l-ūnshrīsī,أبي الحسن أحمد بن يحيى ابن محمد التلمساني الونشريسي
13756,Alī b. 'Abdallāh 'l-Lukhmī 'l-Mutīṭī,علي بن عبد الله اللخمي المتيطي
13757, 'Abī 'Alī 'l-ḥasan b. Riḥāl 'l-Ma'dānī,أبي علي الحسن بن رحال المعداني
13758, 'Abī 'l-ḥajāj 'l-'Aqsarī,أبي الحجاج الاقصري
13759,Yūsuf 'l-Zūābī,يوسف الزوابي
13760,Sibāq 'l-Dīn 'Abī Bakr īaḥīā b. 'Omar b. Sa'dūn b. Tamām b. Muḥammad 'l-'azdī 'l-Qarṭabī,سابق الدين أبي بكر يحيى بن عمر بن سعدون بن تمام ابن محمد الازدي القرطبي
13761,Abī 'l-ḥasan 'Alī b. Muḥammad b. Alī 'l-Qurshī 'l-Qalṣādī,أبي الحسن علي بن محمد بن علي القرشي القلصادي
13762, 'Alī b. 'Abd-l-ṣādiq b. 'Aḥmad b. 'Abd-l-ṣādiq 'l-Jabālī,علي بن عبد الصادق ابن أحمد بن عبد الصادق الجبالي
13763, 'Abū 'Abdallāh Muḥammad b. 'Abd-l-Bāqī 'l-Zarqānī,أبو عبد الله محمد بن عبد الباقي الزرقاني
13764,Abī 'l-'Abbās 'Aḥmad b. Qāsm b. 'Abd 'l-Raḥmān 'l-Jadhamī 'l-Fāsī,أبي العباس أحمد بن قاسم بن عبد الرحمن الجذامي الفاسي
13765,Muḥammad b. 'Ibrāhīm 'l-Lukhmī b. 'l-Rāmī 'l-Banā',محمد بن ابراهيم اللخمي بن الرامي البناء
13765,Muḥammad b. 'Ibrāhīm 'l-Lukhmī b. 'l-Rāmī 'l-Banā',محمد بن ابراهيم اللخمي بن الرامي البناء
13766, 'Abī 'Abdallāh Muḥammad b. Muḥammad b. Muḥammad b.'Aḥmad Mīāra ,أبي عبد الله محمد بن محمد بن محمد بن أحمد ميارة
13767, 'Abī Muḥammad 'Abd-l-Salām b 'l-ṭīb 'l-Qādirī,أبي محمد عبد السلام بن الطيب القادري
13768,Abī 'l-Qāsm b. Sa'īd l-'Amīrī l-Tādilī,أبي القاسم بن سعيد العميري التادلي
13769,Abī 'l-'Abbās 'Aḥmad b. 'īdrīs 'l-ṣanhājī 'l-Bahnasī 'l-Maṣrī ,أبي العباس أحمد بن  أدريس الصنهاجي البهنسي المصري 
13770, 'Abī Muḥammad 'Abdallāh b. Muḥammad b. 'l-Said 'l-baṭlīūṣī 'l-Naḥūī 'l-'Andalusī ,أبي محمد عبد الله بن محمد بن السيد البطليوسي النحوي الاندلسي
13771,Abī 'l-'Abbās 'Aḥmad b. Sulīmān 'l-Rasmūkī ,أبي العباس أحمد بن سليمان الرسموكي
13772,Abī 'Abdallāh b. Muḥammad b. 'Aḥmad Banīs,أبي عبد الله محمد بن أحمد بنيس
13773,Abī 'l-ḥasan 'Alī b. 'Abd-l-Salām b. 'Alī 'l-Tasūlī ,أبي الحسن علي ابن عبد السلام بن علي التسولي
13774, 'Abī 'Abdallāh Muḥammad b. Yūsuf b. 'Abī 'l-Qāsm 'l-'Abdarī 'l-Gharnāṭī,أبي عبد الله محمد بن يوسف ابن أبي القاسم العبدري
13775, 'Ibād b. Sarḥān b. Muslm b. Sīd 'l-Nās 'l-Ma'āfirī,عباد بن سرحان بن مسلم بن سيد الناس المعافري
13776, 'Abī 'Omrān b. 'Abī 'Alī 'l-Zanātī,أبي عمران بن أبي علي الزناتي
13777, 'Abī Bakr b. 'l-'īsar,أبي بكر بن الايسر
13778,Muḥammad 'Amīn,محمد امين 
13779,Abd-l-Wāḥad b. 'Abī 'l-Sadād 'l-Bāhlī,عبد الواحد بن أبي السداد الباهلي
13780,Yaḥyā b. 'Abdallāh b. Yaḥyā b. Muḥammad b. Zakarīā,يحيى بن عبد الله بن يحيى بن محمد بن زكريا 
13781, 'Abī Sa'īd Faraj b. Qāsm b. Lub  'l-Gharnāṭī,أبي سعيد فرج بن قاسم بن لب الغرناطي
13782,Abī 'Abdallāh Muḥammad b. 'Abd-l-Karīm 'l-Mughīlī,أبي عبد الله محمد بن عبد الكريم المغيلي
13783,Abī 'Abdallāh Muḥammad b. 'Abī 'l-Qāsm b. īa'īsh,أبي عبد الله محمد بن أبي القاسم بن يعيش 
13784,Burhān 'l-Dīn 'Ibrāhīm b. 'Alī ,برهان الدين ابراهيم بن علي 
13785,Abī 'l-'Abbās 'Aḥmad b. Muḥammad 'l-Būya'qūbī 'l-Malūī,أبي العباس أحمد بن محمد البويعقوبي الملوي
13786,Abdallāh b. 'Abdul Raḥmān,عبد الله  بن عبد الرحمن
13787,Abī 'Abdallāh 'l-Shīkh Muḥammad 'l-Tāūdī b. 'l-ṭālb b. Sūda 'l-Marī,أبي عبد الله الشيخ محمد التاودي بن الطالب بن سودة المري
13788,Abī 'Abdallāh Muḥammad b. 'Aḥmad b. Muḥammad Mīāra,أبي عبد الله محمد بن أحمد بن محمد ميارة
13789,Abī 'l-ḥasan 'Alī b. 'Abdul Raḥmān b. Hadhīl 'l-'Andalusī,أبي الحسن علي بن عبد الرحمن بن هذيل الاندلسي
13790,Abī ḥafṣ 'Omar b. 'Abdallāh 'l-Fāsī,أبي حفص عمر بن عبد الله الفاسي
13791,Abī Bakr Muḥammad b. 'Abī Yaḥyā Muḥammad b. Muḥammad b. 'Aṣm,أبي بكر محمد بن أبي يحيى محمد بن محمد بن عاصم 
13792,Abī 'l-ḥasan 'Alī b. Nāṣr 'l-Manūfī 'l-Maṣrī 'l-Shāf'ī,أبي الحسن علي بن ناصر المنوفي المصري الشافعي
13793,Abī 'Abdallāh Muḥammad b. 'Aḥmad b. Muḥammad 'l-Gharnāṭī,أبي عبد الله محمد بن أحمد بن محمد الغرناطي 
13794,Abī 'Abdallāh Muḥammad 'l-Tāūdī b. 'l-ṭālb b. Muḥammad b. 'Alī b. Sūda 'l-Marī,أبي عبد الله محمد التاودي بن الطالب بن محمد بن علي بن سودة المري
13795,Muḥammad b. 'Alī 'l-Tāzī,محمد بن علي التازي
13796,Muḥammad b. 'Aḥmad b. Muḥammad Maīāra,محمد ابن أحمد بن محمد ميارة 
13797,Abī 'Abdallāh Muḥammad b. 'Aḥmad b. Muḥammad Banīs,أبي عبد الله محمد بن أحمد بن محمد بنيس 
13798,Muḥammad b. 'Alī b. 'Ibrāhīm 'Akbal 'l-'Andzālī 'l-Sūsī,محمد بن علي بن ابراهيم اكبل الاندزالي السوسي
13799,Abī 'Abdallāh Muḥammad b. 'Ibrāhīm b. Khalīl 'l-Tatā'ī,أبي عبد الله محمد بن ابراهيم بن خليل التتائي 
13800,Abī 'l-ḍīā'  Khalīl b. 'Isḥāq b. Mūsā 'l-Mālikī,أبي الضياء خليل بن اسحق بن موسى المالكي
13801,Sālim b. Muḥammad 'Izz 'l-Dīn b. Naṣr 'l-Dīn 'Abī 'l-Najā' 'l-Sanhūrī,سالم ابن محمد عز الدين أبي النجاء السنهوري
13802,Abī Zaid 'Abd 'l-Raḥmān b. 'Abd 'l-Qāder b. 'Alī 'l-Fāsī 'l-Majājī,أبي زيد عبد الرحمن بن عبد القادر بن علي الفاسي المجاجي
13803,Tāj 'l-Dīn 'Abī 'l-Naṣr 'Abd-l-Wahāb b. 'Alī b. 'Abd-l-Kāfī 'l-Sabkī 'l-Shāf'ī,تاج الدين أبي النصر عبد الوهاب بن علي ابن عبد الكافي السبكي الشافعي
13804,Abī 'l-'Abbās 'Aḥmad b. Muḥammad 'l-Khīāṭ ,أبي العباس أحمد بن محمد بن الخياط
13805,Alī b. 'Abd-l-Salām 'l-Tasūlī,علي بن عبد السلام التسولي
13806,Abī 'Abdallāh Muḥammad b. 'Aḥmad 'l-Dalā'lī,أبي عبد الله محمد بن أحمد الدلائلي
13807,Abd-l-'Azīz b. 'Abī 'l-ḥasan b. Yūsuf Mahdī 'l-Zīātī,عبد العزيز بن أبي الحسن بن يوسف مهدي الزياتي
13808,Aḥmad b. 'Alī b. 'Aḥmad b. Muḥammad 'l-Shadādī 'l-ḥusnī,أحمد بن علي بن أحمد بن محمد الشدادي الحسني
13809, 'Abī 'l-ḥasan 'Alī b. Riḥāl 'l-Ma'danī,أبي الحسن علي بن رحال المعدني
-,Unknown,غير مذكور
-,Unknown ,غير مذكور
-,Unknown ,غير مذكور
13810,Ya'kūb Bāshā b. Khaḍrabk b. Jalāl 'l-Dīn ,يعقوب باشا بن خضربك بن جلال الدين 
13811,Abī 'l-'Abbās 'Aḥmad b. 'Aḥmad Bābā 'l-ṣanhājī 'l-Tambaktī 'l-Sūdānī,أبي العباس أحمد بن أحمد بابا الصنهاجي التمبكتي السوداني
13812,Abī 'Abdallāh Muḥammad 'l-Tāūdī b. 'l-ṭālb b. Muḥammad b. 'Alī b. Sūda 'l-Marī,أبي عبد الله محمد التاودي بن الطالب بن محمد بن علي بن سودة المري
13813,Aḥmad b. Sulīmān 'l-Jazūlī 'l-Rasmūkī,أحمد بن سليمان الجزولي الرسموكي
13814,Abī 'l-Līth Naṣr b. Muḥammad b. 'Aḥmad b. 'Ibrāhīm 'l-Samarqandī,أبي الليث نصر بن محمد بن أحمد بن ابراهيم السمرقندي
13815,Abī 'Alī 'l-ḥasan b. Dāūūd b. Balqāsm b. 'l-ḥāj Muḥammad b. Yaḥyā 'l-Rasmūkī 'l-Taghtīnī,أبي علي الحسن ابن داوود بن بلقاسم بن الحاج محمد بن يحيى الرسموكي التغتيني
13816,Abī 'Abdallāh Muḥammad b. 'Aḥmad 'l-Fāsī ,أبي عبد الله محمد بن أحمد الفاسي 
13816,Abī 'Abdallāh Muḥammad b. 'Aḥmad 'l-Fāsī ,أبي عبد الله محمد بن أحمد الفاسي 
13817,Alā' 'l-Dīn Muḥammad b. 'Alī b. Muḥammad 'l-ḥaṣkafī,علاء الدين محمد بن علي ابن محمد الحصفكي
13818,l-Kamāl b. 'Abī Sharīf,الكمال بن أبي الشريف
13819,Abī Zakarīā Yaḥyā b. 'Aḥmad b. 'Abdallāh 'l-Maghīlī 'l-Mazūnī,أبي زكرياء يحيى بن أحمد بن عبد الله المغيلي المزوني
13820,Abī 'Abdallāh Muṣṭafā Muḥammad Fāḍl b. Māmīn ,أبي عبد الله مصطفى محمد فاضل بن مامين
13821,Abī Muḥammad 'Abdallāh b. 'Abī Zīd 'l-Qīrūānī,أبي محمد عبد الله بن أبي زيد القيرواني
13822,l-'Imām 'l-'Aīnī,الامام العيني
